Age,Height,Weight,Gender_Female,Gender_Male,family_history_with_overweight_no,family_history_with_overweight_yes,FAVC_no,FAVC_yes,FCVC_1,FCVC_2,FCVC_3,NCP_1,NCP_2,NCP_3,NCP_4,CAEC_Always,CAEC_Frequently,CAEC_Sometimes,CAEC_no,SCC_no,SCC_yes,FAF_0,FAF_1,FAF_2,FAF_3,TUE_0,TUE_1,TUE_2,CALC_Always,CALC_Frequently,CALC_Sometimes,CALC_no,NObeyesdad
-0.5217412208658921,-0.8755893428985058,-0.8625581878787723,True,False,False,True,True,False,False,True,False,False,False,True,False,False,False,True,False,True,False,True,False,False,False,False,True,False,False,False,False,True,Normal_Weight
-0.5217412208658921,-1.9475992778306654,-1.1680769935237438,True,False,False,True,True,False,False,False,True,False,False,True,False,False,False,True,False,False,True,False,False,False,True,True,False,False,False,False,True,False,Normal_Weight
-0.2070567302236356,1.0540285399793792,-0.36609012870569374,False,True,False,True,True,False,False,True,False,False,False,True,False,False,False,True,False,True,False,False,False,True,False,False,True,False,False,True,False,False,Normal_Weight
0.42231225106087744,1.0540285399793792,0.015808378350520555,False,True,True,False,True,False,False,False,True,False,False,True,False,False,False,True,False,True,False,False,False,True,False,True,False,False,False,True,False,False,Overweight_Level_I
-0.36439897554476386,0.8396265529929473,0.12273996032626044,False,True,True,False,True,False,False,True,False,True,False,False,False,False,False,True,False,True,False,True,False,False,False,True,False,False,False,False,True,False,Overweight_Level_II
0.736996741703134,-0.8755893428985058,-1.282646545640608,False,True,True,False,False,True,False,True,False,False,False,True,False,False,False,True,False,True,False,True,False,False,False,True,False,False,False,False,True,False,Normal_Weight
-0.2070567302236356,-2.162001264817097,-1.2062668442293651,True,False,False,True,False,True,False,False,True,False,False,True,False,False,False,True,False,True,False,False,True,False,False,True,False,False,False,False,True,False,Normal_Weight
-0.36439897554476386,-0.6611873559120762,-1.282646545640608,False,True,True,False,True,False,False,True,False,False,False,True,False,False,False,True,False,True,False,False,False,False,True,True,False,False,False,False,True,False,Normal_Weight
-0.049714484902507336,0.8396265529929473,-0.8625581878787723,False,True,False,True,False,True,False,False,True,False,False,True,False,False,False,True,False,True,False,False,True,False,False,False,True,False,False,True,False,False,Normal_Weight
-0.36439897554476386,0.1964205920336515,-0.7097987850562866,False,True,False,True,False,True,False,True,False,False,False,True,False,False,False,True,False,True,False,False,True,False,False,False,True,False,False,False,False,True,Normal_Weight
0.2649700057397492,1.590033507445459,0.7032256910517063,False,True,False,True,False,True,False,False,True,False,False,True,False,False,True,False,False,True,False,False,False,True,False,False,False,True,False,False,True,False,Obesity_Type_I
-0.5217412208658921,0.1964205920336515,-0.2515205765888294,True,False,False,True,False,True,False,True,False,False,False,True,False,False,True,False,False,False,True,False,False,True,False,False,True,False,False,False,True,False,Overweight_Level_II
-0.36439897554476386,-0.5539863624188602,-1.1680769935237438,False,True,True,False,True,False,False,False,True,False,False,True,False,False,False,True,False,True,False,False,False,True,False,True,False,False,False,False,True,False,Normal_Weight
2.6251036855566734,1.0540285399793792,0.4740865868179777,False,True,True,False,False,True,False,True,False,False,False,True,False,False,False,True,False,True,False,False,False,True,False,False,True,False,False,True,False,False,Obesity_Type_I
-0.2070567302236356,0.7324255594997313,-1.015317590701258,False,True,False,True,False,True,False,False,True,True,False,False,False,False,False,True,False,True,False,False,True,False,False,False,True,False,False,False,True,False,Normal_Weight
-0.36439897554476386,-0.017981394952780436,-0.7861784864675294,True,False,False,True,True,False,False,False,True,False,False,True,False,True,False,False,False,False,True,False,False,True,False,False,True,False,False,False,True,False,Normal_Weight
0.42231225106087744,2.4476414553911843,0.588656138934842,False,True,False,True,False,True,False,True,False,True,False,False,False,False,False,True,False,True,False,False,True,False,False,True,False,False,False,False,True,False,Overweight_Level_II
0.736996741703134,-1.8403982843374496,-0.3279002780000723,True,False,True,False,False,True,False,True,False,True,False,False,False,False,False,True,False,True,False,True,False,False,False,True,False,False,False,False,False,True,Obesity_Type_I
0.8943389870242623,0.08921959854043553,-0.17514087517758659,True,False,False,True,False,True,False,False,True,False,False,False,True,False,True,False,False,True,False,True,False,False,False,True,False,False,False,False,False,True,Overweight_Level_II
-0.2070567302236356,-0.5539863624188602,-0.6334190836450437,True,False,False,True,True,False,False,True,False,True,False,False,False,False,False,True,False,True,False,True,False,False,False,True,False,False,False,False,True,False,Overweight_Level_I
-0.36439897554476386,-0.5539863624188602,-0.2515205765888294,False,True,False,True,True,False,False,True,False,False,False,True,False,False,False,True,False,True,False,False,False,False,True,False,False,True,False,False,False,True,Overweight_Level_II
4.355868384089084,-0.1251823884459964,0.015808378350520555,True,False,False,True,False,True,False,False,True,True,False,False,False,False,False,True,False,True,False,True,False,False,False,True,False,False,False,False,False,True,Obesity_Type_I
-0.36439897554476386,-0.5539863624188602,-1.015317590701258,True,False,False,True,False,True,False,False,True,False,False,True,False,False,False,True,False,True,False,False,True,False,False,True,False,False,False,False,True,False,Normal_Weight
-0.36439897554476386,-1.0899913298849377,-0.17514087517758659,True,False,False,True,False,True,True,False,False,True,False,False,False,False,False,True,False,True,False,True,False,False,False,False,False,True,False,False,True,False,Obesity_Type_I
-0.5217412208658921,1.590033507445459,-0.7097987850562866,False,True,False,True,False,True,False,True,False,False,False,True,False,False,False,True,False,True,False,True,False,False,False,False,True,False,False,False,True,False,Normal_Weight
-0.6790834661870204,-1.0899913298849377,-1.3972160977574724,False,True,False,True,True,False,False,True,False,False,False,False,True,False,True,False,False,True,False,False,False,False,True,False,False,True,False,False,False,True,Normal_Weight
-0.5217412208658921,-0.017981394952780436,-0.8243683371731508,False,True,False,True,False,True,False,True,False,True,False,False,False,False,True,False,False,True,False,False,True,False,False,False,False,True,True,False,False,False,Normal_Weight
-0.2070567302236356,-1.0899913298849377,-1.3208363963462295,True,False,True,False,False,True,False,True,False,False,False,False,True,False,True,False,False,True,False,False,False,True,False,False,True,False,False,False,True,False,Normal_Weight
-0.8364257115081487,0.5180235725132994,-0.40427997941131516,False,True,False,True,False,True,False,False,True,False,False,True,False,False,False,True,False,False,True,False,False,False,True,False,True,False,False,False,True,False,Normal_Weight
-0.2070567302236356,-0.23238338193921237,-0.6334190836450437,False,True,True,False,False,True,False,True,False,False,False,True,False,False,False,True,False,True,False,False,False,True,False,False,False,True,False,True,False,False,Normal_Weight
0.736996741703134,0.7324255594997313,-0.13695102447196517,False,True,True,False,False,True,True,False,False,False,False,False,True,False,True,False,False,True,False,True,False,False,False,False,True,False,False,False,False,True,Overweight_Level_I
1.0516812323453906,-1.3043933168713697,-0.7097987850562866,True,False,False,True,True,False,False,True,False,True,False,False,False,False,False,True,False,True,False,False,True,False,False,True,False,False,False,False,True,False,Overweight_Level_II
-0.049714484902507336,0.7324255594997313,-0.40427997941131516,True,False,True,False,True,False,False,True,False,False,False,True,False,False,False,True,False,True,False,False,True,False,False,False,True,False,False,False,True,False,Normal_Weight
2.3104191949144166,0.9468275464861633,0.13037793046738483,False,True,True,False,True,False,False,True,False,True,False,False,False,False,False,True,False,True,False,True,False,False,False,True,False,False,False,False,True,False,Overweight_Level_II
-0.36439897554476386,-0.5539863624188602,-0.9389378892900152,False,True,True,False,False,True,False,True,False,False,False,False,True,False,True,False,False,True,False,False,False,True,False,True,False,False,False,False,True,False,Normal_Weight
-0.5217412208658921,-2.162001264817097,-0.8243683371731508,True,False,False,True,True,False,False,True,False,False,False,True,False,False,False,True,False,True,False,False,False,True,False,False,False,True,False,False,True,False,Overweight_Level_II
-0.36439897554476386,-1.5187953038578017,-1.4354059484630937,True,False,True,False,False,True,False,True,False,False,False,True,False,False,False,True,False,False,True,False,False,True,False,True,False,False,False,False,False,True,Normal_Weight
-0.5217412208658921,-1.0899913298849377,-1.4735957991687152,True,False,True,False,False,True,False,True,False,False,False,True,False,False,False,True,False,True,False,False,True,False,False,True,False,False,False,False,True,False,Normal_Weight
-0.2070567302236356,-0.5539863624188602,-0.747988635761908,False,True,False,True,False,True,False,True,False,False,False,True,False,False,False,True,False,True,False,False,True,False,False,False,True,False,False,False,True,False,Normal_Weight
-0.5217412208658921,0.5180235725132994,0.05399822905614198,True,False,False,True,False,True,False,True,False,False,False,True,False,False,False,True,False,True,False,False,False,False,True,True,False,False,False,False,True,False,Overweight_Level_II
-0.5217412208658921,-0.3395843754324283,-0.4424698301169366,True,False,False,True,False,True,False,True,False,False,False,True,False,False,False,True,False,True,False,False,True,False,False,True,False,False,False,False,True,False,Overweight_Level_I
-0.2070567302236356,-0.23238338193921237,-1.015317590701258,False,True,True,False,True,False,False,True,False,False,False,False,True,False,True,False,False,True,False,True,False,False,False,True,False,False,False,False,False,True,Normal_Weight
-0.5217412208658921,-0.4467853689256443,-0.8625581878787723,True,False,False,True,False,True,True,False,False,False,False,True,False,False,False,True,False,True,False,True,False,False,False,True,False,False,False,False,False,True,Normal_Weight
-0.5217412208658921,-0.4467853689256443,-0.9389378892900152,False,True,False,True,False,True,False,True,False,False,False,True,False,False,False,True,False,True,False,False,True,False,False,False,True,False,False,True,False,False,Normal_Weight
-0.5217412208658921,1.1612295334725953,-0.2515205765888294,False,True,True,False,True,False,True,False,False,False,False,True,False,False,False,False,True,True,False,False,False,True,False,True,False,False,False,False,False,True,Normal_Weight
-0.5217412208658921,-1.8403982843374496,-0.8243683371731508,True,False,False,True,True,False,False,True,False,False,False,True,False,False,False,True,False,True,False,True,False,False,False,False,True,False,False,False,False,True,Overweight_Level_II
-0.5217412208658921,1.2684305269658112,-0.5570393822338009,False,True,False,True,False,True,True,False,False,False,False,True,False,False,True,False,False,True,False,False,False,True,False,True,False,False,False,False,True,False,Normal_Weight
-0.5217412208658921,0.5180235725132994,-0.5570393822338009,False,True,False,True,False,True,True,False,False,False,False,True,False,False,True,False,False,True,False,False,False,True,False,True,False,False,False,False,True,False,Normal_Weight
-0.6790834661870204,-0.4467853689256443,-1.015317590701258,True,False,False,True,True,False,False,False,True,False,False,True,False,False,False,True,False,True,False,False,True,False,False,True,False,False,False,False,True,False,Normal_Weight
-0.5217412208658921,-1.6259962973510176,-1.3972160977574724,True,False,True,False,False,True,False,True,False,False,False,True,False,False,False,True,False,True,False,True,False,False,False,True,False,False,False,False,True,False,Normal_Weight
-0.5217412208658921,-0.9827903363917218,-1.225361769582176,True,False,False,True,False,True,False,False,True,False,False,True,False,False,False,True,False,True,False,True,False,False,False,False,True,False,False,False,True,False,Normal_Weight
-0.6790834661870204,-2.162001264817097,-1.6263552019912009,True,False,True,False,False,True,False,True,False,False,False,True,False,False,False,True,False,True,False,True,False,False,False,True,False,False,False,False,True,False,Normal_Weight
-0.2070567302236356,-0.6611873559120762,-1.3208363963462295,True,False,True,False,False,True,False,False,True,True,False,False,False,False,False,True,False,True,False,False,False,True,False,False,False,True,False,False,False,True,Normal_Weight
-0.2070567302236356,-0.7683883494052922,-1.2062668442293651,True,False,False,True,True,False,False,False,True,False,False,True,False,False,False,False,True,False,True,False,False,True,False,False,True,False,False,False,False,True,Normal_Weight
-0.36439897554476386,-1.0899913298849377,-1.2062668442293651,True,False,True,False,True,False,False,False,True,False,False,False,True,True,False,False,False,True,False,False,False,True,False,True,False,False,False,False,False,True,Normal_Weight
-0.2070567302236356,-0.23238338193921237,-0.9389378892900152,False,True,True,False,True,False,False,True,False,False,False,False,True,False,True,False,False,True,False,True,False,False,False,True,False,False,False,False,True,False,Normal_Weight
-0.36439897554476386,-0.017981394952780436,-0.6334190836450437,False,True,False,True,False,True,False,True,False,False,False,True,False,False,False,True,False,True,False,True,False,False,False,False,True,False,False,False,True,False,Normal_Weight
-0.5217412208658921,-0.6611873559120762,-0.8243683371731508,False,True,False,True,True,False,False,True,False,False,False,True,False,False,False,True,False,True,False,True,False,False,False,False,True,False,False,False,False,True,Normal_Weight
-1.1511102021504052,-0.5539863624188602,-0.747988635761908,True,False,False,True,False,True,False,False,True,True,False,False,False,False,False,True,False,True,False,False,True,False,False,False,True,False,False,False,False,True,Normal_Weight
-0.6790834661870204,0.6252245660065153,-1.2062668442293651,False,True,False,True,False,True,False,True,False,False,False,False,True,False,False,True,False,True,False,False,False,True,False,False,False,True,False,False,False,True,Insufficient_Weight
-0.5217412208658921,-1.6259962973510176,-1.4354059484630937,True,False,False,True,False,True,False,True,False,False,False,True,False,False,False,True,False,True,False,False,False,False,True,False,True,False,False,False,True,False,Normal_Weight
-0.6790834661870204,-0.5539863624188602,-1.0916972921125008,False,True,True,False,False,True,False,True,False,False,False,True,False,False,False,True,False,True,False,False,False,False,True,False,True,False,False,False,True,False,Normal_Weight
-0.36439897554476386,-0.3395843754324283,-0.9389378892900152,False,True,True,False,False,True,False,True,False,True,False,False,False,False,False,False,True,True,False,True,False,False,False,True,False,False,False,False,True,False,Normal_Weight
-0.36439897554476386,-0.23238338193921237,-1.2062668442293651,False,True,False,True,False,True,False,True,False,False,False,True,False,False,False,True,False,True,False,True,False,False,False,False,False,True,False,False,True,False,Normal_Weight
-0.5217412208658921,-0.4467853689256443,-1.1298871428181223,True,False,False,True,False,True,False,True,False,False,False,True,False,False,True,False,False,True,False,False,True,False,False,False,True,False,False,False,False,True,Normal_Weight
-0.5217412208658921,-0.8755893428985058,-0.6716089343506652,True,False,False,True,False,True,True,False,False,False,False,True,False,False,True,False,False,True,False,True,False,False,False,False,True,False,False,False,False,True,Overweight_Level_I
-0.2070567302236356,1.0540285399793792,0.13037793046738483,False,True,False,True,False,True,True,False,False,False,False,True,False,True,False,False,False,True,False,True,False,False,False,False,False,True,False,True,False,False,Overweight_Level_II
-0.2070567302236356,-0.5539863624188602,0.321327183995492,False,True,False,True,False,True,False,True,False,False,False,True,False,True,False,False,False,True,False,True,False,False,False,False,True,False,False,True,False,False,Obesity_Type_I
0.8943389870242623,0.6252245660065153,0.9705546459910562,False,True,False,True,False,True,True,False,False,False,False,True,False,False,False,False,True,False,True,True,False,False,False,True,False,False,False,True,False,False,Obesity_Type_II
-0.2070567302236356,1.0540285399793792,-1.015317590701258,False,True,False,True,True,False,False,True,False,False,False,True,False,False,False,False,True,True,False,True,False,False,False,False,True,False,False,False,True,False,Normal_Weight
-0.2070567302236356,-0.5539863624188602,-0.2515205765888294,True,False,False,True,False,True,False,True,False,False,False,True,False,True,False,False,False,True,False,True,False,False,False,False,False,True,False,False,False,True,Overweight_Level_II
-0.36439897554476386,-0.3395843754324283,-1.3972160977574724,True,False,False,True,True,False,False,False,True,False,False,True,False,False,False,False,True,False,True,False,False,True,False,False,True,False,False,False,True,False,Insufficient_Weight
-0.049714484902507336,-0.5539863624188602,-1.015317590701258,True,False,False,True,True,False,False,True,False,False,False,True,False,False,False,True,False,False,True,False,True,False,False,True,False,False,False,False,False,True,Normal_Weight
-0.8364257115081487,1.590033507445459,-0.8243683371731508,False,True,False,True,True,False,False,True,False,False,False,True,False,False,False,True,False,True,False,False,False,True,False,False,True,False,False,False,True,False,Normal_Weight
-0.049714484902507336,-0.017981394952780436,-0.060571323060722305,False,True,False,True,False,True,False,True,False,False,False,True,False,False,True,False,False,True,False,True,False,False,False,False,True,False,False,True,False,False,Overweight_Level_II
-0.2070567302236356,-0.7683883494052922,-1.5881653512855796,True,False,False,True,True,False,False,False,True,False,False,True,False,False,False,True,False,False,True,False,False,True,False,True,False,False,False,False,False,True,Insufficient_Weight
-0.049714484902507336,-1.0899913298849377,-1.5881653512855796,True,False,False,True,True,False,False,True,False,False,False,True,False,False,False,False,True,True,False,False,True,False,False,True,False,False,False,False,False,True,Insufficient_Weight
-0.049714484902507336,-0.017981394952780436,-0.2515205765888294,True,False,False,True,False,True,False,True,False,False,False,True,False,False,False,True,False,True,False,True,False,False,False,True,False,False,False,False,False,True,Overweight_Level_II
-0.2070567302236356,-0.5539863624188602,0.13037793046738483,True,False,False,True,False,True,False,True,False,False,False,True,False,False,False,True,False,True,False,True,False,False,False,False,True,False,False,False,False,True,Obesity_Type_I
-0.2070567302236356,-0.5539863624188602,-1.015317590701258,False,True,False,True,True,False,False,True,False,False,False,True,False,False,False,True,False,True,False,True,False,False,False,True,False,False,False,False,True,False,Normal_Weight
-0.8364257115081487,-0.7683883494052922,-1.0916972921125008,True,False,True,False,True,False,False,False,True,False,False,True,False,False,False,True,False,False,True,True,False,False,False,True,False,False,False,False,False,True,Normal_Weight
0.8943389870242623,1.0540285399793792,0.16856778117300628,False,True,False,True,False,True,False,True,False,False,False,True,False,False,True,False,False,True,False,True,False,False,False,True,False,False,False,False,True,False,Overweight_Level_II
-0.2070567302236356,-0.3395843754324283,-0.04147639770791159,False,True,False,True,False,True,False,True,False,False,False,True,False,True,False,False,False,True,False,True,False,False,False,False,True,False,False,False,False,True,Obesity_Type_I
-0.8364257115081487,-1.0899913298849377,-1.5881653512855796,True,False,True,False,True,False,False,False,True,False,False,True,False,False,False,False,True,False,True,False,False,True,False,True,False,False,False,False,False,True,Insufficient_Weight
0.10762776041862093,-0.017981394952780436,-0.13695102447196517,False,True,False,True,False,True,False,True,False,False,False,True,False,False,True,False,False,True,False,True,False,False,False,False,True,False,False,False,True,False,Overweight_Level_II
-0.2070567302236356,-0.5539863624188602,-1.0726023667596902,False,True,False,True,True,False,False,True,False,False,False,True,False,False,False,True,False,True,False,True,False,False,False,True,False,False,False,False,False,True,Normal_Weight
-0.5217412208658921,1.590033507445459,-0.13695102447196517,False,True,False,True,False,True,False,True,False,True,False,False,False,False,True,False,False,True,False,False,True,False,False,True,False,False,False,False,False,True,Normal_Weight
-0.8364257115081487,1.2684305269658112,0.015808378350520555,False,True,False,True,False,True,False,True,False,False,False,True,False,False,False,True,False,True,False,True,False,False,False,True,False,False,False,False,False,True,Overweight_Level_I
-0.36439897554476386,-0.5539863624188602,-0.8243683371731508,True,False,False,True,False,True,False,True,False,False,False,True,False,False,True,False,False,False,True,False,True,False,False,True,False,False,False,False,False,True,Normal_Weight
0.736996741703134,-0.017981394952780436,-0.3279002780000723,True,False,False,True,False,True,False,False,True,False,False,True,False,False,False,True,False,True,False,False,False,True,False,False,True,False,False,True,False,False,Overweight_Level_II
0.10762776041862093,-0.7683883494052922,0.24494748258424912,True,False,True,False,True,False,False,False,True,False,False,False,True,True,False,False,False,True,False,False,False,True,False,True,False,False,False,False,False,True,Obesity_Type_II
-0.6790834661870204,-0.9827903363917218,-0.8625581878787723,True,False,False,True,True,False,False,False,True,False,False,True,False,True,False,False,False,False,True,True,False,False,False,False,True,False,False,True,False,False,Normal_Weight
4.827895120052469,0.8396265529929473,-0.09876117376634373,False,True,False,True,True,False,False,False,True,False,False,False,True,False,True,False,False,False,True,False,False,False,True,True,False,False,False,True,False,False,Overweight_Level_I
-0.6790834661870204,-1.0899913298849377,-1.1298871428181223,True,False,True,False,True,False,False,False,True,False,False,True,False,True,False,False,False,True,False,False,True,False,False,True,False,False,False,False,False,True,Normal_Weight
-0.049714484902507336,-1.0899913298849377,-1.4735957991687152,True,False,True,False,False,True,False,False,True,False,False,True,False,False,False,True,False,True,False,False,False,True,False,True,False,False,False,False,False,True,Normal_Weight
0.2649700057397492,-0.017981394952780436,-0.6334190836450437,False,True,False,True,True,False,False,False,True,True,False,False,False,False,True,False,False,True,False,False,False,True,False,True,False,False,False,True,False,False,Normal_Weight
-0.2070567302236356,-0.4467853689256443,-1.015317590701258,True,False,False,True,True,False,False,True,False,False,False,True,False,False,False,True,False,True,False,False,False,False,True,True,False,False,False,False,True,False,Normal_Weight
-0.5217412208658921,-1.9475992778306654,-1.7027349034024437,True,False,True,False,True,False,False,False,True,True,False,False,False,False,True,False,False,True,False,True,False,False,False,True,False,False,False,False,True,False,Insufficient_Weight
-0.5217412208658921,-1.9475992778306654,-1.7027349034024437,True,False,True,False,True,False,False,False,True,True,False,False,False,False,True,False,False,True,False,True,False,False,False,True,False,False,False,False,True,False,Insufficient_Weight
-0.2070567302236356,0.1964205920336515,-0.6334190836450437,False,True,True,False,True,False,False,True,False,False,False,True,False,False,False,True,False,True,False,False,False,False,True,False,True,False,False,True,False,False,Normal_Weight
-0.5217412208658921,-0.1251823884459964,-0.9007480385843938,True,False,True,False,False,True,False,False,True,True,False,False,False,False,False,True,False,True,False,True,False,False,False,True,False,False,False,False,True,False,Normal_Weight
-0.36439897554476386,-0.017981394952780436,-0.7709025461852806,False,True,False,True,True,False,False,True,False,False,False,True,False,False,True,False,False,True,False,True,False,False,False,True,False,False,False,False,False,True,Normal_Weight
-0.5217412208658921,-1.6259962973510176,-1.1298871428181223,True,False,True,False,False,True,False,True,False,False,False,False,True,False,True,False,False,False,True,False,False,True,False,True,False,False,False,False,True,False,Normal_Weight
-0.36439897554476386,-0.5539863624188602,-1.0916972921125008,True,False,False,True,False,True,False,False,True,False,False,False,True,False,True,False,False,True,False,False,True,False,False,True,False,False,False,False,True,False,Normal_Weight
2.1530769495932884,-1.5187953038578017,-0.2515205765888294,True,False,False,True,False,True,False,True,False,False,False,True,False,False,False,True,False,True,False,True,False,False,False,True,False,False,False,False,True,False,Obesity_Type_I
0.10762776041862093,-1.4115943103645856,-1.2062668442293651,True,False,True,False,False,True,False,True,False,True,False,False,False,False,False,True,False,True,False,False,False,True,False,True,False,False,False,False,True,False,Normal_Weight
0.10762776041862093,-1.4115943103645856,-1.2062668442293651,True,False,True,False,False,True,False,True,False,True,False,False,False,False,False,True,False,True,False,False,False,True,False,True,False,False,False,False,True,False,Normal_Weight
-0.36439897554476386,1.9116364879251047,0.13037793046738483,False,True,False,True,False,True,False,True,False,False,False,True,False,True,False,False,False,True,False,True,False,False,False,False,True,False,False,False,True,False,Overweight_Level_I
-0.36439897554476386,0.5180235725132994,0.321327183995492,False,True,False,True,True,False,False,True,False,False,False,True,False,False,False,True,False,True,False,False,False,False,True,False,False,True,False,False,False,True,Obesity_Type_I
-0.5217412208658921,-0.5539863624188602,0.05399822905614198,True,False,False,True,False,True,False,False,True,True,False,False,False,False,False,True,False,True,False,False,False,True,False,False,True,False,False,False,False,True,Obesity_Type_I
-0.5217412208658921,0.5180235725132994,-0.4424698301169366,False,True,False,True,False,True,False,False,True,False,False,True,False,False,False,True,False,True,False,True,False,False,False,False,True,False,False,False,True,False,Normal_Weight
-0.36439897554476386,-1.3043933168713697,-1.0916972921125008,True,False,False,True,False,True,False,True,False,True,False,False,False,False,False,True,False,True,False,True,False,False,False,True,False,False,False,False,False,True,Normal_Weight
-0.993767956829277,-1.5187953038578017,-1.3590262470518508,True,False,False,True,False,True,False,True,False,False,False,False,True,False,True,False,False,True,False,False,True,False,False,True,False,False,False,False,True,False,Normal_Weight
-0.36439897554476386,-2.162001264817097,-1.4354059484630937,True,False,False,True,True,False,False,True,False,True,False,False,False,False,False,True,False,True,False,False,False,False,True,True,False,False,False,False,False,True,Normal_Weight
-0.8364257115081487,-0.9827903363917218,-0.9389378892900152,True,False,False,True,False,True,False,False,True,True,False,False,False,False,True,False,False,True,False,False,True,False,False,True,False,False,False,True,False,False,Normal_Weight
-1.1511102021504052,0.5180235725132994,-1.1298871428181223,True,False,False,True,False,True,False,False,True,False,False,True,False,False,True,False,False,True,False,True,False,False,False,False,True,False,False,False,False,True,Normal_Weight
-1.4657946927926617,-0.5539863624188602,-0.022381472355100875,True,False,False,True,False,True,False,False,True,False,False,True,False,False,False,True,False,True,False,False,False,False,True,False,False,True,False,False,False,True,Obesity_Type_I
-1.1511102021504052,-0.017981394952780436,-0.060571323060722305,True,False,False,True,True,False,False,True,False,False,False,True,False,False,True,False,False,True,False,False,True,False,False,False,True,False,False,False,False,True,Overweight_Level_II
-0.2070567302236356,-0.8755893428985058,-1.282646545640608,False,True,False,True,False,True,False,True,False,False,False,True,False,False,False,True,False,True,False,False,True,False,False,False,True,False,False,False,True,False,Normal_Weight
-0.8364257115081487,-0.7683883494052922,-0.40427997941131516,True,False,False,True,True,False,False,False,True,False,False,True,False,False,True,False,False,True,False,False,False,True,False,False,True,False,False,False,True,False,Overweight_Level_II
-0.2070567302236356,-0.3395843754324283,-0.4424698301169366,True,False,False,True,False,True,False,True,False,False,False,True,False,False,True,False,False,True,False,True,False,False,False,False,False,True,False,False,False,True,Overweight_Level_I
-0.2070567302236356,1.804435494431891,0.321327183995492,False,True,False,True,False,True,True,False,False,False,False,True,False,False,True,False,False,True,False,True,False,False,False,False,False,True,False,True,False,False,Overweight_Level_II
-0.5217412208658921,0.5180235725132994,-1.3972160977574724,False,True,False,True,True,False,False,False,True,False,False,False,True,False,True,False,False,True,False,False,True,False,False,True,False,False,False,False,False,True,Insufficient_Weight
-0.049714484902507336,-0.4467853689256443,-0.747988635761908,False,True,False,True,False,True,False,False,True,True,False,False,False,False,False,True,False,True,False,False,True,False,False,True,False,False,False,False,False,True,Normal_Weight
-0.2070567302236356,0.6252245660065153,0.13037793046738483,False,True,True,False,False,True,False,False,True,False,False,True,False,False,False,True,False,True,False,True,False,False,False,True,False,False,False,False,False,True,Overweight_Level_II
-0.993767956829277,0.5180235725132994,-0.2515205765888294,False,True,False,True,False,True,False,True,False,False,False,True,False,True,False,False,False,True,False,True,False,False,False,True,False,False,False,True,False,False,Overweight_Level_I
-0.8364257115081487,-0.3395843754324283,-0.7097987850562866,False,True,True,False,False,True,False,True,False,False,False,True,False,False,False,True,False,True,False,False,True,False,False,True,False,False,False,False,True,False,Normal_Weight
-0.8364257115081487,-0.5539863624188602,-0.9771277399956366,True,False,True,False,False,True,False,False,True,True,False,False,False,False,False,True,False,False,True,False,True,False,False,True,False,False,False,False,True,False,Normal_Weight
-0.6790834661870204,0.1964205920336515,-0.6334190836450437,False,True,False,True,False,True,False,False,True,False,False,True,False,False,True,False,False,True,False,True,False,False,False,True,False,False,False,False,True,False,Normal_Weight
0.42231225106087744,-0.017981394952780436,-0.3279002780000723,False,True,True,False,False,True,False,False,True,False,False,True,False,False,False,True,False,True,False,False,True,False,False,False,True,False,False,True,False,False,Overweight_Level_II
-0.6790834661870204,-1.3043933168713697,-1.282646545640608,True,False,False,True,False,True,False,True,False,False,False,False,True,False,True,False,False,True,False,False,True,False,False,False,True,False,False,False,False,True,Normal_Weight
-0.2070567302236356,-0.8755893428985058,-1.0916972921125008,False,True,True,False,True,False,False,True,False,False,False,True,False,False,False,True,False,True,False,False,True,False,False,True,False,False,False,False,False,True,Normal_Weight
-0.8364257115081487,-0.5539863624188602,-1.1680769935237438,True,False,False,True,False,True,False,False,True,False,False,True,False,False,True,False,False,False,True,False,True,False,False,False,False,True,False,True,False,False,Normal_Weight
5.771948591979239,-0.5539863624188602,-0.7861784864675294,True,False,True,False,False,True,False,False,True,False,False,True,False,True,False,False,False,True,False,False,True,False,False,False,True,False,False,True,False,False,Normal_Weight
0.8943389870242623,0.7324255594997313,0.855985093874192,False,True,False,True,False,True,False,False,True,False,False,True,False,False,False,True,False,True,False,False,False,True,False,True,False,False,False,False,True,False,Obesity_Type_I
-0.049714484902507336,-0.017981394952780436,-0.4424698301169366,False,True,False,True,False,True,False,True,False,False,False,True,False,False,False,True,False,True,False,False,True,False,False,True,False,False,False,False,True,False,Overweight_Level_I
0.10762776041862093,0.9468275464861633,-0.5570393822338009,False,True,False,True,False,True,False,True,False,False,False,True,False,False,False,True,False,True,False,False,True,False,False,False,True,False,False,False,True,False,Normal_Weight
3.097130421520058,-1.0899913298849377,-0.2515205765888294,False,True,False,True,True,False,False,True,False,False,False,True,False,False,False,True,False,True,False,True,False,False,False,True,False,False,False,False,False,True,Obesity_Type_I
1.0516812323453906,0.6252245660065153,-0.4424698301169366,False,True,False,True,True,False,False,False,True,False,False,True,False,True,False,False,False,False,True,False,False,False,True,True,False,False,False,False,False,True,Normal_Weight
0.10762776041862093,-0.017981394952780436,-0.7097987850562866,False,True,True,False,False,True,False,True,False,False,False,True,False,False,True,False,False,True,False,True,False,False,False,False,True,False,False,False,False,True,Normal_Weight
-0.2070567302236356,2.0188374814183208,-0.8243683371731508,False,True,False,True,False,True,False,False,True,False,False,True,False,False,True,False,False,True,False,False,True,False,False,False,True,False,False,False,True,False,Insufficient_Weight
0.10762776041862093,1.804435494431891,-0.7861784864675294,False,True,True,False,False,True,False,False,True,False,False,True,False,True,False,False,False,True,False,False,False,True,False,True,False,False,False,True,False,False,Normal_Weight
-0.2070567302236356,0.41082257902008346,0.26404240793705985,False,True,True,False,False,True,False,True,False,False,False,True,False,False,True,False,False,True,False,False,True,False,False,False,True,False,False,True,False,False,Obesity_Type_I
1.5237079683087753,-0.23238338193921237,-0.4424698301169366,True,False,True,False,False,True,False,False,True,True,False,False,False,False,False,True,False,True,False,True,False,False,False,True,False,False,False,False,True,False,Overweight_Level_I
-0.36439897554476386,-0.9827903363917218,-0.747988635761908,False,True,False,True,True,False,False,True,False,False,False,False,True,False,False,True,False,False,True,False,False,True,False,False,False,True,False,False,True,False,Overweight_Level_I
-0.5217412208658921,-0.8755893428985058,-0.6334190836450437,False,True,True,False,False,True,False,True,False,True,False,False,False,False,False,False,True,True,False,False,True,False,False,True,False,False,False,False,True,False,Overweight_Level_I
-0.049714484902507336,-1.5187953038578017,-1.3590262470518508,True,False,True,False,True,False,False,False,True,False,False,True,False,False,True,False,False,True,False,False,False,True,False,False,False,True,False,True,False,False,Normal_Weight
1.8383924589510319,-0.7683883494052922,-0.2515205765888294,True,False,False,True,True,False,False,False,True,False,False,True,False,False,False,True,False,True,False,True,False,False,False,True,False,False,False,False,True,False,Obesity_Type_I
0.42231225106087744,-1.0899913298849377,-0.9771277399956366,True,False,True,False,False,True,False,False,True,False,False,True,False,True,False,False,False,True,False,True,False,False,False,True,False,False,False,False,True,False,Normal_Weight
1.2090234776665187,-0.3395843754324283,0.13037793046738483,True,False,False,True,False,True,False,False,True,True,False,False,False,False,False,True,False,True,False,False,False,True,False,True,False,False,False,False,True,False,Obesity_Type_I
0.10762776041862093,0.8396265529929473,-0.3279002780000723,False,True,False,True,False,True,False,True,False,True,False,False,False,False,False,True,False,True,False,False,False,True,False,False,True,False,False,False,True,False,Normal_Weight
0.8943389870242623,-0.8755893428985058,-1.0535074414068795,True,False,False,True,False,True,False,False,True,False,False,True,False,False,False,True,False,True,False,False,False,True,False,True,False,False,False,False,True,False,Normal_Weight
2.1530769495932884,-2.162001264817097,-1.015317590701258,True,False,False,True,False,True,False,True,False,True,False,False,False,True,False,False,False,True,False,True,False,False,False,True,False,False,False,False,True,False,Overweight_Level_I
1.5237079683087753,-0.1251823884459964,-0.09876117376634373,False,True,False,True,True,False,False,True,False,False,False,True,False,False,False,True,False,True,False,False,False,True,False,True,False,False,False,False,False,True,Overweight_Level_II
-0.36439897554476386,0.41082257902008346,0.28313733328987056,False,True,False,True,False,True,False,True,False,False,False,True,False,False,False,True,False,True,False,True,False,False,False,True,False,False,False,False,True,False,Obesity_Type_I
1.0516812323453906,-0.23238338193921237,-0.9007480385843938,True,False,False,True,False,True,False,False,True,True,False,False,False,False,True,False,False,True,False,False,True,False,False,False,True,False,False,False,True,False,Normal_Weight
1.6810502136299037,-1.8403982843374496,-1.5881653512855796,True,False,False,True,True,False,False,False,True,False,False,True,False,False,True,False,False,True,False,True,False,False,False,False,True,False,False,False,False,True,Normal_Weight
-0.5217412208658921,-0.3395843754324283,-1.015317590701258,False,True,False,True,False,True,False,True,False,False,False,True,False,False,True,False,False,True,False,False,False,True,False,False,True,False,False,False,True,False,Normal_Weight
2.467761440235545,-1.6259962973510176,-0.9389378892900152,True,False,False,True,True,False,False,False,True,False,False,True,False,False,False,True,False,True,False,True,False,False,False,True,False,False,False,False,True,False,Overweight_Level_I
0.42231225106087744,-0.6611873559120762,-0.3279002780000723,False,True,False,True,False,True,False,True,False,True,False,False,False,False,False,True,False,True,False,True,False,False,False,True,False,False,False,True,False,False,Overweight_Level_II
-0.6790834661870204,1.375631520459027,-0.5570393822338009,False,True,False,True,True,False,False,False,True,False,False,True,False,False,False,True,False,True,False,False,False,True,False,False,True,False,False,False,True,False,Normal_Weight
4.827895120052469,-0.5539863624188602,-0.2515205765888294,False,True,True,False,False,True,False,True,False,False,False,True,False,False,False,True,False,True,False,False,True,False,False,True,False,False,False,False,False,True,Overweight_Level_II
-0.5217412208658921,-0.7683883494052922,-1.015317590701258,True,False,False,True,False,True,False,False,True,False,False,True,False,True,False,False,False,True,False,False,False,True,False,True,False,False,False,False,True,False,Normal_Weight
0.10762776041862093,2.0188374814183208,-0.4424698301169366,False,True,True,False,True,False,False,False,True,False,False,True,False,False,True,False,False,False,True,False,False,False,True,True,False,False,False,False,False,True,Normal_Weight
1.6810502136299037,0.7324255594997313,-0.060571323060722305,False,True,False,True,True,False,False,False,True,False,False,True,False,False,True,False,False,True,False,False,False,True,False,False,True,False,False,False,True,False,Overweight_Level_II
0.8943389870242623,2.3404404618979684,1.657971958692242,False,True,False,True,True,False,False,True,False,False,False,True,False,False,False,True,False,True,False,False,True,False,False,True,False,False,False,False,True,False,Obesity_Type_II
0.736996741703134,0.41082257902008346,-0.5570393822338009,True,False,False,True,True,False,False,False,True,False,False,True,False,True,False,False,False,True,False,True,False,False,False,True,False,False,False,False,True,False,Normal_Weight
-0.6790834661870204,-0.5539863624188602,-0.2515205765888294,False,True,False,True,True,False,False,True,False,False,False,True,False,False,False,True,False,True,False,False,True,False,False,False,False,True,False,False,False,True,Overweight_Level_II
-0.36439897554476386,0.30362158552686747,-0.2897104272944509,True,False,False,True,False,True,False,True,False,True,False,False,False,False,False,True,False,True,False,False,True,False,False,True,False,False,False,False,True,False,Overweight_Level_I
3.254472666841186,-0.7683883494052922,-0.36609012870569374,True,False,False,True,False,True,False,True,False,False,False,True,False,False,True,False,False,True,False,True,False,False,False,True,False,False,False,False,False,True,Overweight_Level_II
-0.36439897554476386,0.1964205920336515,-0.17514087517758659,False,True,True,False,False,True,False,True,False,True,False,False,False,False,False,True,False,True,False,False,False,True,False,False,True,False,False,False,True,False,Overweight_Level_II
-0.993767956829277,-1.0899913298849377,-1.0916972921125008,False,True,False,True,False,True,False,True,False,False,False,True,False,False,True,False,False,True,False,False,True,False,False,True,False,False,False,False,True,False,Normal_Weight
-0.2070567302236356,-0.5539863624188602,-1.0535074414068795,True,False,True,False,True,False,False,False,True,True,False,False,False,False,False,True,False,True,False,False,True,False,False,False,False,True,False,False,True,False,Normal_Weight
-0.993767956829277,0.41082257902008346,-0.8625581878787723,False,True,True,False,True,False,False,False,True,False,False,True,False,False,False,True,False,False,True,True,False,False,False,False,True,False,False,False,False,True,Normal_Weight
-0.5217412208658921,-0.8755893428985058,-0.6334190836450437,False,True,True,False,False,True,False,True,False,True,False,False,False,False,False,False,True,True,False,False,True,False,False,True,False,False,False,False,True,False,Overweight_Level_I
2.1530769495932884,-0.6611873559120762,-1.0229555608423824,True,False,False,True,False,True,False,True,False,False,False,True,False,False,False,True,False,True,False,False,False,True,False,True,False,False,False,False,False,True,Normal_Weight
-0.993767956829277,-1.4115943103645856,-1.4735957991687152,True,False,False,True,False,True,False,False,True,True,False,False,False,True,False,False,False,True,False,False,True,False,False,True,False,False,False,False,False,True,Normal_Weight
-0.36439897554476386,1.4828325139522431,-0.09876117376634373,False,True,False,True,False,True,False,False,True,False,False,True,False,False,True,False,False,False,True,False,False,False,True,True,False,False,False,False,True,False,Normal_Weight
0.2649700057397492,2.2332394684047525,-0.09876117376634373,False,True,False,True,False,True,False,False,True,False,False,True,False,False,True,False,False,True,False,False,False,True,False,False,False,True,False,True,False,False,Normal_Weight
-0.5217412208658921,-0.8755893428985058,-0.6334190836450437,False,True,True,False,False,True,False,True,False,True,False,False,False,False,False,False,True,True,False,False,True,False,False,True,False,False,False,False,True,False,Overweight_Level_I
-0.993767956829277,-1.3043933168713697,-1.4735957991687152,True,False,True,False,False,True,False,True,False,False,False,True,False,False,False,True,False,True,False,False,True,False,False,True,False,False,False,False,False,True,Normal_Weight
-0.2070567302236356,-0.23238338193921237,-0.747988635761908,True,False,False,True,False,True,False,True,False,False,False,True,False,False,True,False,False,True,False,True,False,False,False,True,False,False,False,False,True,False,Normal_Weight
-0.36439897554476386,-0.23238338193921237,-1.3208363963462295,True,False,True,False,False,True,False,False,True,False,False,True,False,False,True,False,False,True,False,True,False,False,False,False,True,False,False,False,False,True,Insufficient_Weight
-0.2070567302236356,-2.3764032518035294,-1.015317590701258,True,False,False,True,False,True,False,True,False,True,False,False,False,False,False,True,False,True,False,True,False,False,False,True,False,False,False,False,True,False,Overweight_Level_II
-0.5217412208658921,-0.8755893428985058,-0.6334190836450437,False,True,True,False,False,True,False,True,False,True,False,False,False,False,False,False,True,True,False,False,True,False,False,True,False,False,False,False,True,False,Overweight_Level_I
1.0516812323453906,-0.8755893428985058,-0.7097987850562866,True,False,True,False,True,False,False,False,True,False,False,True,False,False,False,True,False,True,False,False,True,False,False,True,False,False,False,False,True,False,Overweight_Level_I
2.3104191949144166,0.8396265529929473,0.3595170347011134,False,True,False,True,True,False,False,True,False,False,False,True,False,False,False,True,False,True,False,False,True,False,False,True,False,False,False,True,False,False,Obesity_Type_I
0.10762776041862093,0.8396265529929473,0.4358967361123563,False,True,False,True,True,False,False,True,False,False,False,True,False,False,False,True,False,True,False,False,False,False,True,False,False,True,False,False,False,True,Obesity_Type_I
1.6810502136299037,0.8396265529929473,0.7032256910517063,False,True,False,True,False,True,False,False,True,True,False,False,False,False,False,False,True,True,False,False,False,False,True,False,True,False,False,True,False,False,Obesity_Type_I
1.3663657229876471,-0.7683883494052922,-0.9389378892900152,True,False,False,True,False,True,False,True,False,False,False,True,False,False,False,True,False,True,False,False,True,False,False,False,True,False,False,False,False,True,Normal_Weight
-0.6790834661870204,-1.0899913298849377,-1.1680769935237438,False,True,True,False,False,True,False,True,False,False,False,True,False,False,False,True,False,True,False,False,True,False,False,True,False,False,False,False,True,False,Normal_Weight
0.2649700057397492,0.5180235725132994,-0.2515205765888294,False,True,False,True,False,True,False,False,True,True,False,False,False,False,True,False,False,False,True,False,False,True,False,True,False,False,False,False,True,False,Overweight_Level_I
-0.6790834661870204,1.375631520459027,-0.060571323060722305,False,True,False,True,True,False,False,False,True,False,False,True,False,False,False,True,False,False,True,False,False,False,True,True,False,False,False,False,True,False,Overweight_Level_I
-0.6790834661870204,0.8396265529929473,-0.7097987850562866,False,True,True,False,True,False,False,True,False,True,False,False,False,False,True,False,False,False,True,False,False,True,False,False,True,False,False,False,False,True,Normal_Weight
-0.2070567302236356,-1.0899913298849377,-0.13695102447196517,True,False,False,True,False,True,False,False,True,False,False,True,False,False,True,False,False,True,False,False,False,False,True,True,False,False,False,False,False,True,Obesity_Type_I
-0.8364257115081487,1.0540285399793792,-0.060571323060722305,False,True,False,True,False,True,False,False,True,False,False,True,False,False,False,True,False,True,False,False,True,False,False,False,True,False,False,False,True,False,Overweight_Level_I
-0.36439897554476386,0.5180235725132994,-0.480659680822558,False,True,False,True,True,False,False,True,False,False,False,True,False,False,False,True,False,True,False,False,True,False,False,False,False,True,False,False,True,False,Normal_Weight
2.6251036855566734,0.5180235725132994,1.1996937502247849,False,True,False,True,False,True,False,True,False,False,False,True,False,False,False,True,False,True,False,True,False,False,False,True,False,False,False,False,True,False,Obesity_Type_II
-0.993767956829277,-1.1971923233781536,-1.7791146048136866,True,False,False,True,False,True,False,True,False,True,False,False,False,False,True,False,False,True,False,True,False,False,False,False,False,True,False,False,False,True,Insufficient_Weight
-0.2070567302236356,-0.4467853689256443,-1.015317590701258,True,False,False,True,False,True,False,True,False,True,False,False,False,False,False,True,False,True,False,False,True,False,False,False,True,False,False,False,True,False,Normal_Weight
-0.2070567302236356,-0.7683883494052922,-0.13695102447196517,True,False,False,True,True,False,False,False,True,True,False,False,False,False,False,True,False,True,False,False,True,False,False,False,False,True,False,False,True,False,Obesity_Type_I
2.6251036855566734,-1.7331972908442335,-0.2515205765888294,True,False,False,True,False,True,False,True,False,False,False,True,False,True,False,False,False,True,False,True,False,False,False,True,False,False,False,False,True,False,Obesity_Type_I
0.2649700057397492,-1.5187953038578017,0.588656138934842,True,False,False,True,False,True,False,False,True,False,False,True,False,False,False,True,False,True,False,True,False,False,False,False,True,False,False,False,True,False,Obesity_Type_III
0.736996741703134,-0.1251823884459964,0.13037793046738483,False,True,False,True,True,False,False,True,False,False,False,True,False,False,False,True,False,True,False,False,True,False,False,True,False,False,False,False,True,False,Obesity_Type_I
0.42231225106087744,1.375631520459027,-0.5952292329394223,False,True,False,True,False,True,False,True,False,False,False,True,False,False,False,True,False,True,False,False,False,False,True,False,False,True,False,False,False,True,Normal_Weight
-0.2070567302236356,-1.0899913298849377,-0.3279002780000723,True,False,False,True,False,True,False,True,False,True,False,False,False,False,False,True,False,True,False,False,True,False,False,True,False,False,False,True,False,False,Obesity_Type_I
-0.8364257115081487,0.5180235725132994,0.5122764375235991,False,True,False,True,False,True,False,True,False,False,False,True,False,False,True,False,False,True,False,False,False,True,False,True,False,False,False,False,False,True,Obesity_Type_I
0.8943389870242623,0.5180235725132994,-0.5188495315281795,False,True,False,True,True,False,False,True,False,False,False,True,False,False,False,False,True,False,True,False,True,False,False,True,False,False,False,False,True,False,Normal_Weight
-0.36439897554476386,-0.1251823884459964,-0.8243683371731508,True,False,False,True,False,True,False,True,False,False,False,True,False,False,False,True,False,True,False,False,True,False,False,False,True,False,False,False,True,False,Normal_Weight
-0.36439897554476386,-0.1251823884459964,-0.8243683371731508,True,False,False,True,False,True,False,True,False,False,False,True,False,False,False,True,False,True,False,False,True,False,False,False,True,False,False,False,True,False,Normal_Weight
-0.6790834661870204,1.0540285399793792,1.0469343474022992,False,True,False,True,False,True,False,True,False,False,False,True,False,False,True,False,False,True,False,True,False,False,False,False,True,False,False,False,False,True,Obesity_Type_II
-0.5217412208658921,-0.7683883494052922,-1.3590262470518508,True,False,True,False,False,True,False,True,False,True,False,False,False,False,False,True,False,True,False,False,True,False,False,False,True,False,False,False,False,True,Normal_Weight
-0.049714484902507336,-2.162001264817097,-0.9007480385843938,True,False,False,True,True,False,False,True,False,True,False,False,False,False,False,True,False,True,False,True,False,False,False,True,False,False,False,False,False,True,Overweight_Level_II
-0.5217412208658921,1.0540285399793792,-0.9389378892900152,False,True,False,True,False,True,False,False,True,False,False,True,False,False,False,True,False,True,False,False,True,False,False,True,False,False,False,False,False,True,Normal_Weight
-0.5217412208658921,-0.5539863624188602,-1.282646545640608,False,True,False,True,False,True,False,True,False,False,False,True,False,False,False,True,False,True,False,False,True,False,False,True,False,False,False,False,True,False,Normal_Weight
-0.5217412208658921,-0.23238338193921237,-0.6334190836450437,False,True,False,True,False,True,False,False,True,False,False,True,False,False,False,True,False,True,False,True,False,False,False,False,False,True,False,False,True,False,Normal_Weight
-0.2070567302236356,-1.0899913298849377,-0.9007480385843938,True,False,False,True,True,False,False,False,True,False,False,True,False,False,True,False,False,True,False,False,False,False,True,True,False,False,False,False,True,False,Normal_Weight
-0.5217412208658921,0.08921959854043553,-0.4424698301169366,False,True,True,False,True,False,False,True,False,False,False,True,False,False,True,False,False,False,True,False,False,False,True,False,True,False,False,True,False,False,Overweight_Level_I
-0.5217412208658921,-2.162001264817097,-1.6912779481907574,True,False,False,True,True,False,True,False,False,True,False,False,False,False,False,True,False,True,False,False,False,False,True,True,False,False,False,False,False,True,Normal_Weight
-0.5217412208658921,-1.0899913298849377,-0.7097987850562866,True,False,False,True,False,True,False,True,False,False,False,True,False,False,False,True,False,True,False,False,True,False,False,True,False,False,False,False,True,False,Overweight_Level_I
-0.5217412208658921,0.5180235725132994,-0.3279002780000723,True,False,False,True,True,False,False,True,False,False,False,True,False,False,True,False,False,False,True,True,False,False,False,False,False,True,False,True,False,False,Overweight_Level_I
-0.2070567302236356,0.1964205920336515,-0.17514087517758659,False,True,False,True,False,True,False,True,False,True,False,False,False,False,False,True,False,True,False,False,True,False,False,False,True,False,False,False,True,False,Overweight_Level_II
-0.5217412208658921,0.1964205920336515,-0.7670835611147188,True,False,False,True,False,True,False,False,True,False,False,False,True,True,False,False,False,True,False,True,False,False,False,False,False,True,False,False,False,True,Normal_Weight
-0.36439897554476386,-0.9827903363917218,-0.9007480385843938,True,False,False,True,False,True,False,False,True,False,False,True,False,False,True,False,False,True,False,False,True,False,False,True,False,False,False,False,False,True,Normal_Weight
-0.2070567302236356,-0.7683883494052922,-0.17514087517758659,True,False,False,True,False,True,False,True,False,True,False,False,False,False,False,True,False,True,False,True,False,False,False,True,False,False,False,False,False,True,Obesity_Type_I
0.10762776041862093,1.375631520459027,1.3142633023416492,False,True,False,True,True,False,False,False,True,False,False,True,False,False,False,True,False,True,False,False,False,True,False,True,False,False,False,False,True,False,Obesity_Type_II
-0.6790834661870204,-1.0899913298849377,-1.3972160977574724,True,False,True,False,False,True,False,True,False,False,False,True,False,False,False,True,False,True,False,True,False,False,False,False,True,False,False,False,False,True,Normal_Weight
-0.049714484902507336,-0.8755893428985058,-1.0916972921125008,True,False,True,False,False,True,False,False,True,False,False,True,False,False,False,True,False,True,False,False,True,False,False,False,True,False,False,False,True,False,Normal_Weight
2.467761440235545,-0.23238338193921237,-0.2515205765888294,True,False,True,False,True,False,False,False,True,False,False,True,False,False,False,True,False,True,False,True,False,False,False,True,False,False,False,False,False,True,Overweight_Level_II
1.2090234776665187,0.5180235725132994,1.2760734516360277,False,True,False,True,True,False,False,False,True,False,False,True,False,False,False,True,False,True,False,True,False,False,False,False,False,True,False,False,False,True,Obesity_Type_II
-0.6790834661870204,2.1260384749115366,0.16856778117300628,False,True,False,True,False,True,False,False,True,False,False,False,True,False,False,True,False,True,False,False,False,True,False,True,False,False,False,False,True,False,Overweight_Level_I
-0.5217412208658921,-0.7683883494052922,-0.7861784864675294,True,False,False,True,False,True,False,False,True,True,False,False,False,False,False,True,False,True,False,True,False,False,False,True,False,False,False,False,True,False,Normal_Weight
4.1985261387679556,-1.1971923233781536,-1.3972160977574724,True,False,False,True,True,False,False,False,True,False,False,True,False,False,False,True,False,False,True,False,False,True,False,True,False,False,False,False,False,True,Normal_Weight
1.5237079683087753,-0.23238338193921237,-0.36609012870569374,True,False,False,True,True,False,False,False,True,True,False,False,False,False,False,True,False,True,False,False,True,False,False,True,False,False,False,False,True,False,Overweight_Level_II
-0.8364257115081487,-1.1971923233781536,-1.4354059484630937,True,False,False,True,False,True,False,True,False,True,False,False,False,False,False,False,True,True,False,False,False,True,False,True,False,False,False,False,False,True,Normal_Weight
-0.8364257115081487,-0.1251823884459964,-0.6334190836450437,True,False,False,True,True,False,False,True,False,True,False,False,False,False,False,False,True,True,False,False,False,True,False,True,False,False,False,False,False,True,Normal_Weight
-0.5217412208658921,-0.4467853689256443,-1.0535074414068795,True,False,True,False,False,True,True,False,False,False,False,True,False,True,False,False,False,False,True,False,False,False,True,True,False,False,False,False,False,True,Normal_Weight
-0.8364257115081487,-0.6611873559120762,-1.282646545640608,True,False,False,True,False,True,False,False,True,False,False,True,False,False,False,True,False,True,False,False,True,False,False,False,True,False,False,False,False,True,Normal_Weight
-0.6790834661870204,-0.8755893428985058,-1.282646545640608,True,False,True,False,False,True,False,False,True,True,False,False,False,False,False,True,False,True,False,False,True,False,False,False,True,False,False,False,False,True,Normal_Weight
-0.8364257115081487,-0.017981394952780436,-0.8625581878787723,True,False,False,True,False,True,False,False,True,False,False,True,False,False,False,False,True,False,True,False,False,False,True,False,True,False,False,False,False,True,Normal_Weight
-1.1511102021504052,-0.7683883494052922,-0.8243683371731508,True,False,True,False,False,True,False,True,False,True,False,False,False,False,False,True,False,True,False,False,True,False,False,False,True,False,False,False,False,True,Normal_Weight
-0.36439897554476386,-1.0899913298849377,-0.7861784864675294,False,True,True,False,False,True,False,False,True,False,False,True,False,False,False,True,False,True,False,False,False,False,True,True,False,False,False,False,False,True,Overweight_Level_I
-0.6790834661870204,-0.7683883494052922,-0.8625581878787723,True,False,False,True,False,True,True,False,False,False,False,True,False,True,False,False,False,True,False,True,False,False,False,False,False,True,False,False,False,True,Normal_Weight
1.3663657229876471,1.590033507445459,0.4740865868179777,False,True,False,True,False,True,False,True,False,False,False,True,False,False,False,True,False,True,False,False,True,False,False,True,False,False,False,False,True,False,Overweight_Level_II
-0.5217412208658921,-1.7331972908442335,-1.4354059484630937,True,False,False,True,True,False,False,True,False,True,False,False,False,False,False,True,False,False,True,False,False,True,False,True,False,False,False,False,True,False,Normal_Weight
-0.6790834661870204,-0.6611873559120762,-1.4354059484630937,True,False,True,False,True,False,False,False,True,False,False,True,False,False,False,True,False,True,False,False,False,True,False,False,True,False,False,False,True,False,Insufficient_Weight
-0.6790834661870204,-1.4115943103645856,-1.015317590701258,True,False,True,False,False,True,False,False,True,False,False,True,False,False,False,True,False,True,False,True,False,False,False,False,True,False,False,False,True,False,Normal_Weight
-0.6790834661870204,-0.8755893428985058,-1.3208363963462295,True,False,True,False,False,True,False,False,True,False,False,True,False,False,True,False,False,True,False,False,False,False,True,False,True,False,False,False,False,True,Normal_Weight
-0.5217412208658921,0.1964205920336515,-0.5570393822338009,False,True,False,True,False,True,False,False,True,False,False,True,False,True,False,False,False,False,True,False,False,False,True,True,False,False,False,False,True,False,Normal_Weight
-0.5217412208658921,0.6252245660065153,-0.3279002780000723,False,True,False,True,False,True,False,False,True,True,False,False,False,False,False,True,False,True,False,False,False,False,True,True,False,False,False,False,True,False,Overweight_Level_I
-0.6790834661870204,-0.5539863624188602,-0.4424698301169366,True,False,False,True,False,True,False,False,True,True,False,False,False,False,False,True,False,True,False,False,True,False,False,False,True,False,False,False,False,True,Overweight_Level_II
-0.6790834661870204,-0.3395843754324283,-0.3279002780000723,False,True,False,True,True,False,False,True,False,True,False,False,False,False,False,True,False,True,False,True,False,False,False,True,False,False,False,True,False,False,Overweight_Level_II
4.985237365373597,0.9468275464861633,0.13037793046738483,False,True,False,True,True,False,False,True,False,False,False,True,False,False,False,True,False,True,False,False,True,False,False,True,False,False,False,True,False,False,Overweight_Level_II
0.2649700057397492,-1.1971923233781536,-1.5117856498743365,True,False,False,True,False,True,False,True,False,True,False,False,False,False,False,True,False,True,False,True,False,False,False,False,False,True,False,False,True,False,Normal_Weight
-0.36439897554476386,-0.6611873559120762,-1.1680769935237438,True,False,False,True,True,False,False,False,True,False,False,True,False,False,False,True,False,True,False,True,False,False,False,True,False,False,False,False,False,True,Normal_Weight
-0.8364257115081487,0.8396265529929473,-0.213330725883208,False,True,False,True,True,False,True,False,False,False,False,True,False,False,False,True,False,True,False,False,False,False,True,True,False,False,False,False,False,True,Overweight_Level_I
-0.993767956829277,0.5180235725132994,-0.060571323060722305,False,True,False,True,True,False,False,True,False,False,False,True,False,False,False,True,False,True,False,False,True,False,False,True,False,False,False,False,True,False,Overweight_Level_II
-0.8364257115081487,1.590033507445459,1.0851241981079205,False,True,True,False,True,False,False,True,False,False,False,True,False,False,False,True,False,False,True,False,True,False,False,False,False,True,False,False,False,True,Obesity_Type_I
-0.993767956829277,-0.017981394952780436,-0.2515205765888294,False,True,True,False,True,False,False,False,True,True,False,False,False,False,False,True,False,True,False,False,True,False,False,True,False,False,False,False,False,True,Overweight_Level_II
-0.993767956829277,-0.3395843754324283,0.16856778117300628,True,False,False,True,False,True,True,False,False,False,False,True,False,False,True,False,False,True,False,True,False,False,False,False,True,False,False,False,True,False,Obesity_Type_I
-0.5217412208658921,0.1964205920336515,-0.4424698301169366,False,True,True,False,False,True,False,True,False,False,False,True,False,False,False,True,False,True,False,False,True,False,False,True,False,False,False,False,False,True,Overweight_Level_I
0.5796544963820057,-0.017981394952780436,-0.5188495315281795,True,False,False,True,True,False,False,True,False,False,False,True,False,False,True,False,False,False,True,False,False,True,False,True,False,False,False,False,True,False,Overweight_Level_I
-0.993767956829277,0.41082257902008346,-0.6334190836450437,False,True,True,False,False,True,False,True,False,False,False,True,False,False,False,True,False,True,False,False,True,False,False,False,True,False,False,False,True,False,Normal_Weight
-0.2070567302236356,0.41082257902008346,-1.282646545640608,False,True,True,False,False,True,False,True,False,False,False,True,False,False,True,False,False,True,False,False,False,False,True,False,False,True,False,False,False,True,Insufficient_Weight
-0.993767956829277,1.804435494431891,-0.747988635761908,False,True,False,True,False,True,False,False,True,False,False,True,False,False,True,False,False,False,True,False,True,False,False,False,True,False,False,False,True,False,Normal_Weight
-0.993767956829277,-0.017981394952780436,-1.3972160977574724,False,True,True,False,False,True,True,False,False,False,False,True,False,False,True,False,False,True,False,False,False,True,False,False,True,False,False,False,True,False,Insufficient_Weight
2.3104191949144166,-0.5539863624188602,-1.3972160977574724,True,False,True,False,False,True,False,False,True,False,False,False,True,False,True,False,False,True,False,True,False,False,False,True,False,False,False,False,True,False,Insufficient_Weight
2.1530769495932884,-0.017981394952780436,-0.3279002780000723,False,True,True,False,False,True,False,False,True,False,False,True,False,False,True,False,False,True,False,True,False,False,False,True,False,False,False,True,False,False,Overweight_Level_II
-1.1511102021504052,-0.3395843754324283,-1.015317590701258,False,True,True,False,True,False,False,True,False,False,False,False,True,True,False,False,False,True,False,True,False,False,False,False,False,True,False,False,False,True,Normal_Weight
-0.2070567302236356,0.1964205920336515,-0.7861784864675294,False,True,False,True,False,True,False,True,False,False,False,True,False,False,False,True,False,True,False,True,False,False,False,False,True,False,False,False,True,False,Normal_Weight
-0.2070567302236356,1.2684305269658112,0.7796053924629491,False,True,True,False,False,True,False,True,False,False,False,True,False,False,False,True,False,True,False,True,False,False,False,False,True,False,False,False,True,False,Obesity_Type_I
-0.8364257115081487,-2.162001264817097,-1.3972160977574724,True,False,True,False,False,True,False,True,False,False,False,True,False,False,True,False,False,True,False,True,False,False,False,False,False,True,False,False,True,False,Normal_Weight
-0.993767956829277,-0.017981394952780436,-1.015317590701258,False,True,True,False,False,True,False,True,False,False,False,True,False,False,False,True,False,True,False,False,False,True,False,False,True,False,False,False,False,True,Normal_Weight
0.10762776041862093,0.08921959854043553,-0.5952292329394223,False,True,False,True,False,True,False,True,False,False,False,True,False,False,True,False,False,True,False,True,False,False,False,True,False,False,False,False,True,False,Normal_Weight
0.10762776041862093,-0.9827903363917218,-0.9771277399956366,True,False,True,False,True,False,False,True,False,False,False,True,False,False,False,True,False,True,False,False,False,True,False,False,True,False,False,False,True,False,Normal_Weight
-0.993767956829277,-2.162001264817097,-1.3972160977574724,True,False,False,True,False,True,False,False,True,False,False,True,False,False,True,False,False,True,False,True,False,False,False,False,True,False,False,False,True,False,Normal_Weight
-1.3084524474715336,-0.3395843754324283,-1.3972160977574724,False,True,False,True,False,True,False,True,False,True,False,False,False,False,True,False,False,True,False,False,True,False,False,True,False,False,False,False,False,True,Insufficient_Weight
-0.5217412208658921,1.2684305269658112,-0.747988635761908,False,True,True,False,False,True,False,True,False,False,False,False,True,True,False,False,False,True,False,False,False,False,True,False,False,True,False,False,True,False,Normal_Weight
1.2090234776665187,-1.4115943103645856,-1.1298871428181223,True,False,False,True,False,True,False,False,True,False,False,True,False,False,False,True,False,True,False,True,False,False,False,True,False,False,False,False,True,False,Normal_Weight
-0.993767956829277,0.9468275464861633,-1.3208363963462295,False,True,True,False,True,False,False,False,True,False,False,True,False,False,False,True,False,True,False,False,True,False,False,False,True,False,False,False,True,False,Insufficient_Weight
-0.5217412208658921,0.5180235725132994,-0.9389378892900152,False,True,True,False,False,True,False,False,True,False,False,False,True,False,True,False,False,True,False,True,False,False,False,True,False,False,False,False,True,False,Normal_Weight
-0.993767956829277,-0.017981394952780436,-1.2062668442293651,False,True,False,True,False,True,False,True,False,False,False,True,False,False,True,False,False,True,False,True,False,False,False,True,False,False,False,False,True,False,Normal_Weight
-0.993767956829277,-0.8755893428985058,-1.2062668442293651,True,False,False,True,False,True,False,True,False,False,False,True,False,False,True,False,False,True,False,False,True,False,False,False,True,False,False,False,False,True,Normal_Weight
-1.1511102021504052,-0.1251823884459964,-1.015317590701258,False,True,True,False,True,False,False,True,False,False,False,True,False,False,False,True,False,True,False,False,False,True,False,False,True,False,False,False,True,False,Normal_Weight
-0.6790834661870204,0.7324255594997313,-0.6334190836450437,False,True,False,True,False,True,True,False,False,True,False,False,False,False,False,True,False,True,False,False,True,False,False,False,True,False,False,False,True,False,Normal_Weight
-0.5217412208658921,0.9468275464861633,0.7032256910517063,False,True,False,True,False,True,False,True,False,False,False,True,False,True,False,False,False,True,False,True,False,False,False,True,False,False,False,False,True,False,Obesity_Type_I
-0.5217412208658921,-1.0899913298849377,-0.9771277399956366,True,False,True,False,False,True,False,True,False,False,False,True,False,False,False,True,False,True,False,False,True,False,False,False,True,False,False,False,True,False,Normal_Weight
-0.993767956829277,-1.0899913298849377,-1.0916972921125008,True,False,False,True,False,True,False,True,False,False,False,True,False,False,False,True,False,True,False,False,False,False,True,True,False,False,False,False,False,True,Normal_Weight
-1.1511102021504052,-1.5187953038578017,-1.3590262470518508,True,False,True,False,False,True,False,False,True,False,False,True,False,False,False,True,False,True,False,True,False,False,False,False,False,True,False,False,False,True,Normal_Weight
-0.8364257115081487,1.9116364879251047,-0.2897104272944509,False,True,True,False,True,False,False,True,False,False,False,True,False,False,False,True,False,True,False,False,False,False,True,True,False,False,False,False,True,False,Normal_Weight
-1.3084524474715336,1.2684305269658112,-0.5952292329394223,False,True,False,True,False,True,False,True,False,False,False,True,False,False,True,False,False,True,False,False,False,True,False,False,True,False,False,False,True,False,Normal_Weight
-1.1511102021504052,1.0540285399793792,-1.0916972921125008,False,True,True,False,False,True,False,True,False,False,False,True,False,False,True,False,False,True,False,False,False,True,False,False,True,False,False,False,False,True,Insufficient_Weight
-0.5217412208658921,-0.017981394952780436,-0.8243683371731508,False,True,False,True,False,True,False,True,False,False,False,True,False,False,True,False,False,True,False,False,True,False,False,False,True,False,False,False,False,True,Normal_Weight
-0.8364257115081487,1.2684305269658112,-0.4424698301169366,False,True,False,True,True,False,False,True,False,False,False,True,False,False,True,False,False,True,False,False,True,False,False,True,False,False,False,False,False,True,Normal_Weight
-0.993767956829277,1.6972345009386751,0.8941749445798134,False,True,False,True,False,True,False,True,False,True,False,False,False,False,False,True,False,True,False,False,True,False,False,False,False,True,False,False,True,False,Obesity_Type_I
-1.3084524474715336,-0.4467853689256443,-1.0916972921125008,True,False,True,False,True,False,False,True,False,True,False,False,False,False,False,True,False,True,False,True,False,False,False,False,True,False,False,False,False,True,Normal_Weight
-0.5217412208658921,-1.8403982843374496,-1.282646545640608,True,False,True,False,False,True,False,False,True,False,False,True,False,False,False,True,False,True,False,False,False,True,False,False,True,False,False,False,True,False,Normal_Weight
0.2649700057397492,0.41082257902008346,-0.2515205765888294,False,True,True,False,True,False,False,True,False,False,False,True,False,False,False,True,False,True,False,False,False,True,False,True,False,False,False,False,False,True,Overweight_Level_I
-0.993767956829277,1.0540285399793792,-0.2515205765888294,False,True,False,True,False,True,False,True,False,False,False,True,False,False,True,False,False,True,False,True,False,False,False,False,True,False,False,True,False,False,Normal_Weight
-0.2070567302236356,-0.017981394952780436,-0.4424698301169366,False,True,True,False,False,True,False,False,True,False,False,True,False,False,False,True,False,True,False,False,True,False,False,False,False,True,False,False,True,False,Overweight_Level_I
0.2649700057397492,-0.017981394952780436,-0.6334190836450437,False,True,True,False,False,True,False,True,False,False,False,True,False,False,False,True,False,True,False,True,False,False,False,True,False,False,False,False,True,False,Normal_Weight
-0.993767956829277,0.1964205920336515,-1.2062668442293651,False,True,True,False,False,True,False,True,False,False,False,False,True,False,False,True,False,True,False,False,False,True,False,False,True,False,False,False,True,False,Normal_Weight
-1.3084524474715336,1.4828325139522431,-1.5881653512855796,False,True,False,True,False,True,False,False,True,False,False,True,False,True,False,False,False,True,False,False,False,False,True,False,False,True,False,False,True,False,Insufficient_Weight
-1.3084524474715336,-1.4115943103645856,-1.4354059484630937,True,False,True,False,False,True,False,True,False,False,False,False,True,True,False,False,False,True,False,True,False,False,False,False,True,False,False,False,True,False,Normal_Weight
-0.6790834661870204,1.0540285399793792,-0.060571323060722305,False,True,False,True,True,False,False,True,False,False,False,True,False,False,False,True,False,True,False,False,False,True,False,False,True,False,False,False,True,False,Overweight_Level_I
-0.2070567302236356,0.5180235725132994,1.2760734516360277,False,True,False,True,False,True,False,True,False,False,False,True,False,False,False,True,False,True,False,False,False,True,False,False,True,False,False,False,True,False,Obesity_Type_II
-0.049714484902507336,-1.5187953038578017,-1.015317590701258,True,False,False,True,False,True,True,False,False,False,False,True,False,True,False,False,False,True,False,True,False,False,False,False,False,True,False,False,True,False,Normal_Weight
-0.2070567302236356,-1.1971923233781536,-1.4735957991687152,True,False,False,True,False,True,False,True,False,True,False,False,False,False,True,False,False,True,False,True,False,False,False,False,False,True,False,False,True,False,Normal_Weight
-0.6790834661870204,1.0540285399793792,-0.4424698301169366,False,True,True,False,False,True,False,False,True,False,False,False,True,True,False,False,False,True,False,False,False,True,False,True,False,False,False,False,True,False,Normal_Weight
-1.3084524474715336,-0.4467853689256443,-1.0916972921125008,True,False,True,False,True,False,False,True,False,True,False,False,False,False,False,True,False,True,False,True,False,False,False,False,True,False,False,False,False,True,Normal_Weight
-1.1511102021504052,0.9468275464861633,-1.1298871428181223,False,True,False,True,False,True,False,True,False,False,False,False,True,False,True,False,False,True,False,False,False,True,False,False,True,False,False,False,False,True,Insufficient_Weight
-1.1511102021504052,0.1964205920336515,-0.9389378892900152,False,True,True,False,False,True,False,True,False,False,False,True,False,True,False,False,False,True,False,False,False,False,True,False,True,False,False,False,False,True,Normal_Weight
-1.3084524474715336,-1.0899913298849377,-1.1298871428181223,True,False,True,False,False,True,False,False,True,False,False,True,False,False,False,True,False,True,False,False,False,False,True,True,False,False,False,False,False,True,Normal_Weight
-1.1511102021504052,-0.4467853689256443,-1.1680769935237438,False,True,False,True,False,True,True,False,False,False,False,True,False,True,False,False,False,True,False,False,True,False,False,False,True,False,False,False,True,False,Normal_Weight
0.2649700057397492,-0.5539863624188602,-0.9007480385843938,True,False,True,False,False,True,False,False,True,False,False,True,False,False,False,True,False,True,False,False,True,False,False,True,False,False,False,False,False,True,Normal_Weight
0.2649700057397492,-0.017981394952780436,-0.5570393822338009,False,True,True,False,False,True,False,True,False,False,False,True,False,True,False,False,False,True,False,True,False,False,False,True,False,False,False,False,True,False,Normal_Weight
2.1530769495932884,0.5180235725132994,-0.4424698301169366,False,True,False,True,True,False,False,False,True,False,False,True,False,False,True,False,False,True,False,False,False,True,False,False,True,False,False,False,False,True,Normal_Weight
-0.993767956829277,0.5180235725132994,-0.6334190836450437,False,True,True,False,False,True,False,False,True,False,False,False,True,False,False,True,False,True,False,False,True,False,False,False,True,False,False,False,False,True,Normal_Weight
0.10762776041862093,-1.5187953038578017,-1.5881653512855796,True,False,True,False,False,True,False,True,False,False,False,True,False,False,False,True,False,True,False,True,False,False,False,True,False,False,False,False,True,False,Normal_Weight
0.42231225106087744,-1.6259962973510176,-0.9007480385843938,True,False,True,False,False,True,False,True,False,False,False,True,False,False,False,True,False,True,False,True,False,False,False,False,True,False,False,False,True,False,Overweight_Level_I
-0.5217412208658921,-0.3395843754324283,-0.747988635761908,False,True,False,True,False,True,False,False,True,True,False,False,False,True,False,False,False,True,False,False,True,False,False,False,True,False,False,False,False,True,Normal_Weight
2.1530769495932884,0.5180235725132994,-0.4424698301169366,False,True,False,True,True,False,False,False,True,False,False,True,False,False,True,False,False,True,False,False,False,False,True,False,True,False,False,False,False,True,Normal_Weight
-0.2070567302236356,0.5180235725132994,-1.1680769935237438,True,False,True,False,True,False,False,False,True,False,False,True,False,False,True,False,False,True,False,False,False,True,False,True,False,False,False,False,True,False,Insufficient_Weight
-0.993767956829277,1.0540285399793792,-0.5570393822338009,False,True,False,True,False,True,False,True,False,False,False,True,False,False,False,True,False,True,False,False,False,False,True,True,False,False,False,False,True,False,Normal_Weight
0.8943389870242623,-0.5539863624188602,-0.5952292329394223,True,False,False,True,False,True,False,True,False,False,False,True,False,False,False,True,False,True,False,True,False,False,False,True,False,False,False,False,True,False,Overweight_Level_I
-0.5217412208658921,-1.6259962973510176,-1.0916972921125008,True,False,True,False,False,True,False,True,False,True,False,False,False,False,False,True,False,True,False,False,True,False,False,True,False,False,False,False,True,False,Normal_Weight
-0.993767956829277,-0.017981394952780436,-1.1948098890176788,False,True,False,True,False,True,False,False,True,False,False,True,False,False,False,True,False,True,False,False,False,False,True,True,False,False,False,False,True,False,Normal_Weight
-0.2070567302236356,0.1964205920336515,-0.40427997941131516,False,True,False,True,True,False,False,False,True,False,False,False,True,False,True,False,False,True,False,True,False,False,False,True,False,False,False,False,True,False,Overweight_Level_I
-0.8364257115081487,0.41082257902008346,-0.480659680822558,False,True,False,True,True,False,False,False,True,True,False,False,False,False,False,True,False,True,False,False,False,False,True,False,True,False,False,False,True,False,Normal_Weight
-0.8364257115081487,-0.5539863624188602,-0.17514087517758659,True,False,False,True,False,True,False,False,True,False,False,True,False,False,False,True,False,True,False,True,False,False,False,False,True,False,False,False,True,False,Obesity_Type_I
-1.1511102021504052,1.0540285399793792,-1.3972160977574724,True,False,True,False,False,True,False,False,True,False,False,False,True,False,True,False,False,True,False,False,False,True,False,False,True,False,False,False,True,False,Insufficient_Weight
-1.1511102021504052,0.41082257902008346,-1.1680769935237438,False,True,False,True,False,True,False,True,False,False,False,True,False,False,False,True,False,True,False,False,False,True,False,False,True,False,False,False,False,True,Normal_Weight
0.42231225106087744,1.590033507445459,-0.4424698301169366,False,True,False,True,False,True,False,True,False,True,False,False,False,False,False,True,False,True,False,False,True,False,False,True,False,False,False,False,False,True,Normal_Weight
-0.2070567302236356,-0.017981394952780436,-1.1680769935237438,True,False,True,False,True,False,False,False,True,False,False,False,True,True,False,False,False,False,True,False,False,False,True,True,False,False,False,False,False,True,Normal_Weight
-0.993767956829277,-2.698006232283177,-1.282646545640608,True,False,True,False,False,True,False,True,False,False,False,True,False,False,True,False,False,False,True,False,True,False,False,False,False,True,False,True,False,False,Overweight_Level_I
-0.8364257115081487,-0.017981394952780436,-1.3972160977574724,False,True,True,False,False,True,True,False,False,False,False,False,True,False,True,False,False,True,False,False,False,True,False,False,True,False,False,False,True,False,Insufficient_Weight
-0.6790834661870204,-0.017981394952780436,-0.8243683371731508,False,True,True,False,False,True,False,True,False,False,False,True,False,False,False,True,False,True,False,True,False,False,False,False,True,False,False,False,False,True,Normal_Weight
-0.993767956829277,0.8396265529929473,-0.8472822475965235,False,True,False,True,False,True,False,False,True,False,False,True,False,False,True,False,False,True,False,False,False,False,True,False,False,True,False,False,False,True,Normal_Weight
-1.1511102021504052,-1.0899913298849377,-0.8243683371731508,True,False,True,False,False,True,False,False,True,True,False,False,False,False,False,True,False,False,True,False,True,False,False,False,False,True,False,False,True,False,Overweight_Level_I
-0.8364257115081487,-1.8403982843374496,-1.7027349034024437,True,False,True,False,True,False,False,True,False,False,False,True,False,False,False,True,False,False,True,False,False,True,False,True,False,False,False,True,False,False,Insufficient_Weight
-0.5217412208658921,1.0540285399793792,-0.5570393822338009,False,True,True,False,False,True,False,False,True,False,False,True,False,False,False,True,False,True,False,False,True,False,False,False,True,False,False,False,False,True,Normal_Weight
-0.6790834661870204,-1.0899913298849377,-1.3972160977574724,False,True,True,False,True,False,False,True,False,False,False,True,False,False,False,True,False,True,False,True,False,False,False,True,False,False,False,False,True,False,Normal_Weight
-0.2070567302236356,0.41082257902008346,0.7032256910517063,False,True,False,True,False,True,False,False,True,False,False,True,False,False,False,True,False,True,False,False,True,False,False,True,False,False,False,False,True,False,Obesity_Type_I
-0.2070567302236356,-0.5539863624188602,-0.7861784864675294,False,True,True,False,True,False,False,False,True,False,False,True,False,False,False,True,False,True,False,False,False,False,True,True,False,False,False,False,False,True,Normal_Weight
-0.993767956829277,1.804435494431891,3.3001355390339633,False,True,False,True,False,True,False,False,True,False,False,True,False,False,True,False,False,True,False,False,False,True,False,False,True,False,False,False,True,False,Obesity_Type_III
-1.1511102021504052,-0.017981394952780436,-1.2062668442293651,False,True,True,False,False,True,False,False,True,False,False,True,False,True,False,False,False,True,False,False,False,False,True,False,True,False,False,False,True,False,Normal_Weight
-0.5217412208658921,-1.7331972908442335,-1.5117856498743365,True,False,False,True,True,False,False,False,True,False,False,True,False,True,False,False,False,True,False,False,False,True,False,True,False,False,False,False,False,True,Normal_Weight
-1.1511102021504052,1.0540285399793792,0.3977068854067348,False,True,False,True,False,True,False,True,False,False,False,True,False,False,False,True,False,True,False,False,True,False,False,False,True,False,False,False,True,False,Overweight_Level_II
-0.993767956829277,1.2684305269658112,-0.2515205765888294,False,True,False,True,False,True,False,True,False,False,False,True,False,False,False,True,False,True,False,False,False,False,True,False,False,True,False,False,False,True,Normal_Weight
-0.6790834661870204,2.983646422857264,1.467022705164135,False,True,False,True,False,True,False,True,False,False,False,True,False,True,False,False,False,True,False,False,True,False,False,False,True,False,False,False,True,False,Obesity_Type_I
-1.1511102021504052,0.5180235725132994,-0.6334190836450437,False,True,False,True,True,False,False,True,False,False,False,True,False,False,False,True,False,True,False,False,False,False,True,False,False,True,False,False,True,False,Normal_Weight
0.2649700057397492,-0.5539863624188602,-1.015317590701258,True,False,True,False,True,False,False,False,True,False,False,False,True,True,False,False,False,True,False,False,False,True,False,True,False,False,False,False,False,True,Normal_Weight
-1.1511102021504052,-1.0899913298849377,-1.282646545640608,True,False,True,False,False,True,True,False,False,False,False,True,False,False,False,True,False,True,False,False,False,True,False,False,False,True,False,False,True,False,Normal_Weight
-0.049714484902507336,-1.0899913298849377,-1.3590262470518508,True,False,False,True,False,True,True,False,False,False,False,True,False,False,False,True,False,True,False,True,False,False,False,False,True,False,False,False,True,False,Normal_Weight
-1.1511102021504052,-1.0899913298849377,-1.0535074414068795,True,False,True,False,False,True,False,True,False,False,False,True,False,False,False,True,False,True,False,False,True,False,False,False,False,True,False,False,False,True,Normal_Weight
0.42231225106087744,-1.6259962973510176,-0.9389378892900152,True,False,True,False,False,True,False,False,True,True,False,False,False,False,False,True,False,True,False,False,True,False,False,True,False,False,False,False,True,False,Overweight_Level_I
-1.1511102021504052,2.1260384749115366,-1.015317590701258,False,True,True,False,True,False,False,False,True,False,False,True,False,False,False,True,False,True,False,False,False,False,True,False,True,False,False,False,False,True,Insufficient_Weight
-1.1511102021504052,-0.017981394952780436,-1.1680769935237438,True,False,False,True,False,True,True,False,False,False,False,True,False,False,False,True,False,True,False,False,True,False,False,False,True,False,False,False,False,True,Normal_Weight
2.6251036855566734,0.5180235725132994,0.8941749445798134,False,True,False,True,True,False,False,True,False,True,False,False,False,False,False,True,False,True,False,False,True,False,False,True,False,False,False,True,False,False,Obesity_Type_II
1.3663657229876471,-1.5187953038578017,-1.4735957991687152,True,False,False,True,True,False,False,True,False,False,False,True,False,False,False,True,False,True,False,False,True,False,False,True,False,False,False,False,True,False,Normal_Weight
-0.6790834661870204,1.804435494431891,-0.4424698301169366,False,True,True,False,False,True,False,True,False,False,False,True,False,False,True,False,False,True,False,False,True,False,False,False,True,False,False,False,True,False,Normal_Weight
2.467761440235545,-1.5187953038578017,-0.2515205765888294,True,False,False,True,False,True,False,True,False,True,False,False,False,False,False,True,False,True,False,False,False,True,False,True,False,False,False,False,False,True,Obesity_Type_I
1.99573470427216,-0.5539863624188602,-0.5188495315281795,True,False,False,True,True,False,False,False,True,False,False,True,False,False,False,True,False,True,False,False,True,False,False,True,False,False,False,False,True,False,Overweight_Level_I
-0.8364257115081487,1.0540285399793792,-0.2515205765888294,False,True,True,False,False,True,False,True,False,True,False,False,False,False,False,True,False,True,False,False,False,True,False,False,True,False,False,False,True,False,Normal_Weight
-0.049714484902507336,1.4828325139522431,-0.022381472355100875,False,True,False,True,False,True,False,True,False,True,False,False,False,True,False,False,False,True,False,False,False,True,False,False,True,False,False,False,True,False,Overweight_Level_I
-0.049714484902507336,-0.017981394952780436,-0.7097987850562866,False,True,True,False,False,True,False,False,True,False,False,True,False,False,False,True,False,True,False,True,False,False,False,True,False,False,False,False,True,False,Normal_Weight
1.3663657229876471,0.1964205920336515,-0.13695102447196517,False,True,False,True,False,True,False,True,False,True,False,False,False,False,False,True,False,True,False,False,False,False,True,True,False,False,False,False,True,False,Overweight_Level_II
2.467761440235545,-1.3043933168713697,-0.9007480385843938,True,False,True,False,False,True,False,True,False,False,False,True,False,False,True,False,False,True,False,False,False,False,True,False,True,False,False,False,True,False,Overweight_Level_I
1.99573470427216,-0.23238338193921237,-0.13695102447196517,True,False,False,True,False,True,False,True,False,True,False,False,False,False,False,True,False,True,False,True,False,False,False,True,False,False,False,False,False,True,Overweight_Level_II
-0.6790834661870204,-1.3043933168713697,-0.480659680822558,False,True,True,False,True,False,False,False,True,False,False,True,False,False,True,False,False,True,False,False,False,False,True,False,True,False,False,False,True,False,Overweight_Level_II
-0.8364257115081487,1.0540285399793792,-1.015317590701258,False,True,True,False,False,True,False,True,False,False,False,True,False,False,False,True,False,True,False,False,True,False,False,False,True,False,False,False,False,True,Normal_Weight
-1.1511102021504052,-0.8755893428985058,-0.6716089343506652,False,True,False,True,False,True,False,False,True,True,False,False,False,True,False,False,False,False,True,False,True,False,False,False,False,True,False,False,True,False,Overweight_Level_I
-0.993767956829277,-0.8755893428985058,-1.0916972921125008,True,False,True,False,False,True,False,False,True,False,False,True,False,False,False,True,False,True,False,True,False,False,False,False,False,True,False,False,False,True,Normal_Weight
-0.5217412208658921,-1.7331972908442335,-1.1680769935237438,True,False,True,False,False,True,False,True,False,True,False,False,False,False,False,True,False,True,False,True,False,False,False,False,False,True,False,False,True,False,Normal_Weight
-0.993767956829277,0.6252245660065153,-0.6334190836450437,False,True,False,True,False,True,False,True,False,False,False,False,True,False,True,False,False,True,False,False,False,True,False,False,True,False,False,False,True,False,Normal_Weight
2.6251036855566734,1.0540285399793792,0.2067576318786277,False,True,False,True,False,True,False,True,False,True,False,False,False,False,True,False,False,True,False,False,True,False,False,True,False,False,False,False,True,False,Overweight_Level_II
1.8383924589510319,-1.3043933168713697,-1.015317590701258,True,False,False,True,True,False,False,False,True,False,False,True,False,False,False,True,False,True,False,False,False,True,False,True,False,False,False,False,True,False,Normal_Weight
-0.993767956829277,0.6252245660065153,-0.7097987850562866,False,True,True,False,True,False,False,True,False,False,False,False,True,False,True,False,False,True,False,False,True,False,False,False,True,False,False,False,True,False,Normal_Weight
-0.993767956829277,0.30362158552686747,-0.6334190836450437,False,True,True,False,False,True,False,False,True,False,False,True,False,False,True,False,False,True,False,False,False,True,False,False,True,False,False,False,True,False,Normal_Weight
-1.1511102021504052,-0.017981394952780436,-0.6334190836450437,False,True,False,True,False,True,False,False,True,False,False,True,False,False,False,True,False,True,False,True,False,False,False,False,False,True,False,False,True,False,Normal_Weight
0.10762776041862093,-0.017981394952780436,-0.13695102447196517,False,True,True,False,False,True,False,False,True,False,False,True,False,False,False,True,False,False,True,False,False,False,True,True,False,False,False,False,False,True,Overweight_Level_II
-0.5217412208658921,1.0540285399793792,-0.4424698301169366,False,True,False,True,False,True,False,False,True,False,False,True,False,False,True,False,False,True,False,False,False,True,False,True,False,False,False,False,True,False,Normal_Weight
0.736996741703134,-1.0899913298849377,-1.1680769935237438,True,False,False,True,True,False,False,True,False,False,False,True,False,False,True,False,False,True,False,True,False,False,False,False,True,False,False,False,True,False,Normal_Weight
-1.1511102021504052,-0.017981394952780436,0.4358967361123563,False,True,False,True,True,False,False,True,False,False,False,True,False,False,False,True,False,True,False,True,False,False,False,False,True,False,False,False,True,False,Obesity_Type_I
-0.993767956829277,-1.0899913298849377,-1.015317590701258,True,False,False,True,False,True,False,False,True,True,False,False,False,False,False,True,False,False,True,True,False,False,False,False,False,True,False,False,False,True,Normal_Weight
-1.3084524474715336,-1.6259962973510176,-1.5881653512855796,True,False,True,False,False,True,False,True,False,False,False,True,False,False,True,False,False,True,False,False,True,False,False,False,True,False,False,False,False,True,Normal_Weight
-0.993767956829277,-1.1971923233781536,-1.282646545640608,True,False,True,False,True,False,True,False,False,False,False,True,False,False,False,True,False,True,False,False,True,False,False,False,False,True,False,False,False,True,Normal_Weight
1.99573470427216,-2.162001264817097,-0.4424698301169366,True,False,False,True,False,True,False,True,False,False,False,True,False,False,True,False,False,True,False,True,False,False,False,True,False,False,False,False,True,False,Obesity_Type_I
-0.993767956829277,0.8396265529929473,0.8177952431685706,False,True,False,True,True,False,False,True,False,False,False,True,False,False,False,True,False,True,False,False,True,False,False,True,False,False,False,False,False,True,Obesity_Type_I
-1.3084524474715336,-0.9827903363917218,-0.8243683371731508,True,False,False,True,False,True,True,False,False,True,False,False,False,False,False,True,False,True,False,True,False,False,False,True,False,False,False,False,False,True,Overweight_Level_I
-0.2070567302236356,0.08921959854043553,-1.3972160977574724,False,True,False,True,False,True,False,True,False,False,False,True,False,True,False,False,False,True,False,True,False,False,False,False,False,True,False,False,False,True,Insufficient_Weight
-0.993767956829277,-0.017981394952780436,-1.3972160977574724,True,False,True,False,True,False,False,True,False,False,False,True,False,False,False,True,False,True,False,True,False,False,False,False,True,False,False,False,True,False,Insufficient_Weight
-0.993767956829277,0.6252245660065153,-0.6525140089978545,False,True,True,False,True,False,False,False,True,False,False,True,False,False,True,False,False,True,False,False,False,True,False,False,False,True,False,False,False,True,Normal_Weight
-0.993767956829277,-0.017981394952780436,-0.3279002780000723,False,True,True,False,False,True,True,False,False,False,False,True,False,False,False,True,False,True,False,True,False,False,False,False,True,False,False,False,True,False,Overweight_Level_II
-1.1511102021504052,-1.8403982843374496,-1.2062668442293651,True,False,False,True,False,True,False,True,False,False,False,True,False,False,False,True,False,True,False,True,False,False,False,False,True,False,False,False,False,True,Normal_Weight
-0.6790834661870204,-1.7331972908442335,-1.817304455519308,True,False,False,True,False,True,True,False,False,False,False,True,False,False,False,True,False,True,False,False,False,False,True,False,False,True,False,False,True,False,Insufficient_Weight
2.1530769495932884,-1.6259962973510176,-1.0535074414068795,True,False,False,True,True,False,False,False,True,False,False,True,False,False,False,True,False,True,False,False,False,True,False,False,True,False,False,True,False,False,Normal_Weight
-0.6790834661870204,-0.4467853689256443,-1.015317590701258,False,True,True,False,False,True,False,True,False,False,False,False,True,False,True,False,False,True,False,True,False,False,False,True,False,False,False,False,False,True,Normal_Weight
-0.5217412208658921,1.590033507445459,1.467022705164135,False,True,False,True,False,True,False,False,True,True,False,False,False,True,False,False,False,True,False,True,False,False,False,True,False,False,False,False,True,False,Obesity_Type_II
-0.5217412208658921,-0.5539863624188602,-1.015317590701258,False,True,True,False,True,False,False,False,True,True,False,False,False,False,True,False,False,True,False,True,False,False,False,True,False,False,False,False,True,False,Normal_Weight
-0.993767956829277,-0.5539863624188602,-0.6334190836450437,False,True,False,True,True,False,False,True,False,False,False,True,False,False,False,True,False,True,False,True,False,False,False,True,False,False,False,False,False,True,Overweight_Level_I
0.2649700057397492,1.375631520459027,-0.17514087517758659,False,True,True,False,False,True,False,True,False,False,False,True,False,True,False,False,False,True,False,False,True,False,False,False,True,False,False,False,True,False,Normal_Weight
0.42231225106087744,1.375631520459027,0.4740865868179777,False,True,False,True,False,True,False,False,True,True,False,False,False,False,True,False,False,True,False,False,False,True,False,False,True,False,False,False,True,False,Overweight_Level_II
0.2649700057397492,-0.4467853689256443,0.9705546459910562,True,False,False,True,True,False,False,False,True,False,False,True,False,False,False,True,False,True,False,True,False,False,False,True,False,False,False,False,False,True,Obesity_Type_III
1.5237079683087753,0.8396265529929473,-0.5188495315281795,False,True,True,False,False,True,False,True,False,False,False,True,False,False,False,True,False,True,False,False,False,False,True,False,True,False,False,False,True,False,Normal_Weight
-0.993767956829277,0.41082257902008346,-0.022381472355100875,False,True,True,False,True,False,False,False,True,False,False,True,False,False,False,True,False,True,False,False,False,False,True,True,False,False,False,False,False,True,Overweight_Level_II
1.3663657229876471,0.6252245660065153,-0.7670835611147188,False,True,True,False,True,False,False,True,False,False,False,True,False,False,False,True,False,True,False,False,False,False,True,False,True,False,False,False,True,False,Normal_Weight
-0.8364257115081487,-2.0548002713238813,-1.0535074414068795,True,False,False,True,False,True,False,False,True,False,False,True,False,False,True,False,False,True,False,False,True,False,False,False,False,True,False,False,True,False,Overweight_Level_I
-0.6790834661870204,1.1612295334725953,-0.2897104272944509,False,True,False,True,True,False,False,False,True,True,False,False,False,False,False,True,False,True,False,True,False,False,False,True,False,False,False,False,True,False,Normal_Weight
1.3663657229876471,-1.6259962973510176,-1.2062668442293651,True,False,False,True,False,True,False,False,True,True,False,False,False,False,False,True,False,True,False,False,False,True,False,False,True,False,False,False,True,False,Normal_Weight
-0.6790834661870204,1.375631520459027,-0.7861784864675294,False,True,True,False,True,False,False,True,False,False,False,True,False,False,False,True,False,True,False,False,True,False,False,False,True,False,False,False,False,True,Normal_Weight
-0.6790834661870204,-1.0899913298849377,-0.8243683371731508,True,False,True,False,True,False,False,False,True,False,False,True,False,False,False,True,False,False,True,True,False,False,False,True,False,False,False,False,True,False,Overweight_Level_I
1.3663657229876471,1.590033507445459,-0.060571323060722305,False,True,True,False,False,True,False,True,False,False,False,True,False,False,True,False,False,True,False,False,True,False,False,True,False,False,False,False,True,False,Normal_Weight
1.3663657229876471,0.5180235725132994,-0.060571323060722305,False,True,True,False,True,False,False,True,False,False,False,True,False,False,False,True,False,False,True,False,True,False,False,True,False,False,False,False,True,False,Overweight_Level_II
1.3663657229876471,1.375631520459027,1.0087444966966777,False,True,False,True,False,True,False,True,False,True,False,False,False,True,False,False,False,True,False,False,True,False,False,False,False,True,False,True,False,False,Obesity_Type_I
-1.6231369381137901,0.08921959854043553,-0.5570393822338009,False,True,False,True,False,True,False,False,True,False,False,True,False,False,False,True,False,True,False,False,False,True,False,False,True,False,False,False,False,True,Normal_Weight
1.5237079683087753,1.4828325139522431,0.05399822905614198,False,True,True,False,False,True,False,False,True,False,False,True,False,False,False,True,False,False,True,False,False,True,False,True,False,False,False,False,False,True,Overweight_Level_I
-0.993767956829277,0.7324255594997313,0.015808378350520555,False,True,False,True,False,True,False,False,True,False,False,True,False,False,False,True,False,True,False,False,True,False,False,False,True,False,False,True,False,False,Overweight_Level_II
-0.993767956829277,-0.017981394952780436,0.13037793046738483,False,True,True,False,False,True,False,False,True,False,False,True,False,False,False,True,False,True,False,False,False,True,False,True,False,False,False,False,True,False,Obesity_Type_I
0.736996741703134,-0.8755893428985058,0.09218807976176341,False,True,False,True,False,True,True,False,False,False,False,True,False,False,False,True,False,True,False,True,False,False,False,True,False,False,False,False,True,False,Obesity_Type_I
-0.993767956829277,1.590033507445459,-1.015317590701258,False,True,False,True,False,True,False,False,True,False,False,False,True,False,False,True,False,False,True,False,False,True,False,True,False,False,False,False,True,False,Insufficient_Weight
-0.993767956829277,1.4828325139522431,-1.015317590701258,False,True,False,True,False,True,False,False,True,False,False,False,True,False,False,True,False,False,True,False,False,True,False,True,False,False,False,False,True,False,Insufficient_Weight
-0.8364257115081487,0.5180235725132994,-1.0916972921125008,False,True,True,False,False,True,False,True,False,False,False,True,False,False,False,True,False,True,False,False,False,True,False,True,False,False,False,False,True,False,Normal_Weight
1.3663657229876471,1.590033507445459,0.24494748258424912,False,True,False,True,False,True,False,True,False,False,False,True,False,False,False,True,False,True,False,False,True,False,False,False,True,False,False,False,True,False,Overweight_Level_II
1.3663657229876471,0.41082257902008346,-0.40427997941131516,False,True,True,False,True,False,False,True,False,False,False,True,False,False,False,True,False,True,False,True,False,False,False,False,False,True,False,False,True,False,Overweight_Level_I
-0.8364257115081487,-0.9827903363917218,-1.252094665076111,True,False,False,True,False,True,False,True,False,False,False,True,False,True,False,False,False,True,False,False,False,True,False,False,True,False,False,False,True,False,Normal_Weight
-0.36439897554476386,0.5180235725132994,-0.6334190836450437,False,True,True,False,True,False,False,True,False,False,False,True,False,False,False,True,False,True,False,False,True,False,False,False,True,False,False,False,False,True,Normal_Weight
-0.6790834661870204,-0.3395843754324283,-1.015317590701258,True,False,True,False,False,True,False,False,True,False,False,True,False,False,False,False,True,True,False,False,False,False,True,True,False,False,False,False,True,False,Normal_Weight
-0.2070567302236356,-0.017981394952780436,-0.6716089343506652,False,True,True,False,False,True,False,False,True,True,False,False,False,False,True,False,False,True,False,False,False,True,False,False,True,False,False,False,True,False,Normal_Weight
0.2649700057397492,2.1260384749115366,-0.2515205765888294,False,True,False,True,False,True,False,True,False,False,False,True,False,False,True,False,False,False,True,False,True,False,False,True,False,False,False,False,True,False,Normal_Weight
-0.993767956829277,-0.5539863624188602,-0.060571323060722305,False,True,True,False,False,True,False,True,False,False,False,True,False,False,False,True,False,True,False,False,True,False,False,True,False,False,False,False,True,False,Obesity_Type_I
-0.993767956829277,-1.0899913298849377,-1.2062668442293651,True,False,True,False,False,True,False,True,False,False,False,False,True,False,True,False,False,True,False,False,False,True,False,False,True,False,False,False,True,False,Normal_Weight
-0.8364257115081487,1.0540285399793792,-0.6334190836450437,False,True,True,False,False,True,False,False,True,False,False,True,False,False,True,False,False,True,False,False,False,True,False,True,False,False,False,False,False,True,Normal_Weight
-0.993767956829277,-0.6611873559120762,-1.0535074414068795,True,False,False,True,False,True,False,True,False,False,False,True,False,False,False,True,False,True,False,False,True,False,False,False,True,False,False,False,True,False,Normal_Weight
-0.8364257115081487,2.0188374814183208,0.015808378350520555,False,True,True,False,False,True,False,True,False,False,False,False,True,False,True,False,False,True,False,False,False,False,True,False,True,False,False,True,False,False,Normal_Weight
-0.8364257115081487,0.6252245660065153,-0.2515205765888294,True,False,False,True,False,True,False,True,False,True,False,False,False,False,False,True,False,True,False,False,False,False,True,False,True,False,False,False,False,True,Overweight_Level_I
-0.993767956829277,-1.5187953038578017,-1.2062668442293651,True,False,True,False,False,True,False,True,False,False,False,True,False,False,False,True,False,True,False,True,False,False,False,True,False,False,False,True,False,False,Normal_Weight
-0.993767956829277,-1.0899913298849377,-1.1680769935237438,True,False,False,True,False,True,False,True,False,True,False,False,False,True,False,False,False,True,False,False,True,False,False,True,False,False,False,False,True,False,Normal_Weight
-0.8364257115081487,-0.3395843754324283,-0.8625581878787723,True,False,True,False,False,True,False,False,True,False,False,True,False,False,False,True,False,True,False,False,False,True,False,False,True,False,False,False,True,False,Normal_Weight
-0.8364257115081487,-1.0899913298849377,-1.015317590701258,True,False,True,False,False,True,False,True,False,False,False,True,False,False,True,False,False,True,False,True,False,False,False,False,True,False,False,False,True,False,Normal_Weight
-0.993767956829277,-1.6259962973510176,-1.1680769935237438,True,False,True,False,False,True,False,True,False,False,False,True,False,False,False,True,False,True,False,True,False,False,False,True,False,False,False,False,False,True,Normal_Weight
-0.993767956829277,-1.6259962973510176,-1.3972160977574724,True,False,False,True,False,True,False,False,True,False,False,True,False,False,True,False,False,True,False,False,True,False,False,False,False,True,False,False,False,True,Normal_Weight
0.2649700057397492,0.1964205920336515,-0.8243683371731508,False,True,False,True,False,True,False,True,False,False,False,True,False,False,False,True,False,True,False,True,False,False,False,False,True,False,False,False,True,False,Normal_Weight
-0.993767956829277,0.1964205920336515,-1.282646545640608,False,True,False,True,False,True,False,True,False,False,False,True,False,False,False,True,False,True,False,True,False,False,False,False,False,True,False,False,True,False,Insufficient_Weight
-0.8364257115081487,-0.017981394952780436,-1.015317590701258,False,True,False,True,False,True,False,True,False,True,False,False,False,False,False,True,False,True,False,False,False,True,False,True,False,False,False,False,True,False,Normal_Weight
-0.8364257115081487,-2.0548002713238813,-1.5881653512855796,True,False,True,False,False,True,False,True,False,False,False,False,True,False,False,True,False,True,False,False,False,False,True,True,False,False,False,False,True,False,Normal_Weight
-0.8364257115081487,1.375631520459027,-0.17514087517758659,False,True,False,True,False,True,False,False,True,False,False,True,False,False,True,False,False,True,False,False,False,True,False,True,False,False,False,False,True,False,Normal_Weight
-0.8364257115081487,1.0540285399793792,0.015808378350520555,False,True,False,True,False,True,False,True,False,False,False,False,True,False,False,True,False,True,False,False,False,True,False,False,True,False,False,False,True,False,Overweight_Level_I
-0.049714484902507336,-1.0899913298849377,0.5313713628764098,True,False,False,True,False,True,False,False,True,True,False,False,False,False,False,True,False,True,False,True,False,False,False,False,False,True,False,False,True,False,Obesity_Type_II
-0.993767956829277,-0.7683883494052922,-0.9007480385843938,True,False,False,True,False,True,True,False,False,False,False,True,False,False,False,True,False,True,False,False,False,True,False,False,False,True,False,False,True,False,Normal_Weight
-0.8364257115081487,0.08921959854043553,-0.5952292329394223,False,True,True,False,False,True,False,False,True,False,False,True,False,False,False,True,False,True,False,False,True,False,False,False,True,False,False,False,True,False,Normal_Weight
-0.8364257115081487,-0.017981394952780436,-0.8243683371731508,False,True,False,True,True,False,False,True,False,False,False,True,False,False,True,False,False,True,False,False,True,False,False,True,False,False,False,False,False,True,Normal_Weight
-0.2070567302236356,0.5180235725132994,-0.6716089343506652,False,True,True,False,True,False,False,False,True,False,False,True,False,False,False,False,True,True,False,False,False,True,False,False,True,False,False,False,True,False,Normal_Weight
-0.993767956829277,-0.8755893428985058,-1.3972160977574724,True,False,True,False,False,True,False,False,True,False,False,True,False,False,False,True,False,True,False,True,False,False,False,True,False,False,False,False,True,False,Normal_Weight
-0.6790834661870204,-0.23238338193921237,-0.7097987850562866,True,False,True,False,False,True,False,False,True,True,False,False,False,False,False,True,False,True,False,False,True,False,False,True,False,False,False,False,False,True,Normal_Weight
-0.993767956829277,1.590033507445459,-0.7861784864675294,False,True,True,False,False,True,False,True,False,False,False,True,False,False,True,False,False,True,False,False,True,False,False,False,True,False,False,False,True,False,Normal_Weight
1.3663657229876471,-1.1971923233781536,-1.015317590701258,True,False,True,False,False,True,False,False,True,True,False,False,False,False,True,False,False,True,False,True,False,False,False,True,False,False,False,False,False,True,Normal_Weight
-0.8364257115081487,-2.162001264817097,-1.5881653512855796,True,False,True,False,False,True,False,True,False,False,False,True,False,False,False,True,False,True,False,True,False,False,False,True,False,False,False,False,True,False,Normal_Weight
-0.8364257115081487,-0.1251823884459964,-1.015317590701258,False,True,True,False,False,True,False,True,False,False,False,True,False,True,False,False,False,True,False,False,True,False,False,False,True,False,False,False,True,False,Normal_Weight
-0.8364257115081487,0.6252245660065153,-0.2897104272944509,False,True,False,True,False,True,False,True,False,False,False,True,False,False,True,False,False,True,False,False,True,False,False,False,False,True,False,True,False,False,Overweight_Level_I
-0.993767956829277,-0.8755893428985058,-1.2062668442293651,True,False,False,True,False,True,False,True,False,False,False,True,False,False,True,False,False,True,False,False,True,False,False,False,True,False,False,False,False,True,Normal_Weight
-0.5217412208658921,0.08921959854043553,0.5122764375235991,False,True,False,True,False,True,False,True,False,True,False,False,False,False,False,True,False,True,False,True,False,False,False,False,False,True,False,False,False,True,Obesity_Type_I
0.42231225106087744,0.1964205920336515,0.05399822905614198,False,True,False,True,False,True,False,True,False,True,False,False,False,True,False,False,False,True,False,True,False,False,False,True,False,False,False,False,True,False,Overweight_Level_II
-1.1511102021504052,1.0540285399793792,-0.7097987850562866,False,True,False,True,True,False,False,True,False,False,False,True,False,False,False,True,False,True,False,False,False,True,False,False,True,False,False,False,True,False,Normal_Weight
-0.993767956829277,2.4476414553911843,-0.022381472355100875,False,True,True,False,True,False,False,False,True,False,False,False,True,True,False,False,False,True,False,False,False,True,False,True,False,False,False,False,True,False,Normal_Weight
-0.993767956829277,-1.0899913298849377,-1.3590262470518508,True,False,False,True,False,True,False,True,False,False,False,True,False,False,True,False,False,True,False,False,True,False,False,False,True,False,False,False,True,False,Normal_Weight
-0.36439897554476386,0.41082257902008346,-0.4424698301169366,False,True,False,True,False,True,False,False,True,False,False,True,False,False,True,False,False,True,False,False,True,False,False,True,False,False,False,False,False,True,Normal_Weight
-0.36439897554476386,0.41082257902008346,-0.4424698301169366,False,True,False,True,False,True,False,False,True,False,False,True,False,False,True,False,False,True,False,False,True,False,False,True,False,False,False,False,False,True,Normal_Weight
-0.6790834661870204,-0.8755893428985058,-1.5881653512855796,True,False,True,False,False,True,False,False,True,False,False,True,False,False,True,False,False,True,False,False,True,False,False,True,False,False,False,False,True,False,Insufficient_Weight
-0.8364257115081487,-1.7331972908442335,-1.7027349034024437,True,False,True,False,False,True,False,False,True,True,False,False,False,False,False,True,False,True,False,True,False,False,False,False,True,False,False,False,False,True,Insufficient_Weight
-0.6790834661870204,-1.5187953038578017,-1.3399313216990403,True,False,True,False,False,True,False,True,False,False,False,True,False,False,True,False,False,True,False,False,False,False,True,True,False,False,False,False,True,False,Normal_Weight
-0.993767956829277,-1.0899913298849377,-0.13695102447196517,True,False,False,True,False,True,False,True,False,False,False,True,False,False,False,True,False,False,True,False,True,False,False,True,False,False,False,False,False,True,Obesity_Type_I
-0.993767956829277,-1.7331972908442335,-0.5952292329394223,True,False,True,False,True,False,False,False,True,False,False,False,True,False,True,False,False,True,False,False,True,False,False,False,True,False,False,False,False,True,Overweight_Level_II
-0.993767956829277,-0.7683883494052922,-1.3590262470518508,True,False,False,True,False,True,True,False,False,False,False,True,False,False,True,False,False,True,False,False,True,False,False,True,False,False,False,False,True,False,Normal_Weight
-0.8364257115081487,0.8396265529929473,-0.8625581878787723,False,True,True,False,False,True,False,True,False,False,False,True,False,False,False,True,False,True,False,False,True,False,False,True,False,False,False,False,False,True,Normal_Weight
-0.993767956829277,-0.8755893428985058,-0.7097987850562866,True,False,True,False,True,False,False,True,False,True,False,False,False,False,False,True,False,True,False,True,False,False,False,False,False,True,False,False,False,True,Overweight_Level_I
-0.993767956829277,0.08921959854043553,-0.4424698301169366,True,False,False,True,False,True,False,False,True,False,False,True,False,False,False,True,False,True,False,False,True,False,False,True,False,False,False,False,False,True,Overweight_Level_I
-0.993767956829277,-0.6611873559120762,-1.1680769935237438,True,False,False,True,False,True,False,False,True,False,False,True,False,False,True,False,False,False,True,False,True,False,False,False,True,False,False,False,False,True,Normal_Weight
-0.8364257115081487,-0.1251823884459964,-0.8243683371731508,False,True,True,False,False,True,False,True,False,False,False,True,False,False,True,False,False,True,False,False,True,False,False,False,True,False,False,False,True,False,Normal_Weight
-1.1511102021504052,-1.3043933168713697,-1.3972160977574724,True,False,True,False,False,True,True,False,False,False,False,False,True,False,True,False,False,True,False,False,True,False,False,False,False,True,False,False,True,False,Normal_Weight
-0.993767956829277,-1.4115943103645856,-1.3972160977574724,True,False,True,False,False,True,False,True,False,False,False,True,False,False,False,True,False,True,False,True,False,False,False,False,True,False,False,False,True,False,Normal_Weight
-0.993767956829277,0.41082257902008346,-0.8625581878787723,False,True,False,True,False,True,False,False,True,False,False,False,True,False,False,True,False,False,True,False,False,True,False,True,False,False,False,False,True,False,Normal_Weight
-0.6790834661870204,-1.3043933168713697,-1.2635516202877972,True,False,False,True,False,True,False,True,False,True,False,False,False,False,True,False,False,True,False,False,True,False,False,False,True,False,False,False,True,False,Normal_Weight
-0.993767956829277,-2.162001264817097,-1.0916972921125008,True,False,True,False,False,True,False,True,False,False,False,True,False,False,False,True,False,True,False,True,False,False,False,True,False,False,False,False,False,True,Overweight_Level_I
1.8383924589510319,-0.5539863624188602,-0.2515205765888294,True,False,False,True,False,True,False,True,False,False,False,True,False,False,False,True,False,True,False,True,False,False,False,False,False,True,False,False,False,True,Overweight_Level_II
-0.5217412208658921,1.0540285399793792,-0.5188495315281795,False,True,False,True,False,True,True,False,False,False,False,True,False,True,False,False,False,True,False,False,False,False,True,False,True,False,False,False,True,False,Normal_Weight
-0.2070567302236356,0.5180235725132994,-0.4424698301169366,False,True,True,False,False,True,False,True,False,False,False,True,False,False,False,True,False,True,False,False,True,False,False,True,False,False,False,True,False,False,Normal_Weight
-0.6790834661870204,1.4828325139522431,0.6650358403460849,False,True,False,True,True,False,False,True,False,False,False,True,False,False,False,True,False,True,False,False,False,False,True,True,False,False,False,False,False,True,Obesity_Type_I
-0.5217412208658921,1.9116364879251047,-0.09876117376634373,False,True,False,True,False,True,False,False,True,False,False,True,False,False,False,True,False,True,False,False,False,True,False,False,True,False,False,False,True,False,Normal_Weight
-0.8364257115081487,-1.5187953038578017,-1.3972160977574724,True,False,True,False,False,True,False,True,False,True,False,False,False,False,False,True,False,True,False,True,False,False,False,False,False,True,False,False,False,True,Normal_Weight
-0.049714484902507336,0.5180235725132994,-0.09876117376634373,False,True,True,False,False,True,False,False,True,False,False,True,False,False,False,False,True,False,True,False,True,False,False,True,False,False,False,False,True,False,Overweight_Level_II
0.10762776041862093,-0.4467853689256443,-0.7097987850562866,False,True,True,False,False,True,False,True,False,False,False,True,False,False,False,True,False,True,False,False,True,False,False,False,True,False,False,False,True,False,Normal_Weight
3.254472666841186,-0.017981394952780436,-0.022381472355100875,False,True,True,False,False,True,False,False,True,False,False,True,False,False,True,False,False,True,False,True,False,False,False,True,False,False,False,False,False,True,Overweight_Level_II
-0.6790834661870204,1.0540285399793792,-0.8243683371731508,False,True,True,False,False,True,False,True,False,False,False,True,False,False,True,False,False,True,False,False,False,True,False,True,False,False,False,False,True,False,Normal_Weight
-0.993767956829277,-0.3395843754324283,-0.7861784864675294,True,False,True,False,False,True,False,False,True,False,False,True,False,False,False,True,False,True,False,True,False,False,False,True,False,False,False,False,True,False,Normal_Weight
-0.8364257115081487,1.0540285399793792,-1.015317590701258,False,True,False,True,False,True,False,False,True,True,False,False,False,True,False,False,False,False,True,True,False,False,False,True,False,False,False,False,False,True,Normal_Weight
-0.993767956829277,0.1964205920336515,-1.282646545640608,False,True,False,True,False,True,False,True,False,False,False,True,False,False,False,True,False,True,False,True,False,False,False,False,False,True,False,False,True,False,Insufficient_Weight
-0.6790834661870204,-1.5187953038578017,-1.5881653512855796,False,True,True,False,True,False,False,True,False,False,False,True,False,False,False,True,False,True,False,False,True,False,False,False,True,False,False,False,True,False,Normal_Weight
0.10762776041862093,-0.16478243544238888,0.6869076261234025,True,False,False,True,False,True,False,False,True,False,False,True,False,False,False,True,False,True,False,True,False,False,False,False,True,False,False,False,True,False,Obesity_Type_III
-0.8364257115081487,-0.19889379157193038,1.5309441134781896,True,False,False,True,False,True,False,False,True,False,False,True,False,False,False,True,False,True,False,False,False,True,False,False,True,False,False,False,True,False,Obesity_Type_III
0.2649700057397492,-0.8498932647581822,0.9244453659446102,True,False,False,True,False,True,False,False,True,False,False,True,False,False,False,True,False,True,False,True,False,False,False,True,False,False,False,False,True,False,Obesity_Type_III
-0.36439897554476386,0.5785170931415218,1.9557337946212907,True,False,False,True,False,True,False,False,True,False,False,True,False,False,False,True,False,True,False,False,False,True,False,False,True,False,False,False,True,False,Obesity_Type_III
-0.36439897554476386,1.519484533627572,2.996803827949052,True,False,False,True,False,True,False,False,True,False,False,True,False,False,False,True,False,True,False,True,False,False,False,True,False,False,False,False,True,False,Obesity_Type_III
-0.993767956829277,0.4708551353762849,1.773855623571887,True,False,False,True,False,True,False,False,True,False,False,True,False,False,False,True,False,True,False,False,False,True,False,False,True,False,False,False,True,False,Obesity_Type_III
0.2649700057397492,-0.7584508173084697,0.9509065788406255,True,False,False,True,False,True,False,False,True,False,False,True,False,False,False,True,False,True,False,True,False,False,False,True,False,False,False,False,True,False,Obesity_Type_III
0.2649700057397492,-0.7770609097788916,0.6966102923530755,True,False,False,True,False,True,False,False,True,False,False,True,False,False,False,True,False,True,False,True,False,False,False,False,True,False,False,False,True,False,Obesity_Type_III
-0.36439897554476386,0.7389862603015167,1.8093316652965157,True,False,False,True,False,True,False,False,True,False,False,True,False,False,False,True,False,True,False,False,True,False,False,False,True,False,False,False,True,False,Obesity_Type_III
-0.6790834661870204,0.450508386811273,-1.2090345008998522,False,True,False,True,False,True,False,True,False,False,False,True,False,False,False,True,False,True,False,False,False,True,False,False,False,True,False,False,True,False,Insufficient_Weight
-1.1511102021504052,0.752954549753681,-1.1797235231543328,False,True,False,True,False,True,False,True,False,False,False,False,True,False,False,True,False,True,False,False,False,True,False,False,True,False,False,False,True,False,Insufficient_Weight
-0.36439897554476386,0.5583311460667484,-1.1726879215283883,False,True,False,True,False,True,False,True,False,False,False,False,True,False,False,True,False,True,False,False,False,True,False,False,True,False,False,False,True,False,Insufficient_Weight
-0.36439897554476386,-0.2812027143760223,-1.3531373338831933,True,False,False,True,False,True,False,False,True,False,False,True,False,False,True,False,False,True,False,False,False,True,False,False,True,False,False,False,False,True,Insufficient_Weight
-0.5217412208658921,-0.38028859266180054,-1.4021887600280005,True,False,False,True,False,True,False,False,True,False,False,True,False,False,True,False,False,True,False,False,False,True,False,False,True,False,False,False,False,True,Insufficient_Weight
-0.36439897554476386,0.10494598428589146,-1.3221531442087084,True,False,False,True,False,True,False,False,True,False,False,True,False,False,True,False,False,True,False,False,False,True,False,False,True,False,False,False,False,True,Insufficient_Weight
-0.5217412208658921,-1.111227846695944,-1.5940597637927385,True,False,True,False,True,False,False,False,True,False,True,False,False,False,True,False,False,True,False,False,True,False,False,True,False,False,False,False,False,True,Insufficient_Weight
-0.36439897554476386,-1.1316925163538005,-1.6703486497390034,True,False,True,False,True,False,False,False,True,False,False,True,False,False,True,False,False,True,False,False,True,False,False,True,False,False,False,False,False,True,Insufficient_Weight
-0.36439897554476386,-1.3895109057049837,-1.629416691373017,True,False,True,False,True,False,False,False,True,False,True,False,False,False,True,False,False,True,False,False,True,False,False,True,False,False,False,False,False,True,Insufficient_Weight
-0.5217412208658921,-1.2298671861948876,-1.6612031352412748,True,False,True,False,True,False,False,True,False,False,True,False,False,False,True,False,False,True,False,True,False,False,False,True,False,False,False,False,False,True,Insufficient_Weight
-0.2070567302236356,-1.1372669680154461,-1.6041608265449727,True,False,True,False,True,False,False,False,True,True,False,False,False,False,True,False,False,True,False,True,False,False,False,True,False,False,False,False,False,True,Insufficient_Weight
-0.049714484902507336,-1.0899913298849377,-1.5881653512855796,True,False,True,False,True,False,False,False,True,False,False,True,False,False,True,False,False,True,False,False,False,True,False,True,False,False,False,False,False,True,Insufficient_Weight
-0.8364257115081487,-0.1463545846609048,-1.5881653512855796,True,False,True,False,False,True,False,False,True,False,False,True,False,False,False,True,False,False,True,False,False,False,True,False,True,False,False,False,False,True,Insufficient_Weight
-0.8364257115081487,-1.5594137602923814,-1.6897592523977467,True,False,True,False,False,True,False,False,True,False,True,False,False,False,False,True,False,False,True,True,False,False,False,True,False,False,False,False,False,True,Insufficient_Weight
-0.8364257115081487,-1.473781606690002,-1.6990663099639602,True,False,True,False,False,True,False,False,True,False,True,False,False,False,False,True,False,False,True,False,False,True,False,False,True,False,False,False,False,True,Insufficient_Weight
-0.6790834661870204,-1.4171687620262337,-1.72852993254275,True,False,True,False,False,True,False,True,False,True,False,False,False,False,True,False,False,True,False,True,False,False,False,False,True,False,False,False,True,False,Insufficient_Weight
-0.5217412208658921,-1.9475992778306654,-1.7027349034024437,True,False,True,False,False,True,False,False,True,True,False,False,False,False,True,False,False,True,False,True,False,False,False,True,False,False,False,False,True,False,Insufficient_Weight
-0.6790834661870204,-1.6190496729726573,-1.6018451085677359,True,False,True,False,False,True,False,False,True,False,False,True,False,False,True,False,False,True,False,False,True,False,False,True,False,False,False,False,True,False,Insufficient_Weight
-0.6790834661870204,-1.9369113387793928,-1.7027349034024437,True,False,True,False,False,True,False,False,True,True,False,False,False,False,True,False,False,True,False,True,False,False,False,False,True,False,False,False,True,False,Insufficient_Weight
-0.6790834661870204,-1.8617205619432504,-1.7027349034024437,True,False,True,False,False,True,False,False,True,True,False,False,False,False,True,False,False,True,False,True,False,False,False,True,False,False,False,False,True,False,Insufficient_Weight
-0.5217412208658921,-1.9475992778306654,-1.7027349034024437,True,False,True,False,False,True,False,False,True,True,False,False,False,False,True,False,False,True,False,True,False,False,False,True,False,False,False,False,True,False,Insufficient_Weight
-0.36439897554476386,0.33860126970370397,-1.363213267713663,True,False,True,False,True,False,False,False,True,False,False,False,True,False,True,False,False,True,False,True,False,False,False,False,True,False,False,False,True,False,Insufficient_Weight
-0.5217412208658921,0.22351028308938659,-1.3654028446140192,True,False,True,False,True,False,False,False,True,False,False,True,False,False,True,False,False,True,False,False,True,False,False,True,False,False,False,False,True,False,Insufficient_Weight
-0.6790834661870204,0.35542110558278883,-1.3972160977574724,True,False,True,False,True,False,True,False,False,False,False,False,True,False,True,False,False,True,False,False,True,False,False,True,False,False,False,False,True,False,Insufficient_Weight
-0.2070567302236356,1.9414276440168703,-0.8585059392001,False,True,False,True,False,True,False,False,True,False,False,True,False,False,False,True,False,True,False,False,True,False,False,True,False,False,False,False,True,False,Insufficient_Weight
-0.2070567302236356,1.639260203657543,-0.8774098771095322,False,True,False,True,False,True,False,False,True,False,False,False,True,False,False,True,False,True,False,False,True,False,False,False,True,False,False,False,True,False,Insufficient_Weight
-0.2070567302236356,1.4361250410872473,-1.0590672726320067,False,True,False,True,False,True,False,False,True,False,False,True,False,False,False,True,False,True,False,False,False,True,False,True,False,False,False,False,True,False,Insufficient_Weight
-0.993767956829277,0.5770591596300126,-1.3208363963462295,False,True,False,True,False,True,False,False,True,False,False,True,False,False,True,False,False,True,False,False,True,False,False,False,True,False,False,False,False,True,Insufficient_Weight
-0.36439897554476386,0.1177350628096321,-1.3361660697484208,False,True,False,True,False,True,False,False,True,False,False,True,False,False,True,False,False,True,False,False,True,False,False,True,False,False,False,False,False,True,Insufficient_Weight
-0.993767956829277,-0.07946116472114023,-1.3208363963462295,False,True,False,True,False,True,False,False,True,False,False,True,False,False,True,False,False,True,False,False,True,False,False,False,True,False,False,False,False,True,Insufficient_Weight
-0.8364257115081487,-1.2304782318577987,-1.7236482384966025,True,False,True,False,False,True,False,True,False,True,False,False,False,False,False,True,False,True,False,True,False,False,False,False,False,True,False,False,True,False,Insufficient_Weight
-0.8364257115081487,-1.3090994404857226,-1.7069279962505182,True,False,True,False,False,True,False,True,False,True,False,False,False,False,False,True,False,True,False,True,False,False,False,False,False,True,False,False,True,False,Insufficient_Weight
-0.8364257115081487,-1.4698258900301016,-1.7257489476143666,True,False,True,False,False,True,False,False,True,True,False,False,False,False,False,True,False,True,False,True,False,False,False,False,False,True,False,False,True,False,Insufficient_Weight
-0.6790834661870204,-0.33277711234560736,-1.4070335244885157,True,False,True,False,True,False,False,False,True,False,False,False,True,False,True,False,False,True,False,False,False,True,False,False,True,False,False,False,True,False,Insufficient_Weight
-0.6790834661870204,-0.14205582482182819,-1.4101626480959315,True,False,True,False,True,False,False,False,True,False,False,True,False,False,True,False,False,True,False,False,False,True,False,False,True,False,False,False,True,False,Insufficient_Weight
-0.6790834661870204,-0.4377804854722123,-1.4338862215441142,True,False,True,False,True,False,False,False,True,False,False,True,False,False,True,False,False,True,False,False,True,False,False,False,True,False,False,False,True,False,Insufficient_Weight
-0.2070567302236356,0.09117065662201342,-1.3862186810193267,True,False,False,True,False,True,False,True,False,False,False,True,False,False,True,False,False,True,False,False,False,True,False,False,False,True,False,False,False,True,Insufficient_Weight
-0.6790834661870204,0.5821083264235443,-1.2559304154911326,True,False,False,True,False,True,False,True,False,False,False,False,True,False,True,False,False,True,False,False,False,False,True,False,False,True,False,False,False,True,Insufficient_Weight
-0.2070567302236356,0.2911219496855585,-1.3421351434137094,True,False,False,True,False,True,False,True,False,False,False,True,False,False,True,False,False,True,False,False,True,False,False,False,False,True,False,False,False,True,Insufficient_Weight
-0.8364257115081487,-0.425162928538061,-1.403366000365852,True,False,True,False,False,True,True,False,False,False,False,True,False,False,False,True,False,True,False,False,False,True,False,False,True,False,False,False,True,False,Insufficient_Weight
-0.8364257115081487,-0.017981394952780436,-1.3972160977574724,True,False,True,False,False,True,True,False,False,False,False,True,False,False,False,True,False,True,False,False,False,True,False,False,True,False,False,False,True,False,Insufficient_Weight
-0.8364257115081487,-0.43174506953854563,-1.3998054078251643,True,False,True,False,False,True,False,True,False,False,False,True,False,False,False,True,False,True,False,False,False,True,False,False,True,False,False,False,True,False,Insufficient_Weight
0.8943389870242623,-0.9735388906532589,-1.415698954373024,True,False,False,True,False,True,False,True,False,False,False,False,True,False,True,False,False,True,False,False,True,False,False,True,False,False,False,False,False,True,Insufficient_Weight
1.2090234776665187,-0.6538119275597427,-1.524937394280637,True,False,False,True,False,True,False,False,True,False,False,True,False,False,True,False,False,True,False,False,True,False,False,True,False,False,False,False,False,True,Insufficient_Weight
-0.049714484902507336,-0.5965451568356649,-1.403338503673344,True,False,False,True,False,True,False,False,True,False,False,False,True,False,True,False,False,True,False,True,False,False,False,True,False,False,False,False,False,True,Insufficient_Weight
-1.1511102021504052,0.095265734573453,-1.3365372369074289,False,True,True,False,False,True,False,True,False,False,True,False,False,False,False,True,False,True,False,True,False,False,False,False,True,False,False,False,True,False,Insufficient_Weight
-1.3084524474715336,0.547557446220681,-1.3972160977574724,False,True,True,False,False,True,False,True,False,False,False,False,True,False,False,True,False,True,False,False,False,True,False,False,True,False,False,False,True,False,Insufficient_Weight
-1.3084524474715336,-0.11438724840122978,-1.2968006972482298,False,True,True,False,False,True,False,True,False,False,True,False,False,False,False,True,False,True,False,False,True,False,False,True,False,False,False,False,True,False,Insufficient_Weight
-0.993767956829277,0.5539251852341779,-1.3415648543731225,False,True,True,False,False,True,False,False,True,False,False,True,False,False,False,True,False,True,False,False,True,False,False,False,True,False,False,False,True,False,Insufficient_Weight
-0.993767956829277,0.8561676662889512,-1.3640022318393905,False,True,True,False,False,True,False,True,False,False,False,True,False,False,False,True,False,True,False,False,True,False,False,False,True,False,False,False,True,False,Insufficient_Weight
-0.993767956829277,0.580446711024398,-1.3081889871083474,False,True,True,False,False,True,False,False,True,False,False,True,False,False,False,True,False,True,False,True,False,False,False,False,True,False,False,False,True,False,Insufficient_Weight
-1.1511102021504052,1.4471238630196532,-1.055671011018905,False,True,False,True,False,True,False,False,True,False,False,False,True,False,False,True,False,True,False,False,False,True,False,False,True,False,False,False,False,True,Insufficient_Weight
-0.6790834661870204,0.7162703697803046,-1.0997026104275627,False,True,False,True,False,True,False,True,False,False,False,False,True,False,False,True,False,True,False,False,False,True,False,False,False,True,False,False,False,True,Insufficient_Weight
-0.993767956829277,0.808624025674708,-1.1243145943727102,False,True,False,True,False,True,False,True,False,False,False,True,False,False,False,True,False,True,False,False,False,True,False,False,False,True,False,False,False,True,Insufficient_Weight
-1.1511102021504052,-0.6523539940482336,-1.6506055662400172,True,False,True,False,False,True,False,False,True,False,False,True,False,False,False,True,False,True,False,False,False,False,True,False,True,False,False,False,True,False,Insufficient_Weight
-1.1511102021504052,-1.2513181049928792,-1.6106285832807754,True,False,True,False,False,True,False,False,True,False,False,True,False,False,False,True,False,True,False,False,False,True,False,False,False,True,False,False,True,False,Insufficient_Weight
-1.3084524474715336,1.2498633148927856,-1.5070227262638838,True,False,True,False,False,True,False,False,True,False,False,True,False,False,False,True,False,True,False,False,False,True,False,False,True,False,False,False,True,False,Insufficient_Weight
-0.993767956829277,0.9889146565315985,-1.0274393930238785,False,True,False,True,False,True,False,False,True,False,False,False,True,False,False,True,False,True,False,False,False,True,False,True,False,False,False,False,False,True,Insufficient_Weight
-1.1511102021504052,1.1532001790599522,-1.0546915559178578,False,True,False,True,False,True,False,False,True,False,False,False,True,False,False,True,False,True,False,False,False,True,False,True,False,False,False,False,False,True,Insufficient_Weight
-0.8364257115081487,0.7038564947337902,-1.1795149683796295,False,True,False,True,False,True,False,True,False,False,False,False,True,False,False,True,False,True,False,False,False,True,False,False,False,True,False,False,False,True,Insufficient_Weight
-0.36439897554476386,-0.02261247787168723,-1.206735051799016,True,False,False,True,False,True,False,False,True,False,False,True,False,False,True,False,False,True,False,True,False,False,False,False,True,False,False,False,False,True,Insufficient_Weight
-0.5217412208658921,0.6183422622242506,-1.2058677602894914,True,False,False,True,False,True,False,False,True,False,False,False,True,False,True,False,False,True,False,False,False,True,False,False,True,False,False,False,False,True,Insufficient_Weight
-0.2070567302236356,0.4139850083281326,-1.2380998797154839,True,False,False,True,False,True,False,False,True,False,False,True,False,False,True,False,False,True,False,False,False,True,False,True,False,False,False,False,False,True,Insufficient_Weight
-0.8364257115081487,0.4038973948404225,-1.4105973249766628,True,False,True,False,False,True,False,False,True,False,False,False,True,False,False,True,False,True,False,False,False,True,False,False,True,False,False,False,True,False,Insufficient_Weight
-1.1511102021504052,-0.5774526598945252,-1.4123466492780845,True,False,True,False,False,True,False,False,True,False,False,False,True,False,False,True,False,True,False,False,False,True,False,False,True,False,False,False,True,False,Insufficient_Weight
-0.8364257115081487,0.7156486040180426,-1.4125773923560478,True,False,True,False,False,True,False,False,True,False,False,False,True,False,False,True,False,True,False,False,False,True,False,False,True,False,False,False,True,False,Insufficient_Weight
-0.993767956829277,-0.017981394952780436,-1.3972160977574724,True,False,True,False,False,True,True,False,False,False,False,False,True,False,True,False,False,True,False,False,True,False,False,False,True,False,False,False,True,False,Insufficient_Weight
-0.6790834661870204,-0.02372736820401541,-1.4095878526529613,True,False,True,False,False,True,True,False,False,False,False,False,True,False,True,False,False,True,False,False,False,True,False,False,True,False,False,False,True,False,Insufficient_Weight
-0.993767956829277,0.45145175555401185,-1.3972160977574724,True,False,True,False,False,True,True,False,False,False,False,False,True,False,True,False,False,True,False,False,False,True,False,False,True,False,False,False,True,False,Insufficient_Weight
-0.6790834661870204,-1.19379405188442,-1.6886957414352968,True,False,True,False,True,False,False,False,True,False,False,True,False,False,True,False,False,True,False,False,False,True,False,True,False,False,False,False,True,False,Insufficient_Weight
-0.6790834661870204,-1.871132809171954,-1.7027349034024437,True,False,True,False,True,False,False,False,True,True,False,False,False,False,True,False,False,True,False,False,True,False,False,True,False,False,False,False,True,False,Insufficient_Weight
-0.8364257115081487,-1.8310181974067936,-1.7027349034024437,True,False,True,False,True,False,False,False,True,True,False,False,False,False,True,False,False,True,False,True,False,False,False,False,True,False,False,False,True,False,Insufficient_Weight
-1.1511102021504052,1.5717450179555166,-1.0378871050509675,False,True,False,True,False,True,False,True,False,False,False,True,False,False,False,True,False,True,False,False,False,False,True,False,True,False,False,False,False,True,Insufficient_Weight
-1.1511102021504052,1.3157490454937157,-1.0422348667943997,False,True,False,True,False,True,False,True,False,False,False,True,False,False,False,True,False,True,False,False,False,True,False,False,True,False,False,False,False,True,Insufficient_Weight
-0.8364257115081487,1.661139926429508,-1.0436402533003666,False,True,False,True,False,True,False,False,True,False,False,True,False,False,False,True,False,True,False,False,False,True,False,False,True,False,False,False,False,True,Insufficient_Weight
-0.2070567302236356,0.14921999459858926,-1.3972160977574724,True,False,False,True,False,True,False,True,False,False,False,False,True,False,True,False,False,True,False,False,True,False,False,True,False,False,False,False,False,True,Insufficient_Weight
-0.36439897554476386,-0.2854049933209558,-1.399307641311067,True,False,False,True,False,True,False,False,True,False,False,True,False,False,True,False,False,True,False,False,True,False,False,False,True,False,False,False,False,True,Insufficient_Weight
-0.2070567302236356,0.1707030736946286,-1.3562033296673928,True,False,False,True,False,True,False,True,False,False,False,True,False,False,True,False,False,True,False,False,False,True,False,False,False,True,False,False,False,True,Insufficient_Weight
-1.1511102021504052,0.09732399364852243,-1.3972160977574724,True,False,True,False,False,True,False,True,False,False,False,True,False,False,False,True,False,True,False,True,False,False,False,False,True,False,False,False,True,False,Insufficient_Weight
-0.993767956829277,-0.017981394952780436,-1.3972160977574724,True,False,True,False,False,True,True,False,False,False,False,True,False,False,False,True,False,True,False,True,False,False,False,False,True,False,False,False,True,False,Insufficient_Weight
-0.993767956829277,-0.017981394952780436,-1.3972160977574724,True,False,True,False,False,True,False,True,False,False,False,False,True,False,False,True,False,True,False,False,True,False,False,False,True,False,False,False,True,False,Insufficient_Weight
-0.8364257115081487,-1.370686411247574,-1.7848378504099833,True,False,True,False,False,True,True,False,False,False,True,False,False,False,False,True,False,True,False,False,True,False,False,False,False,True,False,False,True,False,Insufficient_Weight
-0.6790834661870204,-1.8309217165126503,-1.8031160476156034,True,False,True,False,False,True,False,True,False,False,False,True,False,False,False,True,False,True,False,False,False,True,False,False,True,False,False,False,True,False,Insufficient_Weight
-0.6790834661870204,-1.8433570317578616,-1.7659978041207818,True,False,True,False,False,True,False,False,True,False,False,True,False,False,False,True,False,True,False,True,False,False,False,True,False,False,False,False,True,False,Insufficient_Weight
-0.6790834661870204,0.7063006773854343,-1.1563519837499547,False,True,False,True,False,True,False,True,False,False,False,False,True,False,False,True,False,True,False,False,False,True,False,False,True,False,False,False,False,True,Insufficient_Weight
-0.993767956829277,1.9476989021362239,-1.015317590701258,False,True,False,True,False,True,False,False,True,False,False,False,True,False,False,True,False,True,False,False,False,True,False,True,False,False,False,False,False,True,Insufficient_Weight
-0.993767956829277,1.3183325894369016,-1.0679680665664135,False,True,False,True,False,True,False,True,False,False,False,False,True,False,False,True,False,True,False,False,False,True,False,False,True,False,False,False,False,True,Insufficient_Weight
-0.993767956829277,1.4843118876624493,-1.015317590701258,False,True,False,True,False,True,False,False,True,False,False,False,True,False,False,True,False,True,False,False,False,True,False,True,False,False,False,False,False,True,Insufficient_Weight
-1.1511102021504052,1.263681522954062,-1.0792809314713878,False,True,False,True,False,True,False,False,True,False,False,False,True,False,False,True,False,True,False,False,False,True,False,True,False,False,False,False,False,True,Insufficient_Weight
-1.1511102021504052,1.0395028053610484,-1.030107870652083,False,True,False,True,False,True,False,True,False,False,False,False,True,False,False,True,False,True,False,False,False,True,False,True,False,False,False,False,False,True,Insufficient_Weight
-0.993767956829277,0.09779567801989424,-1.3618759737115045,False,True,False,True,False,True,False,True,False,False,False,True,False,False,False,True,False,True,False,True,False,False,False,False,False,True,False,False,True,False,Insufficient_Weight
-0.993767956829277,0.052020853798291106,-1.354376670918292,False,True,False,True,False,True,False,True,False,False,False,True,False,False,False,True,False,True,False,True,False,False,False,False,True,False,False,False,True,False,Insufficient_Weight
-0.993767956829277,0.1609477832867463,-1.3533251515689637,False,True,False,True,False,True,False,True,False,False,False,True,False,False,False,True,False,True,False,False,True,False,False,False,False,True,False,False,True,False,Insufficient_Weight
-0.8364257115081487,-1.5677754377848525,-1.619146218443053,True,False,True,False,True,False,False,False,True,False,False,True,False,False,True,False,False,False,True,False,True,False,False,True,False,False,False,False,True,False,Insufficient_Weight
-0.8364257115081487,-1.0479363801375503,-1.5881653512855796,True,False,True,False,True,False,False,False,True,False,False,True,False,False,True,False,False,False,True,False,False,True,False,True,False,False,False,False,True,False,Insufficient_Weight
-0.6790834661870204,-1.067672083039651,-1.5881653512855796,True,False,True,False,True,False,False,False,True,False,False,True,False,False,True,False,False,False,True,False,True,False,False,True,False,False,False,False,True,False,Insufficient_Weight
-0.8364257115081487,-1.7571031123932201,-1.7027349034024437,True,False,True,False,False,True,False,False,True,True,False,False,False,False,True,False,False,True,False,True,False,False,False,True,False,False,False,False,True,False,Insufficient_Weight
-0.8364257115081487,-1.7503708900018478,-1.7027349034024437,True,False,True,False,False,True,False,False,True,True,False,False,False,False,True,False,False,True,False,False,True,False,False,False,True,False,False,False,True,False,Insufficient_Weight
-0.8364257115081487,-1.9383585521915512,-1.7027349034024437,True,False,True,False,False,True,False,False,True,True,False,False,False,False,True,False,False,True,False,True,False,False,False,False,True,False,False,False,True,False,Insufficient_Weight
-0.993767956829277,0.17311509604822747,-1.3310521814099832,False,True,False,True,False,True,True,False,False,False,False,True,False,False,False,True,False,True,False,True,False,False,False,False,False,True,False,False,True,False,Insufficient_Weight
-0.993767956829277,0.5543539892081512,-1.2398003973877039,False,True,False,True,False,True,False,True,False,False,False,True,False,False,False,True,False,True,False,False,False,True,False,False,False,True,False,False,True,False,Insufficient_Weight
-0.993767956829277,-0.0002932310263981928,-1.3911932909722409,False,True,False,True,False,True,False,True,False,False,False,True,False,False,False,True,False,True,False,False,True,False,False,False,False,True,False,False,True,False,Insufficient_Weight
-0.6790834661870204,0.5540431063270203,-1.206367130777318,False,True,False,True,False,True,False,True,False,False,False,True,False,False,False,True,False,True,False,False,False,True,False,False,False,True,False,False,False,True,Insufficient_Weight
-0.36439897554476386,-0.3180691360383389,-1.397942926996102,True,False,False,True,False,True,False,False,True,False,False,True,False,False,True,False,False,True,False,False,True,False,False,False,True,False,False,False,False,True,Insufficient_Weight
-0.36439897554476386,-1.1559521011813143,-1.6244361238033926,True,False,True,False,True,False,False,False,True,False,False,True,False,False,True,False,False,True,False,False,False,True,False,True,False,False,False,False,False,True,Insufficient_Weight
-0.2070567302236356,-1.2530976414848654,-1.6119714911909877,True,False,True,False,True,False,False,True,False,False,True,False,False,False,True,False,False,True,False,False,True,False,False,True,False,False,False,False,False,True,Insufficient_Weight
-0.8364257115081487,-1.0871612236567187,-1.5881653512855796,True,False,True,False,True,False,False,False,True,False,False,True,False,False,True,False,False,False,True,False,True,False,False,True,False,False,False,False,True,False,Insufficient_Weight
-0.5217412208658921,-1.6333824458026995,-1.719635134414904,True,False,True,False,False,True,False,False,True,True,False,False,False,False,True,False,False,True,False,True,False,False,False,True,False,False,False,False,True,False,Insufficient_Weight
-0.6790834661870204,-1.7933906486906734,-1.7040620007144642,True,False,True,False,False,True,False,False,True,True,False,False,False,False,True,False,False,True,False,True,False,False,False,True,False,False,False,False,True,False,Insufficient_Weight
-0.5217412208658921,0.2558957032236888,-1.4042583444174397,True,False,False,True,True,False,False,False,True,False,False,False,True,False,True,False,False,True,False,False,False,True,False,False,True,False,False,False,False,True,Insufficient_Weight
-0.6790834661870204,1.792975708227464,-0.8931205324623629,False,True,False,True,False,True,False,False,True,False,False,False,True,False,False,True,False,True,False,False,False,True,False,True,False,False,False,False,True,False,Insufficient_Weight
-0.5217412208658921,-0.15802877285231726,-1.34924739207002,True,False,False,True,False,True,False,False,True,False,False,True,False,False,True,False,False,True,False,True,False,False,False,False,True,False,False,False,False,True,Insufficient_Weight
-0.993767956829277,-1.1990254603668893,-1.7713707342165557,True,False,True,False,False,True,False,True,False,True,False,False,False,False,False,True,False,True,False,True,False,False,False,False,False,True,False,False,True,False,Insufficient_Weight
-0.6790834661870204,-0.5195855636068871,-1.4344048397166964,True,False,True,False,True,False,False,False,True,False,False,True,False,False,False,True,False,True,False,False,False,True,False,False,True,False,False,False,True,False,Insufficient_Weight
-0.2070567302236356,0.4119803497498101,-1.2575455024673243,True,False,False,True,False,True,False,True,False,False,False,True,False,False,True,False,False,True,False,False,False,True,False,False,True,False,False,False,False,True,Insufficient_Weight
-0.993767956829277,-0.017981394952780436,-1.3972160977574724,True,False,True,False,False,True,True,False,False,False,False,True,False,False,True,False,False,True,False,False,True,False,False,False,True,False,False,False,True,False,Insufficient_Weight
1.6810502136299037,-0.13439095378706303,-1.3972160977574724,True,False,False,True,False,True,False,False,True,False,False,False,True,False,True,False,False,True,False,True,False,False,False,True,False,False,False,False,False,True,Insufficient_Weight
-1.3084524474715336,-0.11225394863071414,-1.3972160977574724,False,True,True,False,False,True,False,True,False,False,True,False,False,False,False,True,False,True,False,False,True,False,False,True,False,False,False,False,True,False,Insufficient_Weight
-0.993767956829277,0.9303078733888586,-1.3379227265011782,False,True,True,False,False,True,False,False,True,False,False,True,False,False,False,True,False,True,False,False,True,False,False,False,True,False,False,False,True,False,Insufficient_Weight
-1.1511102021504052,1.1745010164670537,-1.0599726012328339,False,True,False,True,False,True,False,True,False,False,False,False,True,False,False,True,False,True,False,False,False,True,False,False,True,False,False,False,False,True,Insufficient_Weight
-1.1511102021504052,1.3763604872147805,-1.6441313936092958,True,False,True,False,False,True,False,False,True,False,False,True,False,False,False,True,False,True,False,False,False,False,True,False,True,False,False,False,True,False,Insufficient_Weight
-1.1511102021504052,0.8691711467996774,-1.1669535244956857,False,True,False,True,False,True,False,True,False,False,False,False,True,False,False,True,False,True,False,False,False,True,False,False,True,False,False,False,False,True,Insufficient_Weight
-0.2070567302236356,0.5361512605130033,-1.169312244244817,True,False,False,True,False,True,False,True,False,False,False,True,False,False,True,False,False,True,False,False,False,True,False,True,False,False,False,False,False,True,Insufficient_Weight
-0.993767956829277,0.9099504047244958,-1.3972160977574724,True,False,True,False,False,True,False,False,True,False,False,False,True,False,False,True,False,True,False,False,False,True,False,False,True,False,False,False,True,False,Insufficient_Weight
-0.8364257115081487,0.12856236315244643,-1.3972160977574724,True,False,True,False,False,True,True,False,False,False,False,False,True,False,True,False,False,True,False,False,False,True,False,False,True,False,False,False,True,False,Insufficient_Weight
-0.8364257115081487,-1.7291772535882377,-1.702494994760311,True,False,True,False,True,False,False,False,True,False,False,True,False,False,True,False,False,False,True,False,False,True,False,True,False,False,False,False,True,False,Insufficient_Weight
-1.1511102021504052,2.0910266304366525,-1.0193255391531115,False,True,False,True,False,True,False,False,True,False,False,True,False,False,False,True,False,True,False,False,False,False,True,False,True,False,False,False,False,True,Insufficient_Weight
-0.2070567302236356,0.0906024913564985,-1.394161253409679,True,False,False,True,False,True,False,True,False,False,False,True,False,False,True,False,False,True,False,True,False,False,False,False,False,True,False,False,False,True,Insufficient_Weight
-0.993767956829277,0.026967981618926197,-1.3730843511849478,True,False,True,False,False,True,False,True,False,False,False,True,False,False,False,True,False,True,False,True,False,False,False,False,False,True,False,False,True,False,Insufficient_Weight
-0.8364257115081487,-1.5551257205526534,-1.7907512432729429,True,False,True,False,False,True,False,True,False,False,True,False,False,False,False,True,False,True,False,False,False,True,False,False,False,True,False,False,True,False,Insufficient_Weight
-0.993767956829277,1.5407103303392296,-1.015317590701258,False,True,False,True,False,True,False,False,True,False,False,False,True,False,False,True,False,True,False,False,False,True,False,True,False,False,False,False,False,True,Insufficient_Weight
-1.1511102021504052,1.4253406211418314,-1.0156666077468566,False,True,False,True,False,True,False,False,True,False,False,False,True,False,False,True,False,True,False,False,False,True,False,True,False,False,False,False,False,True,Insufficient_Weight
-0.993767956829277,0.21629565622729396,-1.3011952797486268,False,True,False,True,False,True,False,True,False,False,False,True,False,False,False,True,False,True,False,True,False,False,False,False,False,True,False,False,True,False,Insufficient_Weight
-0.6790834661870204,-1.0308056613773344,-1.6010941051536096,True,False,True,False,True,False,False,False,True,False,False,True,False,False,True,False,False,False,True,False,True,False,False,True,False,False,False,False,True,False,Insufficient_Weight
-0.8364257115081487,-1.8375467379105312,-1.7027349034024437,True,False,True,False,False,True,False,False,True,True,False,False,False,False,True,False,False,True,False,True,False,False,False,False,True,False,False,False,True,False,Insufficient_Weight
-0.993767956829277,0.18452128175590513,-1.318608591405317,False,True,False,True,False,True,False,True,False,False,False,True,False,False,False,True,False,True,False,True,False,False,False,False,False,True,False,False,True,False,Insufficient_Weight
-0.6790834661870204,0.5859675621892991,-1.2069412769928265,False,True,False,True,False,True,False,True,False,False,False,False,True,False,False,True,False,True,False,False,False,True,False,False,False,True,False,False,False,True,Insufficient_Weight
-0.993767956829277,0.7358988716889114,-1.1797152359567298,False,True,False,True,False,True,False,True,False,False,False,False,True,False,False,True,False,True,False,False,False,True,False,False,False,True,False,False,False,True,Insufficient_Weight
-0.5217412208658921,0.7054001890400917,-1.1579200590199272,True,False,False,True,False,True,False,True,False,False,False,False,True,False,True,False,False,True,False,False,False,True,False,False,True,False,False,False,False,True,Insufficient_Weight
-0.36439897554476386,0.02728958459940557,-1.3422996652905494,True,False,False,True,False,True,False,False,True,False,False,True,False,False,True,False,False,True,False,False,False,True,False,False,True,False,False,False,False,True,Insufficient_Weight
-0.5217412208658921,-0.3626111488347715,-1.4047043254939797,True,False,False,True,False,True,False,False,True,False,False,True,False,False,True,False,False,True,False,False,False,True,False,False,True,False,False,False,False,True,Insufficient_Weight
-0.2070567302236356,0.22280275653233242,-1.325370944649463,True,False,False,True,False,True,False,False,True,False,False,True,False,False,True,False,False,True,False,False,True,False,False,False,True,False,False,False,False,True,Insufficient_Weight
-0.36439897554476386,-1.2181393975067283,-1.617339838504677,True,False,True,False,True,False,False,False,True,False,True,False,False,False,True,False,False,True,False,False,True,False,False,True,False,False,False,False,False,True,Insufficient_Weight
-0.2070567302236356,-1.1048708277817978,-1.6647765977616504,True,False,True,False,True,False,False,False,True,False,False,True,False,False,True,False,False,True,False,False,False,True,False,True,False,False,False,False,False,True,Insufficient_Weight
-0.36439897554476386,-1.1716892070261187,-1.6259943079020327,True,False,True,False,True,False,False,False,True,False,True,False,False,False,True,False,False,True,False,False,True,False,False,True,False,False,False,False,False,True,Insufficient_Weight
-0.5217412208658921,-1.5640555633106368,-1.6889827381633493,True,False,True,False,True,False,False,True,False,True,False,False,False,False,True,False,False,True,False,True,False,False,False,True,False,False,False,False,False,True,Insufficient_Weight
-0.2070567302236356,-1.1278761609854417,-1.6036479750398467,True,False,True,False,True,False,False,False,True,False,True,False,False,False,True,False,False,True,False,True,False,False,False,True,False,False,False,False,False,True,Insufficient_Weight
-0.36439897554476386,-1.107218529539299,-1.5912871806315103,True,False,True,False,True,False,False,False,True,False,True,False,False,False,True,False,False,True,False,False,True,False,False,True,False,False,False,False,False,True,Insufficient_Weight
-0.8364257115081487,-0.7328404999629408,-1.5881653512855796,True,False,True,False,False,True,False,False,True,False,False,True,False,False,False,True,False,False,True,False,True,False,False,True,False,False,False,False,True,False,Insufficient_Weight
-0.8364257115081487,-1.5234371068760593,-1.6979164899389154,True,False,True,False,False,True,False,False,True,False,True,False,False,False,False,True,False,True,False,True,False,False,False,True,False,False,False,False,False,True,Insufficient_Weight
-0.8364257115081487,-1.6629699200068282,-1.700061919371856,True,False,True,False,False,True,False,False,True,False,True,False,False,False,False,True,False,True,False,False,True,False,False,False,True,False,False,False,False,True,Insufficient_Weight
-0.6790834661870204,-1.4491039379878634,-1.7139519117821467,True,False,True,False,False,True,False,False,True,True,False,False,False,False,True,False,False,True,False,True,False,False,False,False,True,False,False,False,True,False,Insufficient_Weight
-0.5217412208658921,-1.9475992778306654,-1.7027349034024437,True,False,True,False,False,True,False,False,True,True,False,False,False,False,True,False,False,True,False,True,False,False,False,True,False,False,False,False,True,False,Insufficient_Weight
-0.6790834661870204,-1.0955014609504903,-1.5953927423417675,True,False,True,False,True,False,False,False,True,False,False,True,False,False,True,False,False,False,True,False,True,False,False,True,False,False,False,False,True,False,Insufficient_Weight
-0.6790834661870204,-1.5275214647281503,-1.7045372734064956,True,False,True,False,False,True,False,False,True,True,False,False,False,False,True,False,False,True,False,True,False,False,False,False,True,False,False,False,True,False,Insufficient_Weight
-0.5217412208658921,-1.9108722174598904,-1.7027349034024437,True,False,True,False,False,True,False,False,True,True,False,False,False,False,True,False,False,True,False,True,False,False,False,True,False,False,False,False,True,False,Insufficient_Weight
-0.5217412208658921,-1.9475992778306654,-1.7027349034024437,True,False,True,False,False,True,False,False,True,True,False,False,False,False,True,False,False,True,False,True,False,False,False,True,False,False,False,False,True,False,Insufficient_Weight
-0.36439897554476386,-0.1311749239822669,-1.3549046074144466,True,False,False,True,False,True,False,False,True,False,False,False,True,False,True,False,False,True,False,True,False,False,False,False,True,False,False,False,False,True,Insufficient_Weight
-0.5217412208658921,0.38351848597736055,-1.3789216698653022,True,False,False,True,False,True,False,False,True,False,False,True,False,False,True,False,False,True,False,False,True,False,False,True,False,False,False,False,False,True,Insufficient_Weight
-0.8364257115081487,0.32609091376304655,-1.3972160977574724,True,False,True,False,False,True,True,False,False,False,False,True,False,False,False,True,False,True,False,False,False,True,False,False,True,False,False,False,True,False,Insufficient_Weight
-0.36439897554476386,1.794765964818801,-0.9614263265866767,False,True,False,True,False,True,False,False,True,False,False,True,False,False,False,True,False,True,False,False,False,True,False,True,False,False,False,False,True,False,Insufficient_Weight
-0.8364257115081487,1.602072179014747,-0.9670156403765485,False,True,False,True,False,True,False,False,True,False,False,False,True,False,False,True,False,True,False,False,True,False,False,True,False,False,False,False,True,False,Insufficient_Weight
-0.5217412208658921,0.9174973546664187,-1.0693506537315092,False,True,False,True,False,True,False,False,True,False,False,True,False,False,False,True,False,True,False,False,False,True,False,False,False,True,False,False,False,True,Insufficient_Weight
-0.993767956829277,0.9231039666261144,-1.3208363963462295,False,True,False,True,False,True,False,False,True,False,False,True,False,False,False,True,False,True,False,False,True,False,False,False,True,False,False,False,True,False,Insufficient_Weight
-0.36439897554476386,0.1161806484039798,-1.3318838417887995,True,False,False,True,False,True,False,False,True,False,False,True,False,False,True,False,False,True,False,False,False,True,False,True,False,False,False,False,False,True,Insufficient_Weight
-0.993767956829277,-0.029623422846142822,-1.3325884827241687,False,True,False,True,False,True,False,False,True,False,False,True,False,False,False,True,False,True,False,False,True,False,False,False,True,False,False,False,True,False,Insufficient_Weight
-0.8364257115081487,-1.801709445785748,-1.7153625302976603,True,False,True,False,False,True,False,False,True,True,False,False,False,False,False,True,False,True,False,True,False,False,False,False,True,False,False,False,True,False,Insufficient_Weight
-0.8364257115081487,-1.4332381909508658,-1.7052413796839552,True,False,True,False,False,True,False,True,False,True,False,False,False,False,False,True,False,True,False,True,False,False,False,False,False,True,False,False,True,False,Insufficient_Weight
-0.8364257115081487,-1.6874975073180767,-1.7204913890575746,True,False,True,False,False,True,False,False,True,True,False,False,False,False,False,True,False,True,False,True,False,False,False,False,True,False,False,False,True,False,Insufficient_Weight
-0.8364257115081487,-0.33366688059160166,-1.404691951982351,True,False,True,False,False,True,False,False,True,False,False,True,False,False,False,True,False,True,False,False,False,True,False,False,True,False,False,False,True,False,Insufficient_Weight
-0.6790834661870204,-0.27155462496163396,-1.431395059392736,True,False,True,False,True,False,False,False,True,False,False,True,False,False,False,True,False,True,False,False,False,True,False,False,True,False,False,False,True,False,Insufficient_Weight
-0.6790834661870204,-0.36741375334326526,-1.4305957458174672,True,False,True,False,True,False,False,False,True,False,False,True,False,False,False,True,False,True,False,False,False,True,False,False,True,False,False,False,True,False,Insufficient_Weight
-0.36439897554476386,-0.016802184024354475,-1.39059302289885,True,False,False,True,False,True,False,False,True,False,False,True,False,False,True,False,False,True,False,False,True,False,False,False,False,True,False,False,False,True,Insufficient_Weight
-0.6790834661870204,0.5858818013945045,-1.2227899504661073,False,True,False,True,False,True,False,True,False,False,False,False,True,False,False,True,False,True,False,False,False,True,False,False,False,True,False,False,False,True,Insufficient_Weight
-0.2070567302236356,0.020439441115188473,-1.3358415323971247,True,False,False,True,False,True,False,False,True,False,False,True,False,False,True,False,False,True,False,True,False,False,False,False,False,True,False,False,False,True,Insufficient_Weight
-0.8364257115081487,-0.11738887621903807,-1.4011986881484573,True,False,True,False,False,True,True,False,False,False,False,True,False,False,False,True,False,True,False,False,False,True,False,False,True,False,False,False,True,False,Insufficient_Weight
-0.993767956829277,0.127426032621419,-1.3972160977574724,True,False,True,False,False,True,True,False,False,False,False,True,False,False,False,True,False,True,False,False,False,True,False,False,True,False,False,False,True,False,Insufficient_Weight
-0.8364257115081487,-0.3148209459354951,-1.4081405336909196,True,False,True,False,False,True,False,False,True,False,False,True,False,False,False,True,False,True,False,False,False,True,False,False,True,False,False,False,True,False,Insufficient_Weight
0.42231225106087744,-0.44200420461584505,-1.4140844020547425,True,False,False,True,False,True,False,True,False,False,False,True,False,False,True,False,False,True,False,False,True,False,False,False,True,False,False,False,False,True,Insufficient_Weight
0.10762776041862093,-0.7643254317518979,-1.5475712967186364,True,False,False,True,False,True,False,False,True,False,False,True,False,False,True,False,False,True,False,False,False,True,False,True,False,False,False,False,False,True,Insufficient_Weight
-0.2070567302236356,-0.4959584646409813,-1.3809983575669724,True,False,False,True,False,True,False,False,True,False,False,False,True,False,True,False,False,True,False,True,False,False,False,True,False,False,False,False,False,True,Insufficient_Weight
-0.993767956829277,0.334302509864625,-1.35075955739856,False,True,True,False,False,True,False,True,False,False,False,True,False,False,False,True,False,True,False,True,False,False,False,False,True,False,False,False,True,False,Insufficient_Weight
-1.1511102021504052,0.45391737840435525,-1.3972160977574724,True,False,True,False,False,True,False,True,False,False,False,True,False,False,False,True,False,True,False,False,True,False,False,False,True,False,False,False,True,False,Insufficient_Weight
-0.993767956829277,0.6033341231351996,-1.3172343296276752,False,True,True,False,False,True,False,True,False,False,False,True,False,False,False,True,False,True,False,False,True,False,False,False,True,False,False,False,True,False,Insufficient_Weight
-0.993767956829277,0.9120729843956631,-1.3389978089883918,False,True,True,False,False,True,False,False,True,False,False,True,False,False,False,True,False,True,False,False,True,False,False,False,True,False,False,False,True,False,Insufficient_Weight
-0.993767956829277,0.7008870272140272,-1.353954291169488,False,True,False,True,False,True,False,False,True,False,False,True,False,False,False,True,False,True,False,False,True,False,False,False,True,False,False,False,True,False,Insufficient_Weight
-0.993767956829277,-0.024016810886447085,-1.3175303009706438,False,True,False,True,False,True,False,False,True,False,False,True,False,False,False,True,False,True,False,False,True,False,False,False,True,False,False,False,True,False,Insufficient_Weight
-1.1511102021504052,1.3247110485497493,-1.05680784649471,False,True,False,True,False,True,False,False,True,False,False,False,True,False,False,True,False,True,False,False,False,True,False,True,False,False,False,False,False,True,Insufficient_Weight
-0.6790834661870204,0.9823646758291639,-1.0842445427472989,False,True,False,True,False,True,False,False,True,False,False,True,False,False,False,True,False,True,False,False,False,True,False,False,True,False,False,False,False,True,Insufficient_Weight
-0.8364257115081487,0.807348333852139,-1.119348806275309,False,True,False,True,False,True,False,True,False,False,False,False,True,False,False,True,False,True,False,False,False,True,False,False,False,True,False,False,False,True,Insufficient_Weight
-0.8364257115081487,-0.9882039865631314,-1.677660860453609,True,False,True,False,False,True,False,False,True,False,False,True,False,False,False,True,False,False,True,False,False,True,False,False,True,False,False,False,False,True,Insufficient_Weight
-1.1511102021504052,0.817425227240503,-1.5972536573869511,True,False,True,False,False,True,False,False,True,False,False,True,False,False,False,True,False,True,False,False,False,True,False,False,False,True,False,False,True,False,Insufficient_Weight
-1.1511102021504052,0.09938225272359184,-1.578670323274193,True,False,True,False,False,True,False,False,True,False,False,True,False,False,False,True,False,True,False,False,False,True,False,False,True,False,False,False,True,False,Insufficient_Weight
-0.993767956829277,1.6346505609373354,-1.019850114942404,False,True,False,True,False,True,False,False,True,False,False,False,True,False,False,True,False,True,False,False,False,True,False,True,False,False,False,False,False,True,Insufficient_Weight
-1.1511102021504052,1.2846607573806843,-1.0304015124141588,False,True,False,True,False,True,False,False,True,False,False,False,True,False,False,True,False,True,False,False,False,True,False,True,False,False,False,False,False,True,Insufficient_Weight
-0.6790834661870204,0.6474473319576589,-1.1867489662799897,False,True,False,True,False,True,False,True,False,False,False,False,True,False,False,True,False,True,False,False,False,True,False,False,False,True,False,False,False,True,Insufficient_Weight
-0.2070567302236356,0.328352854725753,-1.212546172241786,True,False,False,True,False,True,False,False,True,False,False,True,False,False,True,False,False,True,False,False,True,False,False,True,False,False,False,False,False,True,Insufficient_Weight
-0.5217412208658921,0.6245063193501104,-1.206136349509504,False,True,False,True,False,True,False,False,True,False,False,False,True,False,False,True,False,True,False,False,False,True,False,False,True,False,False,False,False,True,Insufficient_Weight
-0.2070567302236356,0.42558415582409886,-1.2109599567927283,True,False,False,True,False,True,False,False,True,False,False,True,False,False,True,False,False,True,False,False,False,True,False,True,False,False,False,False,False,True,Insufficient_Weight
-0.8364257115081487,0.3164321042493074,-1.410548289208357,True,False,True,False,False,True,False,False,True,False,False,False,True,False,False,True,False,True,False,False,False,True,False,False,True,False,False,False,True,False,Insufficient_Weight
-1.1511102021504052,0.4990489966649997,-1.3999486961450116,True,False,True,False,False,True,False,True,False,False,False,False,True,False,False,True,False,True,False,False,False,True,False,False,True,False,False,False,True,False,Insufficient_Weight
-0.8364257115081487,0.591617054546391,-1.4086855792401902,True,False,True,False,False,True,False,True,False,False,False,True,False,False,False,True,False,True,False,False,False,True,False,False,True,False,False,False,True,False,Insufficient_Weight
-0.993767956829277,-0.0032090980494142002,-1.3938375180452474,True,False,True,False,False,True,False,True,False,False,False,True,False,False,False,True,False,True,False,False,True,False,False,False,True,False,False,False,True,False,Insufficient_Weight
-0.6790834661870204,-0.018453079324149864,-1.397866470914989,True,False,True,False,False,True,True,False,False,False,False,False,True,False,False,True,False,True,False,False,False,True,False,False,True,False,False,False,True,False,Insufficient_Weight
-0.993767956829277,0.2320970826681937,-1.3972160977574724,True,False,True,False,False,True,True,False,False,False,False,False,True,False,True,False,False,True,False,False,False,True,False,False,True,False,False,False,True,False,Insufficient_Weight
-0.8364257115081487,-1.2412948121012646,-1.6820438714292423,True,False,True,False,True,False,False,False,True,False,False,True,False,False,True,False,False,False,True,False,True,False,False,True,False,False,False,False,True,False,Insufficient_Weight
-0.5217412208658921,-1.8947920684359074,-1.7027349034024437,True,False,True,False,False,True,False,False,True,True,False,False,False,False,True,False,False,True,False,True,False,False,False,True,False,False,False,False,True,False,Insufficient_Weight
-0.8364257115081487,-1.9114725430234532,-1.7027349034024437,True,False,True,False,False,True,False,False,True,True,False,False,False,False,True,False,False,True,False,True,False,False,False,False,True,False,False,False,True,False,Insufficient_Weight
-1.1511102021504052,1.5337422657621702,-1.0415339684643996,False,True,False,True,False,True,False,True,False,False,False,True,False,False,False,True,False,True,False,False,False,False,True,False,True,False,False,False,False,True,Insufficient_Weight
-1.1511102021504052,1.6256778377819512,-1.0298494017425077,False,True,False,True,False,True,False,False,True,False,False,False,True,False,False,True,False,True,False,False,False,True,False,False,True,False,False,False,False,True,Insufficient_Weight
-0.993767956829277,1.640482294983365,-1.045508577176587,False,True,False,True,False,True,False,False,True,False,False,False,True,False,False,True,False,True,False,False,False,True,False,False,True,False,False,False,False,True,Insufficient_Weight
-0.5217412208658921,0.20328145561721703,-1.3972160977574724,True,False,False,True,False,True,False,False,True,False,False,False,True,False,True,False,False,True,False,False,True,False,False,True,False,False,False,False,False,True,Insufficient_Weight
-0.36439897554476386,0.02668925903584296,-1.3908859772436128,True,False,False,True,False,True,False,False,True,False,False,True,False,False,True,False,False,True,False,False,True,False,False,False,True,False,False,False,False,True,Insufficient_Weight
-0.36439897554476386,0.16919153968637482,-1.3402384826682656,True,False,False,True,False,True,False,True,False,False,False,True,False,False,True,False,False,True,False,False,False,True,False,False,False,True,False,False,False,True,Insufficient_Weight
-0.993767956829277,0.07213176017761828,-1.3972160977574724,True,False,True,False,False,True,False,True,False,False,False,True,False,False,False,True,False,True,False,True,False,False,False,False,True,False,False,False,True,False,Insufficient_Weight
-0.993767956829277,0.6623697102519153,-1.3865591053485167,True,False,True,False,False,True,False,True,False,False,False,True,False,False,False,True,False,True,False,True,False,False,False,False,True,False,False,False,True,False,Insufficient_Weight
-0.993767956829277,-0.017981394952780436,-1.3972160977574724,True,False,True,False,False,True,True,False,False,False,False,True,False,False,False,True,False,True,False,True,False,False,False,False,True,False,False,False,True,False,Insufficient_Weight
-0.8364257115081487,-1.3685316712783615,-1.732516303728955,True,False,True,False,False,True,False,True,False,False,True,False,False,False,False,True,False,True,False,True,False,False,False,False,False,True,False,False,True,False,Insufficient_Weight
-0.6790834661870204,-1.7574354354730504,-1.8134165377682223,True,False,True,False,False,True,True,False,False,False,False,True,False,False,False,True,False,True,False,False,False,True,False,False,False,True,False,False,True,False,Insufficient_Weight
-0.6790834661870204,-1.7951273047852658,-1.7306670747780875,True,False,True,False,False,True,False,False,True,False,False,True,False,False,True,False,False,True,False,True,False,False,False,True,False,False,False,False,True,False,Insufficient_Weight
-0.6790834661870204,0.6287621987917908,-1.1921098665727914,False,True,False,True,False,True,False,True,False,False,False,False,True,False,False,True,False,True,False,False,False,True,False,False,False,True,False,False,False,True,Insufficient_Weight
-0.993767956829277,1.502975580629618,-1.015317590701258,False,True,False,True,False,True,False,False,True,False,False,False,True,False,False,True,False,True,False,False,False,True,False,True,False,False,False,False,False,True,Insufficient_Weight
-0.993767956829277,1.6587064638772122,-1.0659587457613882,False,True,False,True,False,True,False,True,False,False,False,False,True,False,False,True,False,True,False,False,False,True,False,False,True,False,False,False,False,True,Insufficient_Weight
-0.993767956829277,1.366433675217309,-1.0178757378507741,False,True,False,True,False,True,False,False,True,False,False,False,True,False,False,True,False,True,False,False,False,True,False,True,False,False,False,False,False,True,Insufficient_Weight
-1.1511102021504052,1.290771214009797,-1.074777316947226,False,True,False,True,False,True,False,False,True,False,False,True,False,False,False,True,False,True,False,False,False,True,False,False,True,False,False,False,False,True,Insufficient_Weight
-1.1511102021504052,1.125960406613327,-1.0442079836209566,False,True,False,True,False,True,False,True,False,False,False,False,True,False,False,True,False,True,False,False,False,True,False,True,False,False,False,False,False,True,Insufficient_Weight
-0.993767956829277,0.059835806223946325,-1.3718405077474658,False,True,False,True,False,True,False,True,False,False,False,True,False,False,False,True,False,True,False,False,True,False,False,False,False,True,False,False,True,False,Insufficient_Weight
-0.993767956829277,0.0689264504721706,-1.3470094668186707,False,True,False,True,False,True,True,False,False,False,False,True,False,False,False,True,False,True,False,True,False,False,False,False,False,True,False,False,True,False,Insufficient_Weight
-0.993767956829277,0.4037901938469286,-1.360880593442713,False,True,False,True,False,True,False,True,False,False,False,True,False,False,False,True,False,True,False,False,True,False,False,False,True,False,False,False,True,False,Insufficient_Weight
-0.8364257115081487,-1.3688532742588408,-1.6142775089461452,True,False,True,False,True,False,False,False,True,False,False,True,False,False,True,False,False,False,True,False,True,False,False,True,False,False,False,False,True,False,Insufficient_Weight
-0.8364257115081487,-1.2945308254699934,-1.5975622313806526,True,False,True,False,True,False,False,False,True,False,False,True,False,False,True,False,False,False,True,False,True,False,False,True,False,False,False,False,True,False,Insufficient_Weight
-0.6790834661870204,-1.0531677886200197,-1.5881653512855796,True,False,True,False,True,False,False,False,True,False,False,True,False,False,True,False,False,False,True,False,True,False,False,True,False,False,False,False,True,False,Insufficient_Weight
-0.6790834661870204,-1.7830457528185795,-1.7027349034024437,True,False,True,False,False,True,False,False,True,True,False,False,False,False,True,False,False,True,False,True,False,False,False,False,True,False,False,False,True,False,Insufficient_Weight
-0.8364257115081487,-1.8231389243850429,-1.7027349034024437,True,False,True,False,False,True,False,False,True,True,False,False,False,False,True,False,False,True,False,True,False,False,False,False,True,False,False,False,True,False,Insufficient_Weight
-0.8364257115081487,-1.8865911924336776,-1.7027349034024437,True,False,True,False,False,True,False,False,True,True,False,False,False,False,True,False,False,True,False,True,False,False,False,False,True,False,False,False,True,False,Insufficient_Weight
-0.993767956829277,0.1945660148462191,-1.3097679082959206,False,True,False,True,False,True,True,False,False,False,False,True,False,False,False,True,False,True,False,True,False,False,False,False,False,True,False,False,True,False,Insufficient_Weight
-0.993767956829277,0.2237246850763744,-1.252706581053967,False,True,False,True,False,True,False,True,False,False,False,True,False,False,False,True,False,True,False,False,True,False,False,False,False,True,False,False,True,False,Insufficient_Weight
-0.993767956829277,0.39690789006466376,-1.3877191602535504,False,True,False,True,False,True,False,True,False,False,False,True,False,False,False,True,False,True,False,False,True,False,False,False,True,False,False,False,True,False,Insufficient_Weight
0.42231225106087744,1.2287447191746217,0.014424569110202174,False,True,True,False,False,True,False,True,False,False,True,False,False,False,False,True,False,True,False,False,False,True,False,False,True,False,False,False,False,True,Overweight_Level_I
-0.5217412208658921,-0.6817163461660259,-0.6334190836450437,False,True,True,False,False,True,False,True,False,True,False,False,False,False,False,False,True,True,False,False,True,False,False,True,False,False,False,False,True,False,Overweight_Level_I
0.10762776041862093,1.2006580588793985,-0.036214256369034796,False,True,True,False,False,True,True,False,False,False,False,False,True,False,False,True,False,True,False,True,False,False,False,False,True,False,False,False,False,True,Overweight_Level_I
-0.36439897554476386,-0.04769751034909984,-0.4204304672747224,False,True,False,True,False,True,False,True,False,False,False,False,True,False,False,True,False,True,False,False,True,False,False,True,False,False,False,False,True,False,Overweight_Level_I
-0.5217412208658921,-0.9027219143516394,-0.6765815966211932,False,True,True,False,False,True,True,False,False,False,False,True,False,False,False,False,True,True,False,False,True,False,False,True,False,False,False,False,True,False,Overweight_Level_I
-0.8364257115081487,1.649455018138747,0.09087133189928412,False,True,False,True,False,True,False,True,False,False,False,True,False,False,False,True,False,True,False,True,False,False,False,True,False,False,False,False,True,False,Overweight_Level_I
2.7824459308778016,0.21629565622729396,-0.1400220995063084,True,False,True,False,False,True,False,False,True,False,False,True,False,False,False,True,False,True,False,False,False,False,True,True,False,False,False,False,True,False,Overweight_Level_I
-0.5217412208658921,1.6474181992623769,-0.0065942463516055335,False,True,False,True,False,True,False,True,False,False,False,True,False,False,False,True,False,True,False,False,True,False,False,False,True,False,False,False,True,False,Overweight_Level_I
-0.36439897554476386,-0.05725983896869354,-0.4424698301169366,False,True,False,True,False,True,False,True,False,False,False,True,False,False,False,True,False,True,False,False,True,False,False,True,False,False,False,False,True,False,Overweight_Level_I
-0.8364257115081487,0.5355080545520422,-0.2515205765888294,True,False,False,True,False,True,False,True,False,False,True,False,False,False,False,True,False,True,False,False,False,False,True,False,True,False,False,True,False,False,Overweight_Level_I
-0.049714484902507336,-0.035712439276558816,-0.4424698301169366,False,True,False,True,False,True,False,True,False,False,False,True,False,False,False,True,False,True,False,True,False,False,False,False,True,False,False,False,True,False,Overweight_Level_I
1.5237079683087753,-0.6293379407452412,-0.4499872348993833,True,False,False,True,True,False,False,False,True,True,False,False,False,False,False,True,False,True,False,False,True,False,False,True,False,False,False,False,True,False,Overweight_Level_I
-0.36439897554476386,-0.9434690119784102,-0.7049503925599546,True,False,False,True,False,True,False,True,False,False,False,False,True,False,False,True,False,True,False,False,True,False,False,False,True,False,False,False,True,False,Overweight_Level_I
-0.5217412208658921,-1.0320599130012043,-0.7011483637831055,False,True,True,False,False,True,False,True,False,False,True,False,False,False,False,False,True,True,False,False,True,False,False,True,False,False,False,False,True,False,Overweight_Level_I
1.6810502136299037,-1.8421778208294382,-0.9044166320228773,True,False,True,False,False,True,False,True,False,False,True,False,False,False,False,True,False,True,False,True,False,False,False,False,True,False,False,False,True,False,Overweight_Level_I
1.99573470427216,-1.6259962973510176,-0.9260403747198619,True,False,False,True,False,True,False,True,False,False,False,True,False,False,False,True,False,True,False,True,False,False,False,True,False,False,False,False,True,False,Overweight_Level_I
-0.36439897554476386,0.31713963080636154,-0.3211900920919902,True,False,False,True,False,True,False,False,True,True,False,False,False,False,False,True,False,True,False,False,False,True,False,True,False,False,False,False,True,False,Overweight_Level_I
-0.2070567302236356,-0.7770287494808439,-0.6334190836450437,False,True,True,False,False,True,False,True,False,True,False,False,False,False,False,False,True,True,False,True,False,False,False,True,False,False,False,False,True,False,Overweight_Level_I
-0.5217412208658921,-0.8755893428985058,-0.6334190836450437,False,True,True,False,False,True,False,True,False,True,False,False,False,False,False,False,True,True,False,False,True,False,False,True,False,False,False,False,True,False,Overweight_Level_I
-0.5217412208658921,-0.8755893428985058,-0.6334190836450437,False,True,True,False,False,True,False,True,False,True,False,False,False,False,False,False,True,True,False,False,True,False,False,True,False,False,False,False,True,False,Overweight_Level_I
1.0516812323453906,-0.7309644825768091,-0.6791058311832832,True,False,False,True,False,True,False,True,False,False,False,True,False,False,False,True,False,True,False,True,False,False,False,True,False,False,False,False,True,False,Overweight_Level_I
-0.5217412208658921,0.5436553300575276,-0.2855234066326384,False,True,False,True,False,True,False,False,True,True,False,False,False,False,False,True,False,True,False,False,False,False,True,True,False,False,False,False,True,False,Overweight_Level_I
-0.6790834661870204,1.249413070720113,-0.028758069917269334,False,True,False,True,False,True,False,False,True,False,False,False,True,False,False,True,False,True,False,False,False,False,True,True,False,False,False,False,True,False,Overweight_Level_I
-0.6790834661870204,1.1515921641575553,-0.060571323060722305,False,True,False,True,False,True,False,False,True,False,False,True,False,False,False,True,False,True,False,False,False,True,False,False,True,False,False,False,True,False,Overweight_Level_I
-0.5217412208658921,0.08368802727618602,-0.4424698301169366,False,True,False,True,False,True,False,True,False,False,False,True,False,False,False,True,False,True,False,False,False,True,False,True,False,False,False,False,True,False,Overweight_Level_I
-0.5217412208658921,-1.0140715862930443,-0.7204070854055926,False,True,False,True,False,True,False,True,False,False,False,False,True,False,False,False,True,True,False,False,True,False,False,True,False,False,False,False,True,False,Overweight_Level_I
-0.2070567302236356,0.18504656662402152,-0.40613325648635773,True,False,False,True,False,True,False,True,False,False,False,True,False,False,True,False,False,True,False,True,False,False,False,False,False,True,False,False,True,False,Overweight_Level_I
-0.6790834661870204,1.3901786952760546,0.11710913416867168,False,True,False,True,False,True,False,False,True,False,False,True,False,False,False,True,False,True,False,False,False,True,False,True,False,False,False,False,True,False,Overweight_Level_I
-0.36439897554476386,-1.0899913298849377,-0.7708488130653378,True,False,False,True,False,True,False,True,False,False,False,True,False,False,False,True,False,True,False,False,False,True,False,True,False,False,False,False,True,False,Overweight_Level_I
-0.5217412208658921,0.5696194106815837,-0.3306039666706275,True,False,False,True,False,True,False,False,True,True,False,False,False,False,False,True,False,True,False,False,True,False,False,True,False,False,False,False,True,False,Overweight_Level_I
-0.993767956829277,0.8229782387034494,-0.24106392813667518,False,True,False,True,False,True,False,True,False,False,False,True,False,False,False,True,False,True,False,False,False,False,True,True,False,False,False,False,False,True,Overweight_Level_I
-0.5217412208658921,0.0845134749260849,-0.4424698301169366,False,True,False,True,False,True,False,True,False,False,False,True,False,False,False,True,False,True,False,False,True,False,False,True,False,False,False,False,True,False,Overweight_Level_I
0.736996741703134,-0.29061496160472594,-0.5722151887274994,True,False,False,True,False,True,False,True,False,False,False,True,False,False,False,True,False,True,False,False,False,True,False,True,False,False,False,False,True,False,Overweight_Level_I
0.2649700057397492,0.5750223407536424,-0.1664032664752449,False,True,False,True,False,True,False,True,False,False,False,False,True,False,False,True,False,True,False,True,False,False,False,False,True,False,False,False,True,False,Overweight_Level_I
-0.2070567302236356,0.06854052689559345,-0.4424698301169366,False,True,False,True,False,True,False,False,True,False,False,True,False,False,False,True,False,True,False,False,True,False,False,False,False,True,False,False,True,False,Overweight_Level_I
-0.6790834661870204,1.1285010701591167,-0.05753183103291266,False,True,False,True,False,True,False,True,False,False,False,True,False,False,False,True,False,True,False,False,True,False,False,True,False,False,False,False,True,False,Overweight_Level_I
-0.049714484902507336,-1.093239519987784,-0.8316999483319149,True,False,True,False,False,True,False,False,True,False,False,True,False,False,False,True,False,True,False,True,False,False,False,True,False,False,False,False,True,False,Overweight_Level_I
1.3663657229876471,0.21682094109541036,-0.5284388884708089,True,False,False,True,False,True,False,True,False,False,False,True,False,False,False,True,False,True,False,True,False,False,False,False,True,False,False,False,True,False,Overweight_Level_I
-0.2070567302236356,0.11662017247730154,-0.42410952473229946,False,True,False,True,False,True,False,False,True,False,False,False,True,False,False,True,False,True,False,False,True,False,False,False,False,True,False,False,True,False,Overweight_Level_I
-1.1511102021504052,-1.612188809389092,-1.2088477143400511,True,False,True,False,False,True,False,True,False,True,False,False,False,False,False,True,False,False,True,True,False,False,False,False,False,True,False,False,True,False,Overweight_Level_I
-1.3084524474715336,-1.0488047081848453,-0.8243683371731508,True,False,False,True,False,True,False,False,True,True,False,False,False,False,False,True,False,False,True,False,True,False,False,False,True,False,False,False,True,False,Overweight_Level_I
-0.049714484902507336,-1.2122326227652525,-0.9259914153312575,True,False,True,False,False,True,False,True,False,False,False,True,False,False,False,True,False,True,False,False,False,True,False,False,False,True,False,False,True,False,Overweight_Level_I
1.6810502136299037,-0.3022569894980907,-0.5114563965199288,True,False,False,True,True,False,False,False,True,False,False,True,False,False,False,True,False,True,False,True,False,False,False,True,False,False,False,False,True,False,Overweight_Level_I
-0.2070567302236356,1.682483644234008,0.07979558777734161,False,True,False,True,False,True,False,True,False,False,False,True,False,False,False,True,False,True,False,False,True,False,False,False,True,False,False,False,True,False,Overweight_Level_I
1.99573470427216,-1.155448256511897,-0.8885032649425012,True,False,False,True,False,True,False,True,False,False,False,True,False,False,False,True,False,True,False,False,False,False,True,True,False,False,False,False,True,False,Overweight_Level_I
-0.8364257115081487,-0.8755893428985058,-0.6513826346707006,False,True,True,False,False,True,False,True,False,True,False,False,False,False,False,True,False,True,False,False,True,False,False,False,True,False,False,False,True,False,Overweight_Level_I
-1.3084524474715336,-0.9145461839339419,-0.7409950047818891,True,False,False,True,False,True,False,True,False,True,False,False,False,False,False,True,False,False,True,False,True,False,False,False,False,True,False,False,False,True,Overweight_Level_I
-0.993767956829277,-0.6891024946177078,-0.6334190836450437,True,False,False,True,False,True,False,True,False,False,True,False,False,False,False,True,False,True,False,True,False,False,False,True,False,False,False,False,False,True,Overweight_Level_I
-0.8364257115081487,-1.6182456655214577,-0.9913221055160513,True,False,True,False,False,True,False,False,True,False,False,True,False,False,False,True,False,False,True,False,True,False,False,True,False,False,False,False,True,False,Overweight_Level_I
-1.1511102021504052,-1.0899913298849377,-0.8243683371731508,True,False,False,True,False,True,False,False,True,False,True,False,False,False,False,True,False,False,True,True,False,False,False,False,False,True,False,False,True,False,Overweight_Level_I
0.8943389870242623,1.2734796937593404,0.04135081981826011,False,True,True,False,False,True,False,False,True,False,False,True,False,False,False,True,False,True,False,False,False,True,False,True,False,False,False,False,False,True,Overweight_Level_I
1.2090234776665187,-0.47362849769634385,-0.4943456630503795,True,False,False,True,False,True,False,True,False,False,False,True,False,False,False,True,False,True,False,True,False,False,False,False,True,False,False,False,True,False,Overweight_Level_I
-0.993767956829277,0.5407823434319101,-0.2515205765888294,False,True,False,True,False,True,False,True,False,False,False,True,False,False,False,True,False,True,False,True,False,False,False,True,False,False,False,False,False,True,Overweight_Level_I
-0.8364257115081487,1.6675505458404034,0.059298101967516184,False,True,False,True,False,True,False,True,False,False,False,False,True,False,False,True,False,True,False,False,False,True,False,True,False,False,False,False,True,False,Overweight_Level_I
-0.8364257115081487,0.6252245660065153,-0.26889703503958834,True,False,False,True,False,True,False,True,False,True,False,False,False,False,False,True,False,True,False,False,False,True,False,False,False,True,False,True,False,False,Overweight_Level_I
-0.993767956829277,-0.6109958507585518,-0.6948232843295391,True,False,False,True,False,True,False,True,False,True,False,False,False,False,False,True,False,True,False,True,False,False,False,False,False,True,False,False,False,True,Overweight_Level_I
-0.993767956829277,0.3804310973647576,-0.3775557148236394,True,False,False,True,False,True,False,False,True,False,False,True,False,False,False,True,False,True,False,False,True,False,False,False,True,False,False,True,False,False,Overweight_Level_I
-0.6790834661870204,-2.0778163246268737,-0.8526525425925991,True,False,True,False,False,True,False,False,True,False,False,True,False,False,False,True,False,False,True,True,False,False,False,True,False,False,False,False,True,False,Overweight_Level_I
0.5796544963820057,1.161872739433554,0.026760578305430775,False,True,True,False,False,True,False,False,True,False,False,True,False,False,False,True,False,True,False,False,False,True,False,True,False,False,False,False,False,True,Overweight_Level_I
0.42231225106087744,1.0732175178146643,0.015090485536956135,False,True,True,False,False,True,False,False,True,False,True,False,False,False,False,True,False,True,False,False,False,True,False,True,False,False,False,False,False,True,Overweight_Level_I
-0.5217412208658921,-0.8124372376316538,-0.6334190836450437,False,True,True,False,False,True,False,True,False,True,False,False,False,False,False,False,True,True,False,False,True,False,False,True,False,False,False,False,True,False,Overweight_Level_I
-0.36439897554476386,-0.6572209191528251,-0.6334190836450437,False,True,True,False,False,True,False,True,False,True,False,False,False,False,False,False,True,True,False,False,True,False,False,True,False,False,False,False,True,False,Overweight_Level_I
0.42231225106087744,0.9580514905049032,-0.12690251095430202,False,True,True,False,False,True,True,False,False,False,False,False,True,False,False,True,False,True,False,True,False,False,False,False,True,False,False,False,False,True,Overweight_Level_I
-0.36439897554476386,-0.23982313088764126,-0.4424698301169366,False,True,False,True,False,True,False,True,False,False,False,True,False,False,False,True,False,True,False,False,True,False,False,True,False,False,False,False,True,False,Overweight_Level_I
-0.5217412208658921,-0.9276354252394626,-0.6848475606673211,True,False,False,True,False,True,False,True,False,False,False,False,True,False,False,False,True,True,False,False,True,False,False,True,False,False,False,False,True,False,Overweight_Level_I
-0.5217412208658921,-0.9134634538996591,-0.6803219487891526,True,False,False,True,False,True,True,False,False,False,False,False,True,False,False,False,True,True,False,False,True,False,False,False,True,False,False,False,True,False,Overweight_Level_I
-0.6790834661870204,1.2339439673590433,-0.0024158565960524596,False,True,False,True,False,True,False,True,False,False,False,True,False,False,False,True,False,True,False,True,False,False,False,True,False,False,False,False,True,False,Overweight_Level_I
-0.8364257115081487,1.1877296190641184,0.006195801978662067,False,True,False,True,False,True,False,True,False,False,False,True,False,False,False,True,False,True,False,False,True,False,False,True,False,False,False,False,True,False,Overweight_Level_I
2.7824459308778016,0.7134617037507824,-0.4184365751693818,True,False,False,True,False,True,False,False,True,False,False,True,False,False,False,True,False,True,False,True,False,False,False,True,False,False,False,False,True,False,Overweight_Level_I
-0.36439897554476386,1.8144159069261072,0.10179813560347518,False,True,False,True,False,True,False,True,False,False,False,True,False,False,False,True,False,True,False,True,False,False,False,False,True,False,False,False,True,False,Overweight_Level_I
-0.5217412208658921,1.7367380670409245,0.11353063058800264,False,True,False,True,False,True,False,True,False,False,False,True,False,False,False,True,False,True,False,True,False,False,False,False,True,False,False,False,True,False,Overweight_Level_I
-0.2070567302236356,-0.3371509128801326,-0.4424698301169366,False,True,False,True,False,True,False,True,False,False,False,True,False,False,False,True,False,True,False,True,False,False,False,False,False,True,False,False,True,False,Overweight_Level_I
-0.2070567302236356,0.16734768259829083,-0.40625958851249155,False,True,False,True,False,True,False,True,False,False,False,True,False,False,False,True,False,True,False,True,False,False,False,False,False,True,False,False,True,False,Overweight_Level_I
-0.8364257115081487,0.5218720881797059,-0.25806154326843456,False,True,False,True,False,True,False,True,False,False,True,False,False,False,False,True,False,True,False,False,True,False,False,False,True,False,False,True,False,False,Overweight_Level_I
-0.2070567302236356,0.06303039583004319,-0.43075692652582104,False,True,False,True,False,True,False,True,False,False,False,True,False,False,False,True,False,True,False,False,True,False,False,True,False,False,False,False,True,False,Overweight_Level_I
1.3663657229876471,-0.3133630124239859,-0.44962252182514445,True,False,False,True,False,True,False,False,True,True,False,False,False,False,False,True,False,True,False,True,False,False,False,True,False,False,False,False,True,False,Overweight_Level_I
1.3663657229876471,-0.27548890142283267,-0.44400708617739026,True,False,False,True,False,True,False,True,False,False,True,False,False,False,False,True,False,True,False,True,False,False,False,True,False,False,False,False,True,False,Overweight_Level_I
-0.36439897554476386,-0.9695081332979124,-0.7121034279768185,True,False,False,True,False,True,False,True,False,False,False,False,True,False,False,True,False,True,False,False,False,True,False,False,True,False,False,False,True,False,Overweight_Level_I
-0.36439897554476386,-0.9682538816740426,-0.7072748178231519,True,False,False,True,False,True,False,True,False,False,False,False,True,False,False,True,False,True,False,False,True,False,False,False,False,True,False,False,True,False,Overweight_Level_I
-0.5217412208658921,-0.8755893428985058,-0.6334190836450437,False,True,True,False,False,True,False,True,False,True,False,False,False,False,False,False,True,True,False,False,True,False,False,True,False,False,False,False,True,False,Overweight_Level_I
1.99573470427216,-2.0665066198133415,-0.893726987291568,True,False,False,True,False,True,False,True,False,True,False,False,False,False,False,True,False,True,False,True,False,False,False,True,False,False,False,False,True,False,Overweight_Level_I
2.467761440235545,-1.5069067136794037,-0.9056442065839586,True,False,False,True,False,True,False,False,True,False,False,True,False,False,False,True,False,True,False,True,False,False,False,True,False,False,False,False,True,False,Overweight_Level_I
2.3104191949144166,-1.5753116676274244,-0.9003033177729267,True,False,False,True,False,True,False,False,True,False,False,True,False,False,False,True,False,True,False,False,False,True,False,True,False,False,False,False,True,False,Overweight_Level_I
-0.36439897554476386,0.3055726436084453,-0.30672629717484756,True,False,False,True,False,True,False,True,False,True,False,False,False,False,False,True,False,True,False,False,False,True,False,True,False,False,False,False,True,False,Overweight_Level_I
-0.5217412208658921,0.4519984806208275,-0.29427946103287156,True,False,False,True,False,True,False,False,True,True,False,False,False,False,False,True,False,True,False,False,False,True,False,True,False,False,False,False,True,False,Overweight_Level_I
-0.5217412208658921,-0.8755893428985058,-0.6334190836450437,False,True,True,False,False,True,False,True,False,True,False,False,False,False,False,False,True,True,False,False,True,False,False,True,False,False,False,False,True,False,Overweight_Level_I
-0.5217412208658921,-0.8755893428985058,-0.6334190836450437,False,True,True,False,False,True,False,True,False,True,False,False,False,False,False,False,True,True,False,False,True,False,False,True,False,False,False,False,True,False,Overweight_Level_I
-0.5217412208658921,-0.8755893428985058,-0.6334190836450437,False,True,True,False,False,True,False,True,False,True,False,False,False,False,False,False,True,True,False,False,True,False,False,True,False,False,False,False,True,False,Overweight_Level_I
-0.5217412208658921,-0.8755893428985058,-0.6334190836450437,False,True,True,False,False,True,False,True,False,True,False,False,False,False,False,False,True,True,False,False,True,False,False,True,False,False,False,False,True,False,Overweight_Level_I
-0.5217412208658921,-0.8755893428985058,-0.6334190836450437,False,True,True,False,False,True,False,True,False,True,False,False,False,False,False,False,True,True,False,False,True,False,False,True,False,False,False,False,True,False,Overweight_Level_I
0.736996741703134,-0.6343227869426751,-0.6369818911970728,True,False,False,True,False,True,False,True,False,False,False,True,False,False,False,True,False,True,False,False,False,True,False,True,False,False,False,False,True,False,Overweight_Level_I
1.0516812323453906,-0.09216448245008621,-0.5598127673818938,True,False,False,True,False,True,False,False,True,False,False,True,False,False,False,True,False,True,False,False,True,False,False,False,True,False,False,False,True,False,Overweight_Level_I
-0.2070567302236356,0.5406965826371155,-0.27387680062234815,False,True,False,True,False,True,False,False,True,True,False,False,False,False,False,True,False,True,False,False,False,True,False,True,False,False,False,False,True,False,Overweight_Level_I
0.2649700057397492,0.46477683904521966,-0.2515205765888294,False,True,False,True,False,True,False,True,False,True,False,False,False,False,False,True,False,True,False,False,False,True,False,True,False,False,False,False,True,False,Overweight_Level_I
-0.6790834661870204,1.2753235508474243,-0.060571323060722305,False,True,False,True,False,True,False,False,True,False,False,True,False,False,False,True,False,True,False,False,False,True,False,True,False,False,False,False,True,False,Overweight_Level_I
-0.6790834661870204,1.132606868209907,-0.057752873888796616,False,True,False,True,False,True,False,False,True,False,False,True,False,False,False,True,False,True,False,False,False,True,False,True,False,False,False,False,True,False,Overweight_Level_I
-0.6790834661870204,1.0540285399793792,-0.060571323060722305,False,True,False,True,False,True,False,True,False,False,False,True,False,False,False,True,False,True,False,False,False,True,False,False,True,False,False,False,True,False,Overweight_Level_I
-0.8364257115081487,1.2068435562039574,-0.050808813334993826,False,True,False,True,False,True,False,False,True,False,False,True,False,False,False,True,False,True,False,False,False,True,False,False,True,False,False,False,True,False,Overweight_Level_I
-0.36439897554476386,-0.01604105697055337,-0.44028624902314145,False,True,False,True,False,True,False,True,False,False,False,False,True,False,False,True,False,True,False,False,False,True,False,False,True,False,False,False,True,False,Overweight_Level_I
-0.36439897554476386,-1.0396390232411747,-0.7091697218354639,True,False,False,True,False,True,False,True,False,False,False,True,False,False,False,False,True,True,False,False,True,False,False,True,False,False,False,False,True,False,Overweight_Level_I
-0.5217412208658921,-0.9720702370424014,-0.705679398620074,True,False,False,True,False,True,False,True,False,False,False,False,True,False,False,False,True,True,False,False,True,False,False,True,False,False,False,False,True,False,Overweight_Level_I
-0.5217412208658921,0.5662318592871983,-0.32954545857862,True,False,False,True,False,True,False,True,False,False,True,False,False,False,False,True,False,True,False,True,False,False,False,False,False,True,False,False,True,False,Overweight_Level_I
-0.5217412208658921,0.5495835449977028,-0.3292166057741938,True,False,False,True,False,True,False,False,True,False,True,False,False,False,False,True,False,True,False,False,True,False,False,False,True,False,False,False,True,False,Overweight_Level_I
-0.8364257115081487,1.6964519336861748,0.019849933870995155,False,True,False,True,False,True,False,True,False,False,False,False,True,False,False,True,False,True,False,False,False,True,False,False,True,False,False,False,True,False,Overweight_Level_I
-0.36439897554476386,2.0839406447667503,0.15040697956845525,False,True,False,True,False,True,False,True,False,False,False,False,True,False,False,True,False,True,False,False,False,True,False,True,False,False,False,False,True,False,Overweight_Level_I
-0.36439897554476386,-1.0330247219426447,-0.7624379185357828,False,True,False,True,False,True,False,True,False,False,False,True,False,False,False,True,False,True,False,False,True,False,False,True,False,False,False,False,True,False,Overweight_Level_I
-0.5217412208658921,0.6105165896992469,-0.3137685438348147,True,False,False,True,False,True,False,False,True,True,False,False,False,False,False,True,False,True,False,False,False,False,True,True,False,False,False,False,True,False,Overweight_Level_I
-0.5217412208658921,0.5762015516820684,-0.31644011484092666,True,False,False,True,False,True,False,False,True,True,False,False,False,False,False,True,False,True,False,False,False,False,True,True,False,False,False,False,True,False,Overweight_Level_I
-0.8364257115081487,0.8383615812697267,-0.24801146396689264,True,False,False,True,False,True,True,False,False,True,False,False,False,False,False,True,False,True,False,False,False,False,True,False,True,False,False,False,False,True,Overweight_Level_I
-0.5217412208658921,0.1113137232993883,-0.4424698301169366,False,True,False,True,False,True,False,True,False,False,False,True,False,False,False,True,False,True,False,False,True,False,False,True,False,False,False,False,True,False,Overweight_Level_I
-0.5217412208658921,-0.2751136979456087,-0.4424698301169366,False,True,False,True,False,True,False,True,False,False,False,True,False,False,False,True,False,True,False,False,True,False,False,True,False,False,False,False,True,False,Overweight_Level_I
0.5796544963820057,-0.017981394952780436,-0.47134120449098343,True,False,False,True,False,True,False,True,False,False,False,True,False,False,False,True,False,True,False,False,False,True,False,True,False,False,False,False,True,False,Overweight_Level_I
0.736996741703134,0.6881944295844297,-0.1734206133525518,False,True,False,True,False,True,True,False,False,False,False,False,True,False,False,True,False,True,False,False,True,False,False,False,True,False,False,False,True,False,Overweight_Level_I
0.2649700057397492,0.4746071701485458,-0.25081135287137557,False,True,False,True,False,True,False,True,False,False,False,True,False,False,False,True,False,True,False,False,True,False,False,True,False,False,False,False,True,False,Overweight_Level_I
-0.2070567302236356,-0.12308124897352846,-0.4424698301169366,False,True,False,True,False,True,False,False,True,False,False,True,False,False,False,True,False,True,False,False,True,False,False,False,False,True,False,False,True,False,Overweight_Level_I
-0.6790834661870204,1.2414158766055199,-0.060571323060722305,False,True,False,True,False,True,False,False,True,False,False,True,False,False,False,True,False,True,False,False,False,True,False,False,True,False,False,False,True,False,Overweight_Level_I
-0.36439897554476386,-1.294059141098624,-0.8104694847174965,True,False,True,False,False,True,False,True,False,False,False,True,False,False,False,True,False,True,False,False,True,False,False,False,True,False,False,False,True,False,Overweight_Level_I
0.8943389870242623,-0.531645675374872,-0.49685290312890495,True,False,False,True,False,True,False,True,False,False,False,True,False,False,False,True,False,True,False,True,False,False,False,True,False,False,False,False,True,False,Overweight_Level_I
1.0516812323453906,-0.6021088883979645,-0.6651556897581309,True,False,False,True,False,True,False,True,False,False,False,True,False,False,False,True,False,True,False,True,False,False,False,True,False,False,False,False,True,False,Overweight_Level_I
-0.2070567302236356,0.0674363566626137,-0.4278157733635781,False,True,False,True,False,True,False,False,True,False,False,True,False,False,False,True,False,True,False,True,False,False,False,False,True,False,False,False,True,False,Overweight_Level_I
-0.993767956829277,-2.629976481812383,-1.1862751829921359,True,False,True,False,False,True,False,True,False,False,False,True,False,False,False,True,False,False,True,True,False,False,False,False,False,True,False,False,True,False,Overweight_Level_I
-0.993767956829277,-2.1774274877807707,-1.1918879071604902,True,False,True,False,False,True,False,True,False,False,False,True,False,False,False,True,False,False,True,True,False,False,False,False,True,False,False,False,True,False,Overweight_Level_I
-1.1511102021504052,-1.052460262062963,-0.8243683371731508,True,False,False,True,False,True,False,False,True,True,False,False,False,False,False,True,False,False,True,False,True,False,False,False,True,False,False,False,False,True,Overweight_Level_I
-0.36439897554476386,-1.539753098085727,-0.877924523537641,True,False,True,False,False,True,False,False,True,False,True,False,False,False,False,True,False,True,False,False,True,False,False,True,False,False,False,False,True,False,Overweight_Level_I
0.42231225106087744,-1.6259962973510176,-0.9054321383429903,True,False,True,False,False,True,False,True,False,False,True,False,False,False,False,True,False,True,False,False,True,False,False,True,False,False,False,False,True,False,Overweight_Level_I
1.6810502136299037,-0.5806365294012736,-0.48383249361918085,True,False,False,True,True,False,False,False,True,False,False,True,False,False,False,True,False,True,False,False,True,False,False,True,False,False,False,False,True,False,Overweight_Level_I
-0.049714484902507336,1.6519849615851883,-0.01861889369403093,False,True,False,True,False,True,False,True,False,False,True,False,False,False,False,True,False,True,False,False,True,False,False,False,True,False,False,False,True,False,Overweight_Level_I
-0.2070567302236356,1.6245843876483224,0.018988294459374628,False,True,False,True,False,True,False,True,False,True,False,False,False,False,False,True,False,True,False,False,True,False,False,False,True,False,False,False,True,False,Overweight_Level_I
2.467761440235545,-1.402900309792287,-0.9308579861965256,True,False,False,True,False,True,False,True,False,False,False,True,False,False,False,True,False,True,False,False,True,False,False,True,False,False,False,False,True,False,Overweight_Level_I
-1.3084524474715336,-0.9064203486271557,-0.7130998775614298,True,False,False,True,False,True,False,False,True,True,False,False,False,False,False,True,False,True,False,False,True,False,False,False,False,True,False,False,False,True,Overweight_Level_I
-1.1511102021504052,-0.6177387932492749,-0.7312007974800747,True,False,False,True,False,True,True,False,False,True,False,False,False,False,False,True,False,False,True,True,False,False,False,True,False,False,False,False,False,True,Overweight_Level_I
-1.3084524474715336,-0.9944323642850865,-0.8243683371731508,True,False,False,True,False,True,True,False,False,True,False,False,False,False,False,True,False,False,True,True,False,False,False,False,True,False,False,False,False,True,Overweight_Level_I
-0.993767956829277,-0.575737443998632,-0.678525383642408,True,False,False,True,False,True,False,True,False,True,False,False,False,False,False,True,False,True,False,True,False,False,False,False,True,False,False,False,False,True,Overweight_Level_I
-0.8364257115081487,-0.8238005429419353,-0.634350648673306,True,False,False,True,False,True,False,True,False,False,False,True,False,False,False,True,False,True,False,False,True,False,False,True,False,False,False,False,False,True,Overweight_Level_I
-0.6790834661870204,-2.073378203496256,-0.9731548498267307,True,False,True,False,False,True,False,False,True,False,False,True,False,False,False,True,False,False,True,False,True,False,False,False,True,False,False,False,True,False,Overweight_Level_I
-0.8364257115081487,-1.9592091454259801,-1.0051045934966059,True,False,True,False,False,True,False,False,True,False,False,True,False,False,False,True,False,False,True,False,True,False,False,False,True,False,False,False,True,False,Overweight_Level_I
-0.993767956829277,-1.0899913298849377,-0.8243683371731508,True,False,False,True,False,True,False,False,True,False,False,True,False,False,False,True,False,False,True,True,False,False,False,True,False,False,False,False,True,False,Overweight_Level_I
1.3663657229876471,1.4698719138389131,0.04856954177833786,False,True,True,False,False,True,False,False,True,False,False,True,False,False,False,True,False,True,False,False,False,True,False,False,True,False,False,False,False,True,Overweight_Level_I
1.3663657229876471,0.30768450318025936,-0.40731534693524873,True,False,False,True,False,True,False,True,False,False,False,True,False,False,False,True,False,True,False,False,True,False,False,True,False,False,False,False,True,False,Overweight_Level_I
-0.8364257115081487,0.6157587182810648,-0.2515205765888294,True,False,False,True,False,True,False,True,False,True,False,False,False,False,False,True,False,True,False,False,False,False,True,False,True,False,False,False,False,True,Overweight_Level_I
-0.8364257115081487,0.574346974494636,-0.2515205765888294,True,False,False,True,False,True,False,True,False,True,False,False,False,False,False,True,False,True,False,False,False,False,True,False,True,False,False,False,False,True,Overweight_Level_I
-0.8364257115081487,1.097970227212247,-0.05307545735407348,False,True,False,True,False,True,False,True,False,False,False,True,False,False,False,True,False,True,False,False,False,True,False,False,True,False,False,False,True,False,Overweight_Level_I
-0.8364257115081487,1.199468127851624,-0.01684761022845363,False,True,False,True,False,True,False,False,True,False,False,False,True,False,False,True,False,True,False,False,False,True,False,True,False,False,False,False,True,False,Overweight_Level_I
-0.5217412208658921,0.5882402232513564,-0.30033881550522834,True,False,False,True,False,True,False,True,False,False,False,True,False,False,False,True,False,True,False,True,False,False,False,False,False,True,False,True,False,False,Overweight_Level_I
-0.8364257115081487,0.5906415255056044,-0.2519105331543845,True,False,False,True,False,True,False,True,False,False,False,True,False,False,False,True,False,True,False,False,False,True,False,False,True,False,False,True,False,False,Overweight_Level_I
-0.993767956829277,-0.8755893428985058,-0.6567187115605435,True,False,False,True,False,True,False,True,False,True,False,False,False,False,False,True,False,True,False,True,False,False,False,False,False,True,False,False,False,True,Overweight_Level_I
-0.5217412208658921,0.08477075731046649,-0.4424698301169366,True,False,False,True,False,True,False,True,False,False,False,True,False,False,False,True,False,True,False,False,True,False,False,True,False,False,False,False,True,False,Overweight_Level_I
-1.1511102021504052,-1.7801727661929618,-1.1199912359438788,True,False,True,False,False,True,False,True,False,False,True,False,False,False,False,True,False,False,True,True,False,False,False,False,True,False,False,False,True,False,Overweight_Level_I
0.2649700057397492,1.2560809725153923,0.0170456531336813,False,True,True,False,False,True,False,True,False,False,True,False,False,False,False,True,False,True,False,False,False,True,False,False,True,False,False,False,False,True,Overweight_Level_I
0.42231225106087744,1.2431418126007616,0.01990679855869553,False,True,True,False,False,True,False,False,True,False,False,True,False,False,False,True,False,True,False,False,False,True,False,True,False,False,False,False,False,True,Overweight_Level_I
-0.5217412208658921,-0.6977214544945627,-0.6334190836450437,False,True,True,False,False,True,False,True,False,True,False,False,False,False,False,False,True,True,False,False,True,False,False,True,False,False,False,False,True,False,Overweight_Level_I
-0.5217412208658921,-0.860452562617264,-0.6334190836450437,False,True,True,False,False,True,False,True,False,True,False,False,False,False,False,False,True,True,False,False,True,False,False,True,False,False,False,False,True,False,Overweight_Level_I
0.42231225106087744,1.08480594521128,-0.031164641549334408,False,True,False,True,False,True,False,False,True,False,False,True,False,False,False,True,False,True,False,False,True,False,False,True,False,False,False,False,True,False,Overweight_Level_I
-0.36439897554476386,-0.05870705238085192,-0.4272247854239088,False,True,False,True,False,True,False,True,False,False,False,True,False,False,False,True,False,True,False,False,True,False,False,True,False,False,False,False,True,False,Overweight_Level_I
-0.5217412208658921,-0.07551616816058832,-0.44047631991010316,False,True,False,True,False,True,False,True,False,False,False,False,True,False,False,True,False,True,False,False,True,False,False,True,False,False,False,False,True,False,Overweight_Level_I
-0.5217412208658921,-0.8954429668934514,-0.6723191510042376,True,False,False,True,False,True,True,False,False,False,False,True,False,False,False,False,True,True,False,False,True,False,False,False,True,False,False,False,True,False,Overweight_Level_I
-0.8364257115081487,1.6630481041136873,0.07819592950083515,False,True,False,True,False,True,False,True,False,False,False,False,True,False,False,True,False,True,False,False,False,True,False,True,False,False,False,False,True,False,Overweight_Level_I
2.3104191949144166,0.39282353221257266,0.013320156817646235,True,False,True,False,False,True,False,False,True,False,False,True,False,False,False,True,False,True,False,False,False,False,True,True,False,False,False,False,True,False,Overweight_Level_I
2.467761440235545,0.4032434687801129,-0.2166004645209218,True,False,True,False,False,True,False,True,False,False,False,True,False,False,False,True,False,True,False,True,False,False,False,False,True,False,False,False,True,False,Overweight_Level_I
-0.6790834661870204,1.1348366488745658,-0.04849855650640775,False,True,False,True,False,True,False,True,False,False,False,True,False,False,False,True,False,True,False,False,True,False,False,False,True,False,False,False,True,False,Overweight_Level_I
-0.6790834661870204,1.5838694503195994,-0.05185960707715877,False,True,False,True,False,True,False,True,False,False,False,True,False,False,False,True,False,True,False,False,True,False,False,False,True,False,False,False,True,False,Overweight_Level_I
-0.5217412208658921,0.11573040423130726,-0.4424698301169366,False,True,False,True,False,True,False,True,False,False,False,True,False,False,False,True,False,True,False,False,True,False,False,True,False,False,False,False,True,False,Overweight_Level_I
-0.8364257115081487,0.5552330373547947,-0.2515205765888294,True,False,False,True,False,True,False,True,False,True,False,False,False,False,False,True,False,True,False,False,False,False,True,False,True,False,False,False,False,True,Overweight_Level_I
-0.049714484902507336,0.1688913769045947,-0.4282920771815787,False,True,False,True,False,True,False,True,False,False,False,True,False,False,False,True,False,True,False,True,False,False,False,False,False,True,False,False,True,False,Overweight_Level_I
-0.2070567302236356,-0.2584010630600154,-0.4424698301169366,False,True,False,True,False,True,False,True,False,False,False,True,False,False,False,True,False,True,False,True,False,False,False,False,False,True,False,False,True,False,Overweight_Level_I
1.5237079683087753,-0.23533140926027607,-0.44685318480122643,True,False,False,True,False,True,False,False,True,True,False,False,False,False,False,True,False,True,False,True,False,False,False,True,False,False,False,False,True,False,Overweight_Level_I
-0.36439897554476386,-1.0801931590796594,-0.707549326470024,True,False,False,True,False,True,False,True,False,False,False,True,False,False,False,True,False,True,False,False,True,False,False,True,False,False,False,False,True,False,Overweight_Level_I
-0.5217412208658921,-0.8997202865338287,-0.6751172067958864,True,False,False,True,False,True,True,False,False,False,False,True,False,False,False,True,False,True,False,False,True,False,False,False,True,False,False,False,True,False,Overweight_Level_I
-0.5217412208658921,-0.9805498356277146,-0.6767642586771183,False,True,True,False,False,True,False,True,False,False,False,True,False,False,False,False,True,True,False,False,True,False,False,True,False,False,False,False,True,False,Overweight_Level_I
-0.5217412208658921,-0.9553897624548557,-0.6539095425223391,False,True,True,False,False,True,False,True,False,True,False,False,False,False,False,False,True,True,False,False,True,False,False,True,False,False,False,False,True,False,Overweight_Level_I
2.3104191949144166,-1.6455283183654814,-0.9258984230447893,True,False,False,True,False,True,False,False,True,False,False,True,False,False,False,True,False,True,False,True,False,False,False,False,True,False,False,False,True,False,Overweight_Level_I
2.3104191949144166,-1.4283069452501789,-0.9062827790776075,True,False,False,True,False,True,False,True,False,False,False,True,False,False,False,True,False,True,False,True,False,False,False,False,True,False,False,False,True,False,Overweight_Level_I
1.99573470427216,-1.8155062136483255,-0.92300401425981,True,False,False,True,False,True,False,True,False,False,False,True,False,False,False,True,False,True,False,True,False,False,False,False,True,False,False,False,True,False,Overweight_Level_I
-0.36439897554476386,0.3057548852973831,-0.289822629075824,True,False,False,True,False,True,False,True,False,True,False,False,False,False,False,True,False,True,False,False,True,False,False,True,False,False,False,False,True,False,Overweight_Level_I
-0.36439897554476386,0.3054118421182045,-0.3115049168139407,True,False,False,True,False,True,False,True,False,True,False,False,False,False,False,True,False,True,False,False,False,True,False,True,False,False,False,False,True,False,Overweight_Level_I
-0.36439897554476386,-0.7963034881109238,-0.6334190836450437,False,True,True,False,False,True,False,True,False,True,False,False,False,False,False,False,True,True,False,False,True,False,False,True,False,False,False,False,True,False,Overweight_Level_I
-0.5217412208658921,-0.8755893428985058,-0.6334190836450437,False,True,True,False,False,True,False,True,False,True,False,False,False,False,False,False,True,True,False,False,True,False,False,True,False,False,False,False,True,False,Overweight_Level_I
-0.5217412208658921,-0.8755893428985058,-0.6334190836450437,False,True,True,False,False,True,False,True,False,True,False,False,False,False,False,False,True,True,False,False,True,False,False,True,False,False,False,False,True,False,Overweight_Level_I
-0.5217412208658921,-0.8755893428985058,-0.6334190836450437,False,True,True,False,False,True,False,True,False,True,False,False,False,False,False,False,True,True,False,False,True,False,False,True,False,False,False,False,True,False,Overweight_Level_I
0.8943389870242623,-0.6746518006948233,-0.6623534712727548,True,False,False,True,False,True,False,True,False,False,False,True,False,False,False,True,False,True,False,True,False,False,False,True,False,False,False,False,True,False,Overweight_Level_I
1.0516812323453906,-0.22318553669749416,-0.5641663721724841,True,False,False,True,False,True,False,True,False,False,False,True,False,False,False,True,False,True,False,True,False,False,False,True,False,False,False,False,True,False,Overweight_Level_I
-0.5217412208658921,0.6077722442658202,-0.2717797959201022,True,False,False,True,False,True,False,False,True,True,False,False,False,False,False,True,False,True,False,False,False,False,True,False,True,False,False,False,True,False,Overweight_Level_I
-0.6790834661870204,1.296013342591615,-0.0573494744957935,False,True,False,True,False,True,False,False,True,False,False,True,False,False,False,True,False,True,False,False,False,False,True,True,False,False,False,False,True,False,Overweight_Level_I
-0.6790834661870204,1.2192145508530756,-0.049032412429421864,False,True,False,True,False,True,False,False,True,False,False,True,False,False,False,True,False,True,False,False,False,True,False,False,True,False,False,False,True,False,Overweight_Level_I
-0.36439897554476386,-0.038896308783307236,-0.4424698301169366,False,True,False,True,False,True,False,True,False,False,False,True,False,False,False,True,False,True,False,False,False,True,False,True,False,False,False,False,True,False,Overweight_Level_I
-0.5217412208658921,-1.0169874533160579,-0.7184329756429175,True,False,False,True,False,True,False,True,False,False,False,True,False,False,False,False,True,True,False,False,True,False,False,True,False,False,False,False,True,False,Overweight_Level_I
-0.36439897554476386,-0.979284863904494,-0.709807263203143,True,False,False,True,False,True,False,True,False,False,False,False,True,False,False,False,True,True,False,False,True,False,False,True,False,False,False,False,True,False,Overweight_Level_I
-0.2070567302236356,0.09366843977040458,-0.4370141044248328,False,True,False,True,False,True,False,False,True,False,False,True,False,False,False,True,False,True,False,False,True,False,False,False,False,True,False,False,True,False,Overweight_Level_I
-0.2070567302236356,0.15663830334831888,-0.4161786766261134,False,True,False,True,False,True,False,True,False,False,False,True,False,False,False,True,False,True,False,True,False,False,False,False,True,False,False,False,True,False,Overweight_Level_I
-0.6790834661870204,1.4261767888910788,0.10857912549476531,False,True,False,True,False,True,False,True,False,False,False,False,True,False,False,True,False,True,False,False,False,True,False,True,False,False,False,False,True,False,Overweight_Level_I
-0.36439897554476386,-0.9632583153772579,-0.7426280409879121,True,False,False,True,False,True,False,True,False,False,False,True,False,False,False,True,False,True,False,False,True,False,False,True,False,False,False,False,True,False,Overweight_Level_I
-0.36439897554476386,-1.0899913298849377,-0.7813297502625409,True,False,False,True,False,True,False,True,False,False,False,True,False,False,False,True,False,True,False,False,False,True,False,True,False,False,False,False,True,False,Overweight_Level_I
-0.5217412208658921,0.5563800879851729,-0.32869577259027055,True,False,False,True,False,True,False,True,False,False,True,False,False,False,False,True,False,True,False,False,True,False,False,False,True,False,False,False,True,False,Overweight_Level_I
-0.5217412208658921,0.43616489388188,-0.30251861580380346,True,False,False,True,False,True,False,False,True,True,False,False,False,False,False,True,False,True,False,False,True,False,False,True,False,False,False,False,True,False,Overweight_Level_I
-0.8364257115081487,0.7927368384390137,-0.24718629586269614,False,True,False,True,False,True,False,True,False,False,False,True,False,False,False,True,False,True,False,False,False,False,True,False,True,False,False,False,False,True,Overweight_Level_I
-0.5217412208658921,0.13481218107310092,-0.4424698301169366,False,True,False,True,False,True,False,True,False,False,False,True,False,False,False,True,False,True,False,False,True,False,False,True,False,False,False,False,True,False,Overweight_Level_I
-0.5217412208658921,-0.08628986800665807,-0.4424698301169366,False,True,False,True,False,True,False,True,False,False,False,True,False,False,False,True,False,True,False,False,True,False,False,True,False,False,False,False,True,False,Overweight_Level_I
0.736996741703134,-0.45566161118688076,-0.588736920129616,True,False,False,True,False,True,False,True,False,False,False,True,False,False,False,True,False,True,False,False,False,True,False,True,False,False,False,False,True,False,Overweight_Level_I
-0.049714484902507336,0.8004660300698742,-0.16257461937245388,False,True,False,True,False,True,False,True,False,False,False,True,False,False,False,True,False,True,False,False,True,False,False,False,True,False,False,False,False,True,Overweight_Level_I
0.2649700057397492,0.7089056615273195,-0.14861080598074927,False,True,False,True,False,True,False,True,False,False,False,True,False,False,False,True,False,True,False,False,True,False,False,False,True,False,False,False,False,True,Overweight_Level_I
-0.2070567302236356,0.00899037501011228,-0.4424698301169366,False,True,False,True,False,True,False,True,False,False,False,True,False,False,False,True,False,True,False,False,True,False,False,False,False,True,False,False,True,False,Overweight_Level_I
-0.6790834661870204,1.206060988951457,-0.0490750704926598,False,True,False,True,False,True,False,False,True,False,False,True,False,False,False,True,False,True,False,False,True,False,False,True,False,False,False,False,True,False,Overweight_Level_I
-0.36439897554476386,-1.0906345358458989,-0.8081780554853084,True,False,True,False,False,True,False,False,True,False,False,True,False,False,False,True,False,True,False,False,True,False,False,True,False,False,False,False,True,False,Overweight_Level_I
1.2090234776665187,-0.3822182105446792,-0.5224322741822764,True,False,False,True,False,True,False,True,False,False,False,True,False,False,False,True,False,True,False,True,False,False,False,False,True,False,False,False,True,False,Overweight_Level_I
-0.2070567302236356,-0.0010007575834547202,-0.4388964439762622,False,True,False,True,False,True,False,False,True,False,False,True,False,False,False,True,False,True,False,False,True,False,False,False,False,True,False,False,True,False,Overweight_Level_I
-0.2070567302236356,0.12505689066521863,-0.41084408914044807,False,True,False,True,False,True,False,False,True,False,False,False,True,False,False,True,False,True,False,True,False,False,False,False,False,True,False,False,True,False,Overweight_Level_I
-1.1511102021504052,-2.2755378370257624,-1.2589457715332966,True,False,True,False,False,True,False,True,False,False,True,False,False,False,False,True,False,False,True,True,False,False,False,False,False,True,False,False,True,False,Overweight_Level_I
-0.993767956829277,-1.9683212298729036,-1.1748702423571105,True,False,True,False,False,True,False,True,False,False,True,False,False,False,False,True,False,False,True,True,False,False,False,False,False,True,False,False,True,False,Overweight_Level_I
-1.3084524474715336,-0.9127559273426049,-0.8219644770204856,True,False,False,True,False,True,False,True,False,True,False,False,False,False,False,True,False,False,True,True,False,False,False,False,True,False,False,False,False,True,Overweight_Level_I
-0.2070567302236356,-1.2013088415282949,-0.8195058526219082,True,False,True,False,False,True,False,True,False,False,False,True,False,False,False,True,False,True,False,False,False,True,False,False,False,True,False,False,True,False,Overweight_Level_I
1.6810502136299037,-0.27942317788403376,-0.49970751808944874,True,False,False,True,False,True,False,False,True,False,True,False,False,False,False,True,False,True,False,True,False,False,False,True,False,False,False,False,True,False,Overweight_Level_I
-0.2070567302236356,1.8479698178894846,0.1209947605287149,False,True,False,True,False,True,False,True,False,False,False,True,False,False,False,True,False,True,False,True,False,False,False,False,True,False,False,False,True,False,Overweight_Level_I
2.3104191949144166,-1.2961924408691397,-0.9148255049717984,True,False,False,True,False,True,False,True,False,False,False,True,False,False,False,True,False,True,False,False,True,False,False,True,False,False,False,False,True,False,Overweight_Level_I
-0.6790834661870204,-0.8755893428985058,-0.6496377403919604,False,True,True,False,False,True,False,True,False,True,False,False,False,False,False,False,True,True,False,False,True,False,False,False,True,False,False,False,True,False,Overweight_Level_I
-1.3084524474715336,-0.9407568268430335,-0.757965008651588,True,False,False,True,False,True,False,True,False,True,False,False,False,False,False,True,False,False,True,False,True,False,False,False,False,True,False,False,False,True,Overweight_Level_I
-0.993767956829277,-0.8897077137415624,-0.7405956535130603,True,False,False,True,False,True,False,True,False,True,False,False,False,False,False,True,False,False,True,False,True,False,False,False,False,True,False,False,False,True,Overweight_Level_I
-0.8364257115081487,-0.687590960609454,-0.6334190836450437,False,True,False,True,False,True,False,True,False,True,False,False,False,False,False,True,False,True,False,False,True,False,False,True,False,False,False,False,False,True,Overweight_Level_I
-0.6790834661870204,-1.4488573757028278,-0.9536027919609739,True,False,True,False,False,True,False,False,True,False,False,True,False,False,False,True,False,False,True,False,True,False,False,True,False,False,False,False,True,False,Overweight_Level_I
-0.6790834661870204,-1.7082408995590141,-0.8680501557391958,True,False,True,False,False,True,False,False,True,False,False,True,False,False,False,True,False,False,True,True,False,False,False,True,False,False,False,False,True,False,Overweight_Level_I
-1.1511102021504052,-1.0899913298849377,-0.8243683371731508,True,False,False,True,False,True,False,False,True,False,True,False,False,False,False,True,False,False,True,False,True,False,False,False,False,True,False,False,True,False,Overweight_Level_I
-1.1511102021504052,-1.088018831604663,-0.8243683371731508,True,False,False,True,False,True,False,False,True,False,True,False,False,False,False,True,False,False,True,False,True,False,False,False,False,True,False,False,True,False,Overweight_Level_I
0.736996741703134,0.7716182427208498,0.01849060432497914,False,True,True,False,False,True,False,True,False,False,False,False,True,False,False,True,False,True,False,False,False,True,False,True,False,False,False,False,False,True,Overweight_Level_I
1.2090234776665187,-0.5966523578291588,-0.47502885466496925,True,False,False,True,False,True,False,False,True,False,False,True,False,False,False,True,False,True,False,False,True,False,False,False,True,False,False,False,True,False,Overweight_Level_I
1.2090234776665187,-0.552378347516461,-0.4878879502453125,True,False,False,True,False,True,False,True,False,False,False,True,False,False,False,True,False,True,False,False,True,False,False,True,False,False,False,False,True,False,Overweight_Level_I
-0.993767956829277,0.5290545547437507,-0.2515205765888294,False,True,False,True,False,True,False,True,False,False,False,True,False,False,False,True,False,True,False,True,False,False,False,True,False,False,False,True,False,False,Overweight_Level_I
-0.6790834661870204,1.4642438616805182,0.11116480752664015,False,True,False,True,False,True,False,True,False,False,False,False,True,False,False,True,False,True,False,False,False,True,False,True,False,False,False,False,True,False,Overweight_Level_I
-0.6790834661870204,1.3161242489709422,0.040862027919078815,False,True,False,True,False,True,False,False,True,False,False,False,True,False,False,True,False,True,False,False,False,True,False,True,False,False,False,False,True,False,Overweight_Level_I
-0.8364257115081487,0.6252245660065153,-0.27637372944118305,True,False,False,True,False,True,False,True,False,False,True,False,False,False,False,True,False,True,False,False,True,False,False,False,False,True,False,False,False,True,Overweight_Level_I
-0.993767956829277,-0.8515656002566768,-0.7002418131070557,True,False,False,True,False,True,False,True,False,True,False,False,False,False,False,True,False,True,False,True,False,False,False,False,False,True,False,False,False,True,Overweight_Level_I
-0.993767956829277,0.3035787051294713,-0.41127391591014,True,False,False,True,False,True,False,False,True,False,False,True,False,False,False,True,False,True,False,False,True,False,False,False,True,False,False,True,False,False,Overweight_Level_I
-0.993767956829277,0.25251887192865186,-0.4053984837587812,True,False,False,True,False,True,False,False,True,False,False,True,False,False,False,True,False,True,False,False,True,False,False,False,True,False,False,True,False,False,Overweight_Level_I
-0.6790834661870204,-1.7220591076202882,-0.8347961522880225,True,False,True,False,False,True,False,False,True,False,False,True,False,False,False,True,False,False,True,True,False,False,False,False,True,False,False,False,True,False,Overweight_Level_I
-0.5217412208658921,0.7727974536492758,0.1029889333383273,False,True,False,True,False,True,False,True,False,True,False,False,False,False,False,True,False,True,False,False,True,False,False,False,True,False,False,False,True,False,Overweight_Level_II
-0.36439897554476386,0.5676576325006574,0.09479365870585559,False,True,False,True,False,True,False,True,False,False,True,False,False,False,False,True,False,True,False,False,True,False,False,True,False,False,False,False,True,False,Overweight_Level_II
-0.5217412208658921,-0.29319850554791416,-0.2515205765888294,False,True,False,True,False,True,False,True,False,False,False,True,False,False,False,True,False,True,False,False,False,True,False,False,True,False,False,False,False,True,Overweight_Level_II
-0.5217412208658921,0.1964205920336515,-0.2302917933278421,False,True,False,True,False,True,False,True,False,False,True,False,False,False,False,True,False,True,False,False,False,True,False,False,True,False,False,False,False,True,Overweight_Level_II
1.3663657229876471,2.267983310395904,0.5688758585212684,False,True,False,True,False,True,False,True,False,False,True,False,False,False,False,True,False,True,False,False,True,False,False,True,False,False,False,False,True,False,Overweight_Level_II
1.0516812323453906,0.3892108587318509,-0.15516326780541703,False,True,False,True,False,True,False,True,False,False,False,True,False,False,False,True,False,True,False,True,False,False,False,True,False,False,False,False,True,False,Overweight_Level_II
0.8943389870242623,0.021554331447519032,-0.16719822640753296,False,True,False,True,False,True,False,True,False,False,False,True,False,False,False,True,False,True,False,True,False,False,False,False,True,False,False,False,True,False,Overweight_Level_II
-0.5217412208658921,0.15684198523595588,-0.2515205765888294,False,True,False,True,False,True,False,True,False,False,False,True,False,False,False,True,False,True,False,False,False,False,True,False,True,False,False,False,False,True,Overweight_Level_II
-0.2070567302236356,-0.5539863624188602,-0.2515205765888294,False,True,False,True,False,True,False,True,False,False,False,True,False,False,False,True,False,True,False,True,False,False,False,False,False,True,False,False,False,True,Overweight_Level_II
0.736996741703134,-1.3198302599343938,-0.8044048218558913,True,False,False,True,True,False,False,True,False,False,True,False,False,False,False,True,False,True,False,False,False,True,False,False,False,True,False,False,True,False,Overweight_Level_II
2.3104191949144166,0.8486957570424724,-0.03430621504808024,False,True,False,True,False,True,False,False,True,True,False,False,False,False,False,True,False,True,False,False,True,False,False,False,True,False,False,False,True,False,Overweight_Level_II
1.6810502136299037,1.3023918017044602,0.19263720190917913,False,True,False,True,False,True,False,True,False,False,False,True,False,False,False,True,False,True,False,False,True,False,False,False,True,False,False,False,True,False,Overweight_Level_II
-0.6790834661870204,-1.8914902778363167,-0.8159570607450887,True,False,False,True,True,False,False,True,False,False,False,True,False,False,False,True,False,True,False,False,False,True,False,False,True,False,False,False,False,True,Overweight_Level_II
-0.36439897554476386,-2.358372044697971,-0.9628497768920272,True,False,False,True,True,False,False,True,False,False,False,True,False,False,False,True,False,True,False,True,False,False,False,False,True,False,False,False,False,True,Overweight_Level_II
-0.8364257115081487,0.7171815782249956,0.04648670551070377,False,True,False,True,False,True,False,False,True,False,False,True,False,False,False,True,False,True,False,False,False,True,False,False,True,False,False,False,True,False,Overweight_Level_II
-0.5217412208658921,-1.4129021624852023,-0.6432215399546104,True,False,False,True,True,False,False,True,False,False,False,True,False,False,False,True,False,True,False,False,True,False,False,False,True,False,False,False,False,True,Overweight_Level_II
-0.5217412208658921,-1.431019130385558,-0.7134641323574602,True,False,False,True,True,False,False,False,True,False,False,True,False,False,False,True,False,True,False,True,False,False,False,False,True,False,False,False,False,True,Overweight_Level_II
-0.36439897554476386,0.9739172375418983,0.13016464015119408,False,True,False,True,False,True,False,True,False,False,True,False,False,False,False,True,False,True,False,True,False,False,False,False,True,False,False,False,True,False,Overweight_Level_II
-0.2070567302236356,1.003761994130411,0.1253668110171962,False,True,False,True,False,True,False,True,False,False,True,False,False,False,False,True,False,True,False,True,False,False,False,False,True,False,False,False,True,False,Overweight_Level_II
-0.2070567302236356,-0.017574031177506402,-0.2515205765888294,True,False,False,True,False,True,False,True,False,False,False,True,False,False,False,True,False,True,False,False,True,False,False,False,False,True,False,False,False,True,Overweight_Level_II
-0.2070567302236356,-0.3540672296533605,-0.23401652584686283,True,False,False,True,False,True,False,True,False,False,True,False,False,False,False,True,False,True,False,False,True,False,False,False,False,True,False,False,False,True,Overweight_Level_II
0.10762776041862093,-0.017981394952780436,-0.07250358915429067,False,True,False,True,False,True,False,True,False,False,False,True,False,False,False,True,False,True,False,True,False,False,False,False,True,False,False,False,True,False,Overweight_Level_II
-0.049714484902507336,0.13022397855159026,-0.10055731882473058,False,True,False,True,False,True,False,True,False,False,False,True,False,False,False,True,False,True,False,False,True,False,False,False,True,False,False,False,True,False,Overweight_Level_II
0.10762776041862093,-0.017981394952780436,-0.32576286843578034,True,False,False,True,False,True,False,False,True,False,False,True,False,False,False,True,False,True,False,False,True,False,False,False,True,False,False,False,True,False,Overweight_Level_II
1.0516812323453906,1.4333163750577251,0.17084370532580784,False,True,False,True,False,True,False,True,False,False,False,True,False,False,False,True,False,True,False,True,False,False,False,True,False,False,False,False,True,False,Overweight_Level_II
-0.049714484902507336,-0.017981394952780436,-0.22244248055291294,False,True,False,True,False,True,False,True,False,False,False,True,False,False,False,True,False,True,False,True,False,False,False,True,False,False,False,False,True,False,Overweight_Level_II
0.736996741703134,-0.017981394952780436,-0.3279002780000723,True,False,False,True,False,True,False,False,True,False,False,True,False,False,False,True,False,True,False,False,False,True,False,False,True,False,False,True,False,False,Overweight_Level_II
-0.993767956829277,-0.017981394952780436,-0.1293499457266226,False,True,False,True,True,False,False,True,False,False,False,True,False,False,False,True,False,True,False,False,True,False,False,False,True,False,False,False,False,True,Overweight_Level_II
-0.8364257115081487,-0.4481039411456095,-0.3556775895311049,True,False,False,True,False,True,False,True,False,False,False,True,False,False,False,True,False,True,False,True,False,False,False,False,True,False,False,False,True,False,Overweight_Level_II
0.2649700057397492,1.4500611702413662,0.3668747677177598,False,True,False,True,False,True,True,False,False,False,True,False,False,False,False,True,False,True,False,False,False,True,False,False,False,True,False,False,True,False,Overweight_Level_II
-0.2070567302236356,1.264292568616973,0.24824781129237847,False,True,False,True,False,True,False,True,False,True,False,False,False,False,False,True,False,True,False,True,False,False,False,False,False,True,False,False,True,False,Overweight_Level_II
-0.2070567302236356,0.1725683709814118,-0.04863168632596736,False,True,False,True,False,True,False,False,True,False,False,True,False,False,False,True,False,True,False,True,False,False,False,False,True,False,False,False,True,False,Overweight_Level_II
-0.2070567302236356,0.9668419719713474,0.13037793046738483,False,True,False,True,False,True,False,True,False,False,False,True,False,False,False,True,False,True,False,True,False,False,False,False,False,True,False,False,True,False,Overweight_Level_II
0.10762776041862093,-0.017981394952780436,-0.22289128767840544,True,False,False,True,False,True,False,False,True,False,False,True,False,False,False,True,False,True,False,False,True,False,False,False,True,False,False,True,False,False,Overweight_Level_II
1.5237079683087753,-0.22080567464194537,-0.11525785262639769,False,True,False,True,False,True,False,True,False,False,True,False,False,False,False,True,False,True,False,False,True,False,False,True,False,False,False,False,False,True,Overweight_Level_II
0.42231225106087744,-0.4386809738175574,-0.3059492864723909,True,False,False,True,False,True,False,True,False,False,False,True,False,False,False,True,False,True,False,True,False,False,False,True,False,False,False,True,False,False,Overweight_Level_II
4.827895120052469,0.7245891668753769,-0.23275641353298027,False,True,True,False,False,True,False,True,False,False,False,True,False,False,False,True,False,True,False,False,True,False,False,True,False,False,False,False,False,True,Overweight_Level_II
1.6810502136299037,0.6808404414307955,-0.060571323060722305,False,True,False,True,False,True,False,False,True,False,False,True,False,False,False,True,False,True,False,False,False,True,False,False,True,False,False,False,False,True,Overweight_Level_II
-0.36439897554476386,-0.5539863624188602,-0.2515205765888294,False,True,False,True,False,True,False,True,False,False,False,True,False,False,False,True,False,True,False,False,True,False,False,False,False,True,False,False,False,True,Overweight_Level_II
-0.993767956829277,-0.5029908498141362,-0.2515205765888294,False,True,False,True,False,True,False,False,True,False,True,False,False,False,False,True,False,True,False,False,True,False,False,False,True,False,False,False,False,True,Overweight_Level_II
2.7824459308778016,-0.5779136241665461,-0.28339741583370737,True,False,False,True,False,True,False,True,False,False,False,True,False,False,False,True,False,True,False,True,False,False,False,False,True,False,False,False,False,True,Overweight_Level_II
-0.36439897554476386,-0.1112140989938298,-0.23093624705849944,False,True,False,True,False,True,False,True,False,False,True,False,False,False,False,True,False,True,False,False,False,False,True,False,False,True,False,False,True,False,Overweight_Level_II
0.736996741703134,-1.8093421565224657,-0.8231508829225063,True,False,False,True,True,False,False,True,False,True,False,False,False,False,False,True,False,True,False,True,False,False,False,True,False,False,False,False,False,True,Overweight_Level_II
0.10762776041862093,-1.4621074184985894,-0.8301492494440131,True,False,False,True,True,False,False,True,False,True,False,False,False,False,False,True,False,True,False,False,True,False,False,True,False,False,False,False,False,True,Overweight_Level_II
-0.36439897554476386,-2.162001264817097,-0.8758356532735957,True,False,False,True,True,False,False,True,False,True,False,False,False,False,False,True,False,True,False,True,False,False,False,False,True,False,False,False,False,True,Overweight_Level_II
-0.2070567302236356,-2.0858242388408175,-0.8314674867106695,True,False,False,True,True,False,False,True,False,False,False,False,True,False,False,True,False,True,False,False,True,False,False,False,True,False,False,False,False,True,Overweight_Level_II
-0.2070567302236356,-0.010048521434282857,-0.20099654980081355,False,True,False,True,False,True,False,True,False,False,False,True,False,False,False,True,False,True,False,True,False,False,False,False,True,False,False,False,True,False,Overweight_Level_II
-0.2070567302236356,0.14408506701026294,-0.18847761122070503,False,True,False,True,False,True,False,True,False,False,True,False,False,False,False,True,False,True,False,False,True,False,False,False,True,False,False,False,True,False,Overweight_Level_II
2.1530769495932884,-0.056327190325303124,-0.2909355958949381,True,False,False,True,False,True,False,False,True,False,False,True,False,False,False,True,False,True,False,True,False,False,False,True,False,False,False,False,False,True,Overweight_Level_II
1.99573470427216,-0.5208826956281555,-0.2515205765888294,True,False,False,True,False,True,False,True,False,False,False,True,False,False,False,True,False,True,False,True,False,False,False,False,False,True,False,False,False,True,Overweight_Level_II
1.5237079683087753,-0.21263695893776072,-0.34980349402452116,True,False,False,True,False,True,False,False,True,False,False,True,False,False,False,True,False,True,False,False,False,True,False,False,True,False,False,False,False,True,Overweight_Level_II
1.5237079683087753,-0.5303807036516537,-0.36100247679469105,True,False,False,True,False,True,False,False,True,False,True,False,False,False,False,True,False,True,False,False,True,False,False,False,True,False,False,False,False,True,Overweight_Level_II
1.0516812323453906,1.5759151366024025,0.4740865868179777,False,True,False,True,False,True,False,False,True,False,False,True,False,False,False,True,False,True,False,False,True,False,False,False,True,False,False,False,True,False,Overweight_Level_II
1.5237079683087753,1.4365002445644734,0.3602239288376747,False,True,False,True,False,True,False,True,False,False,True,False,False,False,False,True,False,True,False,False,True,False,False,True,False,False,False,False,True,False,Overweight_Level_II
-0.8364257115081487,-1.5184844209766706,-0.567424386526031,True,False,False,True,True,False,False,False,True,False,False,True,False,False,False,True,False,True,False,False,True,False,False,False,True,False,False,False,True,False,Overweight_Level_II
-0.8364257115081487,-0.8643546787804174,-0.5529967573975065,True,False,False,True,True,False,False,False,True,False,False,False,True,False,False,True,False,True,False,False,True,False,False,False,True,False,False,False,True,False,Overweight_Level_II
-0.6790834661870204,-0.023620167210523874,-0.3279002780000723,False,True,False,True,True,False,False,True,False,False,True,False,False,False,False,True,False,True,False,True,False,False,False,True,False,False,False,False,False,True,Overweight_Level_II
4.1985261387679556,0.47008328822313294,-0.17014839237454193,False,True,False,True,False,True,False,True,False,False,False,True,False,False,False,True,False,True,False,False,True,False,False,True,False,False,False,False,False,True,Overweight_Level_II
-0.993767956829277,0.20048350968704576,-0.060571323060722305,False,True,False,True,False,True,False,True,False,False,False,True,False,False,False,True,False,True,False,False,True,False,False,True,False,False,False,False,True,False,Overweight_Level_II
-0.993767956829277,0.6122210854957892,-0.05864052058874768,False,True,False,True,False,True,False,False,True,False,False,True,False,False,False,True,False,True,False,False,True,False,False,True,False,False,False,False,True,False,Overweight_Level_II
-0.8364257115081487,0.03463285265369136,-0.1986572686856912,False,True,False,True,False,True,False,False,True,True,False,False,False,False,False,True,False,True,False,False,False,True,False,False,True,False,False,False,True,False,Overweight_Level_II
1.5237079683087753,-0.11101041710619278,-0.3446426321697156,True,False,False,True,False,True,False,False,True,False,True,False,False,False,False,True,False,True,False,True,False,False,False,True,False,False,False,False,False,True,Overweight_Level_II
-1.1511102021504052,0.9070559779001791,0.33192074306242597,False,True,False,True,False,True,False,True,False,False,False,True,False,False,False,True,False,True,False,False,True,False,False,False,True,False,False,False,True,False,Overweight_Level_II
1.3663657229876471,0.04223340309235874,-0.13630301908519196,False,True,False,True,False,True,False,True,False,False,False,True,False,False,False,True,False,True,False,False,False,True,False,True,False,False,False,False,False,True,Overweight_Level_II
1.3663657229876471,0.3404880071891841,-0.06997251860892538,False,True,False,True,False,True,False,False,True,False,False,True,False,False,False,True,False,True,False,False,False,False,True,False,True,False,False,False,False,True,Overweight_Level_II
1.8383924589510319,-0.003005416161777184,-0.13695102447196517,True,False,False,True,False,True,False,True,False,True,False,False,False,False,False,True,False,True,False,False,True,False,False,True,False,False,False,False,False,True,Overweight_Level_II
-0.6790834661870204,-0.8194589027054602,-0.4641096507410684,True,False,False,True,True,False,False,False,True,True,False,False,False,False,False,True,False,True,False,False,False,True,False,True,False,False,False,False,True,False,Overweight_Level_II
-0.8364257115081487,-1.6774956546251587,-0.5391718023029676,True,False,False,True,True,False,False,False,True,False,False,True,False,False,False,True,False,True,False,False,False,True,False,False,True,False,False,False,True,False,Overweight_Level_II
1.5237079683087753,1.5168366690882906,0.2333190549428944,False,True,False,True,False,True,False,True,False,False,True,False,False,False,False,True,False,True,False,False,True,False,False,True,False,False,False,False,True,False,Overweight_Level_II
-0.2070567302236356,0.04433454256482668,-0.17468404818344607,False,True,False,True,False,True,False,False,True,False,True,False,False,False,False,True,False,True,False,False,False,True,False,True,False,False,False,False,True,False,Overweight_Level_II
-0.6790834661870204,0.026410536452759724,-0.29769455024237085,False,True,False,True,True,False,False,True,False,False,False,True,False,False,False,True,False,True,False,False,False,True,False,False,True,False,False,False,True,False,Overweight_Level_II
-0.8364257115081487,0.04721824928979499,-0.3250922546573895,False,True,False,True,True,False,False,True,False,False,False,True,False,False,False,True,False,True,False,False,False,True,False,False,True,False,False,False,True,False,Overweight_Level_II
0.8943389870242623,1.5143817663372956,0.275425083889124,False,True,False,True,False,True,False,True,False,False,False,True,False,False,False,True,False,True,False,False,False,True,False,False,True,False,False,False,True,False,Overweight_Level_II
0.42231225106087744,1.9222708264796327,0.49790857551142886,False,True,False,True,False,True,False,False,True,True,False,False,False,False,False,True,False,True,False,False,False,True,False,True,False,False,False,False,True,False,Overweight_Level_II
-0.5217412208658921,0.26903854502595653,-0.14253632832751326,False,True,False,True,False,True,False,True,False,False,False,True,False,False,False,True,False,True,False,False,False,True,False,False,True,False,False,False,True,False,Overweight_Level_II
1.3663657229876471,0.32463298025153736,-0.08670815136484407,False,True,False,True,False,True,False,True,False,False,False,True,False,False,False,True,False,True,False,False,True,False,False,True,False,False,False,False,False,True,Overweight_Level_II
-0.993767956829277,0.5317238594817312,0.014419337100655688,False,True,False,True,True,False,False,False,True,False,False,True,False,False,False,True,False,True,False,False,True,False,False,True,False,False,False,False,True,False,Overweight_Level_II
1.0516812323453906,0.8444291575014434,0.07049448782783815,False,True,False,True,False,True,False,True,False,True,False,False,False,False,False,True,False,True,False,False,True,False,False,True,False,False,False,False,True,False,Overweight_Level_II
1.3663657229876471,1.590033507445459,0.4328549145036535,False,True,False,True,False,True,False,True,False,False,False,True,False,False,False,True,False,True,False,False,True,False,False,False,True,False,False,False,True,False,Overweight_Level_II
0.10762776041862093,0.8958105936827423,0.055429584660588754,False,True,False,True,False,True,True,False,False,False,True,False,False,False,False,True,False,True,False,True,False,False,False,False,True,False,False,False,True,False,Overweight_Level_II
-0.049714484902507336,0.1840388772851849,-0.010165035582431972,False,True,False,True,False,True,False,True,False,False,False,True,False,False,False,True,False,True,False,True,False,False,False,False,True,False,False,False,True,False,Overweight_Level_II
-0.6790834661870204,-1.8377396996988176,-0.6773003678013237,True,False,False,True,True,False,False,True,False,False,False,False,True,False,False,True,False,True,False,False,True,False,False,False,True,False,False,False,False,True,Overweight_Level_II
1.5237079683087753,-0.3939674394315355,-0.23677631540810462,True,False,False,True,False,True,False,True,False,False,False,True,False,False,False,True,False,True,False,True,False,False,False,False,False,True,False,False,False,True,Overweight_Level_II
1.5237079683087753,-0.30385428430113914,-0.3582350492633079,True,False,False,True,False,True,False,False,True,False,True,False,False,False,False,True,False,True,False,False,True,False,False,False,True,False,False,False,False,True,Overweight_Level_II
-0.2070567302236356,0.2563137870983113,-0.15680157421083715,False,True,False,True,False,True,False,False,True,False,False,True,False,False,False,True,False,True,False,False,True,False,False,True,False,False,False,False,True,False,Overweight_Level_II
2.9397881761989297,0.3451619705054894,0.013722448704979516,True,False,False,True,False,True,False,True,False,False,True,False,False,False,False,True,False,True,False,False,True,False,False,True,False,False,False,False,False,True,Overweight_Level_II
3.254472666841186,-0.27576762400591587,-0.2641873862708702,True,False,False,True,False,True,False,False,True,False,False,True,False,False,False,True,False,True,False,True,False,False,False,True,False,False,False,False,False,True,Overweight_Level_II
-0.36439897554476386,0.906498532734015,0.122835129434219,False,True,False,True,False,True,False,True,False,False,True,False,False,False,False,True,False,True,False,True,False,False,False,True,False,False,False,False,True,False,Overweight_Level_II
-0.5217412208658921,0.1807049263875464,-0.2515205765888294,False,True,False,True,False,True,False,True,False,False,False,True,False,False,False,True,False,True,False,False,False,False,True,False,True,False,False,False,False,True,Overweight_Level_II
1.0516812323453906,2.3355413764953292,0.5712640608351442,False,True,False,True,False,True,False,True,False,True,False,False,False,False,False,True,False,True,False,False,True,False,False,True,False,False,False,False,True,False,Overweight_Level_II
1.0516812323453906,0.06363072139360579,-0.15272751912741217,False,True,False,True,False,True,False,False,True,False,False,True,False,False,False,True,False,True,False,True,False,False,False,True,False,False,False,False,False,True,Overweight_Level_II
-0.36439897554476386,-0.46401256858000317,-0.2515205765888294,False,True,False,True,False,True,False,True,False,False,False,True,False,False,False,True,False,True,False,False,False,False,True,False,False,True,False,False,False,True,Overweight_Level_II
1.0516812323453906,-1.7672979268744267,-0.7895129187123385,True,False,False,True,True,False,False,True,False,False,False,True,False,False,False,True,False,True,False,False,True,False,False,True,False,False,False,False,False,True,Overweight_Level_II
1.6810502136299037,1.1125495623273245,0.13567409896324018,False,True,False,True,False,True,False,True,False,False,True,False,False,False,False,True,False,True,False,True,False,False,False,True,False,False,False,False,True,False,Overweight_Level_II
-0.5217412208658921,-1.9367934176865504,-0.7448142571814058,True,False,False,True,True,False,False,True,False,False,False,True,False,False,False,True,False,True,False,False,True,False,False,False,True,False,False,False,False,True,Overweight_Level_II
-0.8364257115081487,0.4615608092404236,0.02649733566451673,False,True,False,True,False,True,False,True,False,False,False,True,False,False,False,True,False,True,False,False,False,False,True,True,False,False,False,False,True,False,Overweight_Level_II
-0.6790834661870204,-1.8487278015318727,-0.8190061766152762,True,False,False,True,True,False,False,True,False,False,False,True,False,False,False,True,False,True,False,False,False,True,False,False,True,False,False,False,False,True,Overweight_Level_II
-0.2070567302236356,1.0512627543472532,0.12967829240245776,False,True,False,True,False,True,True,False,False,False,True,False,False,False,False,True,False,True,False,True,False,False,False,False,True,False,False,False,True,False,Overweight_Level_II
-0.2070567302236356,-0.2182971713942034,-0.25009983776287914,True,False,False,True,False,True,False,True,False,False,False,True,False,False,False,True,False,True,False,True,False,False,False,False,False,True,False,False,False,True,Overweight_Level_II
-0.049714484902507336,0.05611593174973069,-0.03216849996498233,False,True,False,True,False,True,False,True,False,False,False,True,False,False,False,True,False,True,False,True,False,False,False,False,True,False,False,False,True,False,Overweight_Level_II
-0.049714484902507336,-0.409168540308875,-0.2515205765888294,True,False,False,True,False,True,False,True,False,False,False,True,False,False,False,True,False,True,False,True,False,False,False,True,False,False,False,False,False,True,Overweight_Level_II
0.736996741703134,0.5423045975395124,0.05766682249462552,False,True,False,True,False,True,False,True,False,False,True,False,False,False,False,True,False,True,False,True,False,False,False,True,False,False,False,False,True,False,Overweight_Level_II
0.10762776041862093,0.3608990763502938,-0.12405350990181191,False,True,False,True,False,True,False,False,True,False,False,True,False,False,False,True,False,True,False,True,False,False,False,False,True,False,False,False,True,False,Overweight_Level_II
0.736996741703134,-0.017981394952780436,-0.3279002780000723,True,False,False,True,False,True,False,False,True,False,False,True,False,False,False,True,False,True,False,False,False,True,False,False,True,False,False,True,False,False,Overweight_Level_II
-1.1511102021504052,-0.017981394952780436,-0.12113767661058691,False,True,False,True,True,False,False,True,False,False,False,True,False,False,False,True,False,True,False,False,True,False,False,False,True,False,False,False,True,False,Overweight_Level_II
-0.8364257115081487,-0.7277162924739653,-0.3333029197996953,True,False,False,True,True,False,False,False,True,False,False,True,False,False,False,True,False,True,False,False,False,True,False,False,True,False,False,False,True,False,Overweight_Level_II
-0.049714484902507336,1.6624906589475232,0.35520372020301777,False,True,False,True,False,True,True,False,False,False,True,False,False,False,False,True,False,True,False,False,True,False,False,False,False,True,False,False,True,False,Overweight_Level_II
-0.2070567302236356,0.7788435896822932,0.13037793046738483,False,True,False,True,False,True,False,True,False,False,False,True,False,False,False,True,False,True,False,True,False,False,False,False,True,False,False,False,True,False,Overweight_Level_II
0.736996741703134,-0.017981394952780436,-0.3279002780000723,True,False,False,True,False,True,False,False,True,False,False,True,False,False,False,True,False,True,False,False,True,False,False,False,True,False,False,True,False,False,Overweight_Level_II
1.5237079683087753,0.19115702325313438,-0.08285452809969167,False,True,False,True,False,True,False,True,False,False,False,True,False,False,False,True,False,True,False,False,False,True,False,True,False,False,False,False,False,True,Overweight_Level_II
0.5796544963820057,-0.46606010755572413,-0.3279002780000723,True,False,False,True,False,True,False,False,True,False,True,False,False,False,False,True,False,True,False,False,True,False,False,True,False,False,False,True,False,False,Overweight_Level_II
4.827895120052469,-0.47657652501740755,-0.21358992039994718,False,True,False,True,False,True,False,True,False,False,False,True,False,False,False,True,False,True,False,False,True,False,False,True,False,False,False,False,False,True,Overweight_Level_II
1.6810502136299037,0.1251104911619656,-0.07117962341002833,False,True,False,True,False,True,False,False,True,False,False,True,False,False,False,True,False,True,False,False,False,True,False,False,True,False,False,False,False,True,Overweight_Level_II
-0.5217412208658921,-0.2626355023029966,-0.2370246640072431,False,True,False,True,False,True,False,True,False,False,False,True,False,False,False,True,False,True,False,False,False,True,False,False,True,False,False,False,False,True,Overweight_Level_II
2.1530769495932884,-0.25328757567038834,-0.3575136811733294,True,False,False,True,False,True,False,True,False,False,False,True,False,False,False,True,False,True,False,True,False,False,False,True,False,False,False,False,False,True,Overweight_Level_II
-0.36439897554476386,0.17200020571589691,-0.17781760181354334,False,True,False,True,False,True,False,True,False,True,False,False,False,False,False,True,False,True,False,False,True,False,False,False,True,False,False,False,True,False,Overweight_Level_II
-0.5217412208658921,-2.3068941276225288,-1.0108114556469496,True,False,False,True,True,False,False,True,False,True,False,False,False,False,False,True,False,True,False,True,False,False,False,False,True,False,False,False,False,True,Overweight_Level_II
0.10762776041862093,-2.1257780491157394,-0.8494797297959757,True,False,False,True,True,False,False,True,False,True,False,False,False,False,False,True,False,True,False,True,False,False,False,True,False,False,False,False,False,True,Overweight_Level_II
-0.2070567302236356,0.18549681079669408,-0.18774543540297695,False,True,False,True,False,True,False,True,False,False,True,False,False,False,False,True,False,True,False,False,True,False,False,False,True,False,False,False,True,False,Overweight_Level_II
2.3104191949144166,-0.1428276719749801,-0.27905943069205574,True,False,False,True,False,True,False,False,True,False,False,True,False,False,False,True,False,True,False,True,False,False,False,True,False,False,False,False,False,True,Overweight_Level_II
1.5237079683087753,-0.3845337520041326,-0.3623103646118062,True,False,False,True,False,True,False,False,True,True,False,False,False,False,False,True,False,True,False,False,True,False,False,False,True,False,False,False,False,True,Overweight_Level_II
1.3663657229876471,1.4661198790666499,0.3988239003500233,False,True,False,True,False,True,False,True,False,False,True,False,False,False,False,True,False,True,False,False,True,False,False,True,False,False,False,False,True,False,Overweight_Level_II
-0.6790834661870204,-0.5172057015513359,-0.43901597820897076,True,False,False,True,True,False,False,False,True,False,True,False,False,False,False,True,False,True,False,False,True,False,False,False,True,False,False,False,True,False,Overweight_Level_II
-0.8364257115081487,-0.019932453034355938,-0.3279002780000723,False,True,False,True,True,False,True,False,False,False,True,False,False,False,False,True,False,True,False,True,False,False,False,False,True,False,False,False,True,False,Overweight_Level_II
3.4118149121623147,0.17602024297189264,0.07694567016843416,False,True,False,True,False,True,False,True,False,False,False,True,False,False,False,True,False,True,False,False,True,False,False,True,False,False,False,False,False,True,Overweight_Level_II
-0.993767956829277,0.31851180352307606,-0.09628360720181652,False,True,False,True,True,False,False,True,False,False,False,True,False,False,False,True,False,True,False,False,True,False,False,False,True,False,False,False,True,False,Overweight_Level_II
-0.8364257115081487,-0.02155118803610363,-0.2638203818055888,False,True,False,True,True,False,False,False,True,False,True,False,False,False,False,True,False,True,False,True,False,False,False,True,False,False,False,False,False,True,Overweight_Level_II
2.1530769495932884,-0.03271081145874815,-0.30356161881642457,True,False,False,True,False,True,False,False,True,False,False,True,False,False,False,True,False,True,False,True,False,False,False,True,False,False,False,False,False,True,Overweight_Level_II
-0.2070567302236356,1.308791701016007,0.3956164493588105,False,True,False,True,False,True,False,True,False,False,False,True,False,False,False,True,False,True,False,False,False,True,False,False,False,True,False,False,True,False,Overweight_Level_II
1.3663657229876471,0.07573371355898918,-0.13688831673710639,False,True,False,True,False,True,False,True,False,True,False,False,False,False,False,True,False,True,False,False,False,True,False,True,False,False,False,False,False,True,Overweight_Level_II
1.99573470427216,-0.36671694688555956,-0.21358381002383398,True,False,False,True,False,True,False,True,False,False,False,True,False,False,False,True,False,True,False,True,False,False,False,False,True,False,False,False,False,True,Overweight_Level_II
-0.8364257115081487,-1.2170566674724477,-0.4829790268356119,True,False,False,True,True,False,False,False,True,False,False,True,False,False,False,True,False,True,False,False,False,False,True,False,True,False,False,False,True,False,Overweight_Level_II
1.99573470427216,1.429489299590018,0.22082520709469963,False,True,False,True,False,True,False,True,False,False,True,False,False,False,False,True,False,True,False,False,True,False,False,True,False,False,False,False,True,False,Overweight_Level_II
0.10762776041862093,0.07635547932125104,-0.11708798665191247,False,True,False,True,False,True,False,False,True,False,False,True,False,False,False,True,False,True,False,False,True,False,False,False,True,False,False,False,True,False,Overweight_Level_II
-0.993767956829277,-0.22175976348403506,-0.26095667766057723,False,True,False,True,False,True,False,True,False,False,False,True,False,False,False,True,False,True,False,True,False,False,False,False,True,False,False,False,True,False,Overweight_Level_II
0.42231225106087744,1.4321371641293015,0.4201724469828239,False,True,False,True,False,True,False,False,True,True,False,False,False,False,False,True,False,True,False,False,False,True,False,False,True,False,False,False,True,False,Overweight_Level_II
-0.993767956829277,0.44104253908582,-0.0007985546085205823,False,True,False,True,False,True,False,False,True,False,False,True,False,False,False,True,False,True,False,False,False,True,False,False,True,False,False,False,True,False,Overweight_Level_II
1.3663657229876471,0.42360093744447563,-0.06922709091300226,False,True,False,True,False,True,False,True,False,False,False,True,False,False,False,True,False,True,False,False,True,False,False,True,False,False,False,False,False,True,Overweight_Level_II
-0.993767956829277,0.6222336582880555,-0.019307189373298325,False,True,False,True,False,True,False,False,True,False,False,True,False,False,False,True,False,True,False,False,True,False,False,False,True,False,False,False,True,False,Overweight_Level_II
0.8943389870242623,1.1678331146717769,0.23961060370754125,False,True,False,True,False,True,False,True,False,False,False,True,False,False,False,True,False,True,False,True,False,False,False,True,False,False,False,False,True,False,Overweight_Level_II
0.10762776041862093,0.6584675940887619,0.0743164517067552,False,True,False,True,False,True,False,True,False,True,False,False,False,False,False,True,False,True,False,True,False,False,False,True,False,False,False,False,True,False,Overweight_Level_II
-0.993767956829277,-1.6974135992161974,-0.5646780397922379,True,False,False,True,True,False,False,False,True,False,False,True,False,False,False,True,False,True,False,False,True,False,False,False,True,False,False,False,False,True,Overweight_Level_II
1.6810502136299037,-0.534561542397888,-0.27298628968359434,True,False,False,True,False,True,False,True,False,False,False,True,False,False,False,True,False,True,False,False,True,False,False,False,False,True,False,False,False,True,Overweight_Level_II
-0.049714484902507336,0.3303360731053762,-0.07745898961230045,False,True,False,True,False,True,False,False,True,False,False,True,False,False,False,True,False,True,False,True,False,False,False,False,True,False,False,False,True,False,Overweight_Level_II
2.3104191949144166,0.05008051581606166,-0.033044536950318885,True,False,False,True,False,True,False,False,True,True,False,False,False,False,False,True,False,True,False,False,True,False,False,False,True,False,False,False,False,True,Overweight_Level_II
-0.5217412208658921,0.8469055004511353,0.11767621526179937,False,True,False,True,False,True,False,True,False,True,False,False,False,False,False,True,False,True,False,True,False,False,False,False,True,False,False,False,True,False,Overweight_Level_II
-0.2070567302236356,0.6111490755608548,0.11791459630990388,False,True,False,True,False,True,False,True,False,False,False,True,False,False,False,True,False,True,False,False,True,False,False,True,False,False,False,False,True,False,Overweight_Level_II
-0.5217412208658921,0.031041619371666523,-0.2515205765888294,False,True,False,True,False,True,False,True,False,False,False,True,False,False,False,True,False,True,False,False,False,False,True,False,True,False,False,False,False,True,Overweight_Level_II
-0.5217412208658921,0.15938264878174557,-0.25129873174608053,False,True,False,True,False,True,False,True,False,False,False,True,False,False,False,True,False,True,False,False,False,False,True,False,True,False,False,False,False,True,Overweight_Level_II
1.3663657229876471,2.1671178956181376,0.5051136636948049,False,True,False,True,False,True,False,True,False,False,True,False,False,False,False,True,False,True,False,False,True,False,False,True,False,False,False,False,True,False,Overweight_Level_II
1.3663657229876471,0.4380301911686609,-0.12201944207352897,False,True,False,True,False,True,False,True,False,False,False,True,False,False,False,True,False,True,False,True,False,False,False,True,False,False,False,False,False,True,Overweight_Level_II
0.8943389870242623,0.49378542788448254,-0.12495341554383946,False,True,False,True,False,True,False,True,False,False,False,True,False,False,False,True,False,True,False,False,True,False,False,True,False,False,False,False,False,True,Overweight_Level_II
-0.5217412208658921,0.1646569376616111,-0.2515205765888294,False,True,False,True,False,True,False,True,False,False,False,True,False,False,False,True,False,True,False,False,False,True,False,False,True,False,False,False,False,True,Overweight_Level_II
-0.2070567302236356,-0.5539863624188602,-0.2515205765888294,True,False,False,True,False,True,False,True,False,False,False,True,False,False,False,True,False,True,False,True,False,False,False,False,False,True,False,False,False,True,Overweight_Level_II
-0.049714484902507336,-1.326680403418611,-0.8131718749331277,True,False,False,True,True,False,False,True,False,False,False,True,False,False,False,True,False,True,False,False,True,False,False,False,True,False,False,False,False,True,Overweight_Level_II
1.99573470427216,0.4757327805802248,-0.12617262652761646,False,True,False,True,False,True,False,False,True,True,False,False,False,False,False,True,False,True,False,False,True,False,False,False,True,False,False,False,False,True,Overweight_Level_II
1.5237079683087753,1.495171348303311,0.19904721559071475,False,True,False,True,False,True,False,True,False,False,False,True,False,False,False,True,False,True,False,False,True,False,False,False,True,False,False,False,True,False,Overweight_Level_II
-0.5217412208658921,-1.969060916728008,-0.8359685807046849,True,False,False,True,True,False,False,True,False,False,True,False,False,False,False,True,False,True,False,False,False,True,False,False,True,False,False,False,False,True,Overweight_Level_II
-0.36439897554476386,-2.3411984455403565,-0.9047853550314399,True,False,False,True,True,False,False,True,False,False,True,False,False,False,False,True,False,True,False,True,False,False,False,False,True,False,False,False,False,True,Overweight_Level_II
-0.6790834661870204,0.6142043038754125,0.048706299633714575,False,True,False,True,False,True,False,True,False,False,False,True,False,False,False,True,False,True,False,False,False,True,False,True,False,False,False,False,True,False,Overweight_Level_II
-0.8364257115081487,-1.4927025820415523,-0.6165095724988623,True,False,False,True,True,False,False,False,True,False,False,True,False,False,False,True,False,True,False,False,True,False,False,False,True,False,False,False,False,True,Overweight_Level_II
-0.5217412208658921,-1.657449068841927,-0.7299140668402502,True,False,False,True,True,False,False,True,False,False,False,True,False,False,False,True,False,True,False,False,False,True,False,False,True,False,False,False,False,True,Overweight_Level_II
-0.36439897554476386,0.972930988401761,0.1303293911671379,False,True,False,True,False,True,False,True,False,False,False,True,False,False,False,True,False,True,False,True,False,False,False,False,False,True,False,False,True,False,Overweight_Level_II
-0.36439897554476386,0.8884566055291057,0.12414122232835119,False,True,False,True,False,True,False,True,False,False,True,False,False,False,False,True,False,True,False,True,False,False,False,False,True,False,False,False,True,False,Overweight_Level_II
-0.2070567302236356,-0.015665853493327036,-0.23343435976270652,True,False,False,True,False,True,False,True,False,False,False,True,False,False,False,True,False,True,False,True,False,False,False,False,True,False,False,False,False,True,Overweight_Level_II
-0.2070567302236356,-0.31706144669950226,-0.21563231361568355,False,True,False,True,False,True,False,True,False,False,True,False,False,False,False,True,False,True,False,False,True,False,False,False,False,True,False,False,False,True,Overweight_Level_II
-0.049714484902507336,-0.017981394952780436,-0.06632466225937474,False,True,False,True,False,True,False,True,False,False,False,True,False,False,False,True,False,True,False,True,False,False,False,False,True,False,False,False,True,False,Overweight_Level_II
-0.049714484902507336,0.21087128595653837,-0.09926856412281838,False,True,False,True,False,True,False,True,False,False,False,True,False,False,False,True,False,True,False,False,True,False,False,True,False,False,False,False,True,False,Overweight_Level_II
0.42231225106087744,-0.017981394952780436,-0.3275799415323537,True,False,False,True,False,True,False,False,True,False,False,True,False,False,False,True,False,True,False,False,True,False,False,False,True,False,False,True,False,False,Overweight_Level_II
1.0516812323453906,1.0875717308434059,0.17056186422760045,False,True,False,True,False,True,False,True,False,False,False,True,False,False,False,True,False,True,False,True,False,False,False,True,False,False,False,False,True,False,Overweight_Level_II
-0.049714484902507336,-0.017766992965792597,-0.2354642648972622,True,False,False,True,False,True,False,True,False,False,False,True,False,False,False,True,False,True,False,False,True,False,False,False,True,False,False,False,True,False,Overweight_Level_II
0.2649700057397492,-0.017981394952780436,-0.3263215859516035,True,False,False,True,False,True,False,False,True,False,False,True,False,False,False,True,False,True,False,False,True,False,False,False,True,False,False,True,False,False,Overweight_Level_II
-0.993767956829277,0.12780123609864533,-0.12603816006328172,False,True,False,True,False,True,False,True,False,False,False,True,False,False,False,True,False,True,False,False,True,False,False,False,True,False,False,False,True,False,Overweight_Level_II
-0.8364257115081487,-0.41754093790069435,-0.348018538592391,False,True,False,True,True,False,False,True,False,True,False,False,False,False,False,True,False,True,False,True,False,False,False,True,False,False,False,False,True,False,Overweight_Level_II
0.10762776041862093,1.454949535544657,0.3576849529932127,False,True,False,True,False,True,True,False,False,False,False,True,False,False,False,True,False,True,False,False,True,False,False,False,False,True,False,False,True,False,Overweight_Level_II
-0.2070567302236356,1.1426837615982688,0.18244188660540356,False,True,False,True,False,True,False,True,False,False,True,False,False,False,False,True,False,True,False,True,False,False,False,False,False,True,False,False,True,False,Overweight_Level_II
-0.049714484902507336,0.13754580640717678,-0.05533499806092246,False,True,False,True,False,True,False,True,False,False,False,True,False,False,False,True,False,True,False,True,False,False,False,False,True,False,False,False,True,False,Overweight_Level_II
-0.2070567302236356,0.9838226093406707,0.12691254522450626,False,True,False,True,False,True,False,True,False,False,True,False,False,False,False,True,False,True,False,True,False,False,False,False,True,False,False,False,True,False,Overweight_Level_II
-0.049714484902507336,-0.01263206537746867,-0.20918334628642832,True,False,False,True,False,True,False,True,False,False,False,True,False,False,False,True,False,True,False,False,True,False,False,False,True,False,False,False,True,False,Overweight_Level_II
1.5237079683087753,-0.07161405199743492,-0.08152139679125978,False,True,False,True,False,True,False,True,False,False,False,True,False,False,False,True,False,True,False,False,True,False,False,True,False,False,False,False,False,True,Overweight_Level_II
0.10762776041862093,-0.1368565766374065,-0.31130709338728524,True,False,False,True,False,True,False,True,False,False,False,True,False,False,False,True,False,True,False,True,False,False,False,False,True,False,False,True,False,False,Overweight_Level_II
4.827895120052469,-0.3032003582408296,-0.23623295021226492,False,True,False,True,False,True,False,True,False,False,False,True,False,False,False,True,False,True,False,False,True,False,False,True,False,False,False,False,False,True,Overweight_Level_II
1.6810502136299037,0.7270547897257204,-0.060571323060722305,False,True,False,True,False,True,False,False,True,False,False,True,False,False,False,True,False,True,False,False,False,True,False,False,True,False,False,False,False,True,Overweight_Level_II
-0.36439897554476386,-0.5539863624188602,-0.2515205765888294,False,True,False,True,False,True,False,True,False,False,False,True,False,False,False,True,False,True,False,False,True,False,False,False,False,True,False,False,False,True,Overweight_Level_II
-0.993767956829277,-0.41817342376230465,-0.25673173447701436,False,True,False,True,True,False,False,True,False,False,True,False,False,False,False,True,False,True,False,False,True,False,False,False,True,False,False,False,False,True,Overweight_Level_II
2.7824459308778016,-0.2472843200347694,-0.2572776202030002,True,False,False,True,False,True,False,False,True,False,False,True,False,False,False,True,False,True,False,True,False,False,False,False,True,False,False,False,False,True,Overweight_Level_II
-0.5217412208658921,-0.07776738902394631,-0.23963310719013856,False,True,False,True,False,True,False,True,False,False,False,True,False,False,False,True,False,True,False,False,False,False,True,False,True,False,False,False,False,True,Overweight_Level_II
0.5796544963820057,-2.103716084654837,-0.8666799802755792,True,False,False,True,True,False,False,True,False,True,False,False,False,False,False,True,False,True,False,True,False,False,False,True,False,False,False,False,False,True,Overweight_Level_II
0.10762776041862093,-2.104252089622302,-0.87343393175257,True,False,False,True,True,False,False,True,False,True,False,False,False,False,False,True,False,True,False,False,True,False,False,True,False,False,False,False,False,True,Overweight_Level_II
-0.36439897554476386,-2.2537545951479405,-0.9286299903063595,True,False,False,True,True,False,False,True,False,True,False,False,False,False,False,True,False,True,False,True,False,False,False,False,True,False,False,False,False,True,Overweight_Level_II
-0.5217412208658921,-2.061146570138679,-0.8299840401498604,True,False,False,True,True,False,False,True,False,False,False,True,False,False,False,True,False,True,False,False,True,False,False,False,True,False,False,False,False,True,Overweight_Level_II
-0.2070567302236356,-0.1783004807218853,-0.21248600457545025,False,True,False,True,False,True,False,True,False,False,False,True,False,False,False,True,False,True,False,True,False,False,False,False,False,True,False,False,False,True,Overweight_Level_II
-0.2070567302236356,0.22935273723476704,-0.16221498554835906,False,True,False,True,False,True,False,True,False,False,False,True,False,False,False,True,False,True,False,False,True,False,False,False,True,False,False,False,True,False,Overweight_Level_II
2.1530769495932884,-0.05063481757081272,-0.3219413246452206,True,False,False,True,False,True,False,False,True,False,False,True,False,False,False,True,False,True,False,True,False,False,False,True,False,False,False,False,False,True,Overweight_Level_II
2.1530769495932884,-0.27424536989831366,-0.2866652449788858,True,False,False,True,False,True,False,False,True,False,False,True,False,False,False,True,False,True,False,True,False,False,False,False,True,False,False,False,False,True,Overweight_Level_II
1.5237079683087753,-0.2214381605035533,-0.35111287124581386,True,False,False,True,False,True,False,False,True,False,True,False,False,False,False,True,False,True,False,False,True,False,False,False,True,False,False,False,False,True,Overweight_Level_II
1.5237079683087753,-0.5103877183651689,-0.26308148457413666,True,False,False,True,False,True,False,True,False,False,True,False,False,False,False,True,False,True,False,True,False,False,False,False,True,False,False,False,False,True,Overweight_Level_II
1.2090234776665187,1.490422344291562,0.44580406175196063,False,True,False,True,False,True,False,True,False,False,True,False,False,False,False,True,False,True,False,False,True,False,False,True,False,False,False,False,True,False,Overweight_Level_II
1.3663657229876471,1.4400271572504006,0.41360978846801744,False,True,False,True,False,True,False,True,False,False,True,False,False,False,False,True,False,True,False,False,True,False,False,True,False,False,False,False,True,False,Overweight_Level_II
-0.8364257115081487,-1.553217542868474,-0.5651287182204151,True,False,False,True,True,False,False,False,True,False,False,True,False,False,False,True,False,True,False,False,False,True,False,False,True,False,False,False,False,True,Overweight_Level_II
-0.6790834661870204,-1.2068404127925445,-0.5297866846819117,True,False,False,True,True,False,False,False,True,False,False,False,True,False,False,True,False,True,False,False,True,False,False,False,True,False,False,False,True,False,Overweight_Level_II
-0.6790834661870204,-0.011259892660754134,-0.3260592598671062,False,True,False,True,True,False,False,True,False,False,False,True,False,False,False,True,False,True,False,False,True,False,False,False,True,False,False,False,True,False,Overweight_Level_II
3.726499402804571,0.45300616995966414,-0.07091324920135673,False,True,False,True,False,True,False,False,True,False,False,True,False,False,False,True,False,True,False,True,False,False,False,True,False,False,False,False,False,True,Overweight_Level_II
-0.993767956829277,0.4392737226931822,-0.060571323060722305,False,True,False,True,True,False,False,True,False,False,False,True,False,False,False,True,False,True,False,False,True,False,False,True,False,False,False,False,True,False,Overweight_Level_II
-0.993767956829277,0.5656315337236357,-0.0604611835312875,False,True,False,True,False,True,False,False,True,False,False,True,False,False,False,True,False,True,False,False,True,False,False,True,False,False,False,False,True,False,Overweight_Level_II
-0.6790834661870204,0.1893667666617974,-0.22131954618276484,False,True,False,True,False,True,False,True,False,False,True,False,False,False,False,True,False,True,False,False,False,True,False,False,True,False,False,False,False,True,Overweight_Level_II
1.5237079683087753,-0.2082309981051902,-0.34960441033279227,True,False,False,True,False,True,False,False,True,False,True,False,False,False,False,True,False,True,False,False,False,True,False,True,False,False,False,False,False,True,Overweight_Level_II
-1.1511102021504052,1.052977970243144,0.3373542422614188,False,True,False,True,False,True,False,True,False,False,False,True,False,False,False,True,False,True,False,False,True,False,False,False,True,False,False,False,True,False,Overweight_Level_II
1.3663657229876471,0.0830877017126234,-0.13641510629701326,False,True,False,True,False,True,False,True,False,True,False,False,False,False,False,True,False,True,False,False,False,False,True,True,False,False,False,False,False,True,Overweight_Level_II
1.6810502136299037,0.5443521365152334,-0.06882964913670883,False,True,False,True,False,True,False,False,True,False,False,True,False,False,False,True,False,True,False,False,False,False,True,False,True,False,False,False,False,True,Overweight_Level_II
1.8383924589510319,-0.1686309511087953,-0.12450877111207366,False,True,False,True,False,True,False,True,False,True,False,False,False,False,False,True,False,True,False,False,True,False,False,True,False,False,False,False,False,True,Overweight_Level_II
-0.8364257115081487,-1.0900020499842886,-0.4992247983765295,True,False,False,True,True,False,False,False,True,False,False,True,False,False,False,True,False,True,False,False,False,True,False,False,True,False,False,False,True,False,Overweight_Level_II
-0.8364257115081487,-1.625428132085505,-0.5206902823321902,True,False,False,True,True,False,False,False,True,False,False,True,False,False,False,True,False,True,False,False,False,True,False,False,True,False,False,False,True,False,Overweight_Level_II
1.2090234776665187,1.3551775709005214,0.18749917758509538,False,True,False,True,False,True,False,True,False,False,False,True,False,False,False,True,False,True,False,False,True,False,False,True,False,False,False,False,True,False,Overweight_Level_II
-0.2070567302236356,0.12545353434114184,-0.17187377163957138,False,True,False,True,False,True,False,False,True,False,False,True,False,False,False,True,False,True,False,False,False,True,False,True,False,False,False,False,True,False,Overweight_Level_II
-0.6790834661870204,-0.22419322603633082,-0.265976848105383,False,True,False,True,True,False,False,True,False,False,False,True,False,False,False,True,False,True,False,False,True,False,False,False,True,False,False,False,False,True,Overweight_Level_II
-0.6790834661870204,0.041879639813831665,-0.32692166307574055,False,True,False,True,True,False,False,True,False,False,False,True,False,False,False,True,False,True,False,False,True,False,False,False,True,False,False,False,True,False,Overweight_Level_II
0.8943389870242623,1.5026861379471863,0.26840544562077406,False,True,False,True,False,True,False,True,False,False,False,True,False,False,False,True,False,True,False,False,True,False,False,False,True,False,False,False,True,False,Overweight_Level_II
0.42231225106087744,1.429081935814744,0.47727459917518156,False,True,False,True,False,True,False,False,True,True,False,False,False,False,False,True,False,True,False,False,False,True,False,True,False,False,False,False,True,False,Overweight_Level_II
-0.5217412208658921,0.24829515278501907,-0.16458710993508835,False,True,False,True,False,True,False,True,False,False,True,False,False,False,False,True,False,True,False,False,False,True,False,False,True,False,False,False,True,False,Overweight_Level_II
1.3663657229876471,-0.17742143257523948,-0.09926165175984075,False,True,False,True,False,True,False,True,False,False,True,False,False,False,False,True,False,True,False,False,True,False,False,True,False,False,False,False,False,True,Overweight_Level_II
-0.993767956829277,0.5190634221501838,-0.008169463123660242,False,True,False,True,False,True,False,False,True,False,False,True,False,False,False,True,False,True,False,False,True,False,False,True,False,False,False,False,True,False,Overweight_Level_II
1.2090234776665187,0.6033662834332497,0.050409108696977,False,True,False,True,False,True,False,True,False,False,True,False,False,False,False,True,False,True,False,False,True,False,False,True,False,False,False,False,True,False,Overweight_Level_II
1.2090234776665187,1.57893820461891,0.4707358475069172,False,True,False,True,False,True,False,True,False,False,False,True,False,False,False,True,False,True,False,False,True,False,False,False,True,False,False,False,True,False,Overweight_Level_II
-0.049714484902507336,0.9381764263112607,0.10721918491113847,False,True,False,True,False,True,False,True,False,False,True,False,False,False,False,True,False,True,False,True,False,False,False,False,True,False,False,False,True,False,Overweight_Level_II
-0.049714484902507336,0.16079770189585624,-0.05059082566716565,False,True,False,True,False,True,False,True,False,False,False,True,False,False,False,True,False,True,False,False,True,False,False,False,True,False,False,False,True,False,Overweight_Level_II
-0.8364257115081487,-1.624688445230401,-0.6358604462311023,True,False,False,True,True,False,False,False,True,False,False,True,False,False,False,True,False,True,False,False,True,False,False,False,True,False,False,False,False,True,Overweight_Level_II
1.6810502136299037,-0.41271689319349897,-0.2463585690385029,True,False,False,True,False,True,False,True,False,False,False,True,False,False,False,True,False,True,False,True,False,False,False,False,False,True,False,False,False,True,Overweight_Level_II
1.5237079683087753,-0.2398981715830851,-0.35251680653745376,True,False,False,True,False,True,False,False,True,False,True,False,False,False,False,True,False,True,False,False,True,False,False,False,True,False,False,False,False,True,Overweight_Level_II
-0.049714484902507336,0.2947989437623756,-0.15500565829155452,False,True,False,True,False,True,False,False,True,False,False,True,False,False,False,True,False,True,False,False,True,False,False,True,False,False,False,False,True,False,Overweight_Level_II
2.467761440235545,0.18734066788477566,-0.004629187583547621,False,True,False,True,False,True,False,True,False,True,False,False,False,False,False,True,False,True,False,False,True,False,False,True,False,False,False,False,False,True,Overweight_Level_II
3.4118149121623147,-0.15384793410608064,-0.2357100929662545,True,False,False,True,False,True,False,True,False,False,False,True,False,False,False,True,False,True,False,False,True,False,False,True,False,False,False,False,False,True,Overweight_Level_II
0.2649700057397492,0.7586790828062191,0.7032256910517063,False,True,False,True,False,True,False,False,True,False,False,True,False,False,False,True,False,True,False,False,False,True,False,False,False,True,False,False,True,False,Obesity_Type_I
0.2649700057397492,1.4519264675281494,0.7304252283314134,False,True,False,True,False,True,False,False,True,False,False,True,False,False,False,True,False,True,False,False,False,True,False,False,False,True,False,False,True,False,Obesity_Type_I
1.0516812323453906,0.8865484278449287,0.6219769746247503,False,True,False,True,False,True,False,True,False,False,False,True,False,False,False,True,False,True,False,False,False,True,False,True,False,False,False,False,True,False,Obesity_Type_I
2.467761440235545,0.9737028355549129,0.5802581525748254,False,True,False,True,False,True,False,True,False,False,True,False,False,False,False,True,False,True,False,False,False,False,True,False,True,False,False,False,True,False,Obesity_Type_I
1.0516812323453906,-1.555468763731832,-0.31898902004657204,True,False,False,True,False,True,False,True,False,False,True,False,False,False,False,True,False,True,False,True,False,False,False,True,False,False,False,False,True,False,Obesity_Type_I
0.2649700057397492,-1.2449289257806833,-0.23810589506042062,True,False,False,True,False,True,False,True,False,True,False,False,False,False,False,True,False,True,False,True,False,False,False,True,False,False,False,False,True,False,Obesity_Type_I
3.097130421520058,-1.4198059064661663,-0.18173672067265603,True,False,False,True,False,True,False,False,True,True,False,False,False,False,False,True,False,True,False,False,True,False,False,True,False,False,False,False,False,True,Obesity_Type_I
2.7824459308778016,-1.2621239651369944,-0.17756982606216565,True,False,False,True,False,True,False,True,False,False,False,True,False,False,False,True,False,True,False,True,False,False,False,True,False,False,False,False,False,True,Obesity_Type_I
-0.2070567302236356,-0.8623714604007943,-0.17514087517758659,True,False,False,True,False,True,True,False,False,True,False,False,False,False,False,True,False,True,False,True,False,False,False,False,True,False,False,False,True,False,Obesity_Type_I
-0.2070567302236356,-0.9999424953506368,-0.15207481638900266,True,False,False,True,False,True,False,False,True,True,False,False,False,False,False,True,False,True,False,True,False,False,False,False,False,True,False,False,True,False,Obesity_Type_I
-0.049714484902507336,0.3404880071891841,0.43253087362041653,False,True,False,True,False,True,False,True,False,False,False,True,False,False,False,True,False,True,False,False,True,False,False,False,True,False,False,False,False,True,Obesity_Type_I
-0.5217412208658921,-0.5539863624188602,0.0720375487455985,False,True,False,True,False,True,False,True,False,True,False,False,False,False,False,True,False,True,False,False,True,False,False,False,True,False,False,False,False,True,Obesity_Type_I
-0.2070567302236356,-0.5534289172526938,0.02621709854003926,True,False,False,True,False,True,False,False,True,True,False,False,False,False,False,True,False,True,False,True,False,False,False,False,True,False,False,False,False,True,Obesity_Type_I
-0.2070567302236356,-0.6165810225195483,-0.08576111944704591,True,False,False,True,False,True,False,True,False,False,False,True,False,False,False,True,False,True,False,False,False,True,False,True,False,False,False,False,False,True,Obesity_Type_I
1.99573470427216,-1.5241660736318126,-0.3558502840359955,True,False,False,True,False,True,False,True,False,False,False,True,False,False,False,True,False,True,False,True,False,False,False,True,False,False,False,False,True,False,Obesity_Type_I
-0.2070567302236356,0.34904264646994354,0.321327183995492,False,True,False,True,False,True,False,True,False,False,False,True,False,False,False,True,False,True,False,False,False,False,True,False,True,False,False,False,False,True,Obesity_Type_I
-0.2070567302236356,0.7947629372160353,0.4287561123969713,False,True,False,True,False,True,False,True,False,False,False,True,False,False,False,True,False,True,False,False,False,False,True,False,False,True,False,False,False,True,Obesity_Type_I
-0.36439897554476386,-0.6566205935892648,0.02895164460996433,True,False,False,True,False,True,False,False,True,True,False,False,False,False,False,True,False,True,False,False,True,False,False,False,False,True,False,False,False,True,Obesity_Type_I
-0.993767956829277,-0.5539863624188602,-0.16991573980404345,True,False,False,True,False,True,False,False,True,False,False,True,False,False,False,True,False,True,False,False,True,False,False,False,True,False,False,False,True,False,Obesity_Type_I
0.2649700057397492,0.5536250224523954,0.8177499881954842,False,True,False,True,False,True,False,False,True,False,False,True,False,False,False,True,False,True,False,False,False,True,False,True,False,False,False,False,True,False,Obesity_Type_I
2.6251036855566734,-1.5935572767199708,-0.33763181575687856,True,False,False,True,False,True,False,True,False,False,False,True,False,False,False,True,False,True,False,True,False,False,False,True,False,False,False,False,True,False,Obesity_Type_I
-0.2070567302236356,0.05196725330154414,0.14947495626198448,False,True,False,True,False,True,False,True,False,False,False,True,False,False,False,True,False,True,False,False,True,False,False,False,True,False,False,False,False,True,Obesity_Type_I
2.1530769495932884,-1.5118486794794415,-0.2515205765888294,True,False,False,True,False,True,False,False,True,True,False,False,False,False,False,True,False,True,False,False,False,True,False,True,False,False,False,False,True,False,Obesity_Type_I
1.0516812323453906,-0.30365060241350217,0.13037793046738483,False,True,False,True,False,True,False,True,False,False,True,False,False,False,False,True,False,True,False,False,False,True,False,True,False,False,False,False,True,False,Obesity_Type_I
-0.2070567302236356,-0.44331205673646423,0.29036159277830076,False,True,False,True,False,True,False,True,False,False,False,True,False,False,False,True,False,True,False,True,False,False,False,True,False,False,False,False,False,True,Obesity_Type_I
2.467761440235545,0.9073561406819616,0.45297947642133846,False,True,False,True,False,True,False,True,False,False,False,True,False,False,False,True,False,True,False,False,False,True,False,False,True,False,False,False,True,False,Obesity_Type_I
-0.2070567302236356,0.6004718566089305,0.3351440810315323,False,True,False,True,False,True,False,True,False,False,False,True,False,False,False,True,False,True,False,False,False,False,True,False,False,True,False,False,False,True,Obesity_Type_I
-0.36439897554476386,0.11240717343301959,0.462628524100621,False,True,False,True,False,True,False,True,False,False,False,True,False,False,False,True,False,True,False,False,False,False,True,False,False,True,False,False,False,True,Obesity_Type_I
1.6810502136299037,0.8396265529929473,0.5446473006772048,False,True,False,True,False,True,False,True,False,True,False,False,False,False,False,True,False,True,False,False,False,True,False,True,False,False,False,True,False,False,Obesity_Type_I
-0.36439897554476386,-1.0899913298849377,-0.1736011367768374,True,False,False,True,False,True,True,False,False,False,False,True,False,False,False,True,False,True,False,False,False,True,False,False,True,False,False,False,False,True,Obesity_Type_I
-0.2070567302236356,-0.97399985492528,-0.1547859138905945,True,False,False,True,False,True,False,True,False,False,False,True,False,False,False,True,False,True,False,False,False,True,False,True,False,False,False,False,False,True,Obesity_Type_I
-0.2070567302236356,-0.3910515724085195,-0.13117862853781043,True,False,False,True,False,True,False,False,True,True,False,False,False,False,False,True,False,True,False,True,False,False,False,False,False,True,False,False,False,True,Obesity_Type_I
2.6251036855566734,-1.7104492400249736,-0.2515205765888294,True,False,False,True,False,True,False,True,False,True,False,False,False,False,False,True,False,True,False,False,False,True,False,True,False,False,False,False,True,False,Obesity_Type_I
2.3104191949144166,-2.0776662432359836,-0.26719445511543066,True,False,False,True,False,True,False,True,False,False,False,True,False,False,False,True,False,True,False,True,False,False,False,True,False,False,False,False,True,False,Obesity_Type_I
0.2649700057397492,-0.43654767404704176,0.13037793046738483,False,True,False,True,False,True,False,True,False,False,False,True,False,False,False,True,False,True,False,False,True,False,False,False,True,False,False,False,True,False,Obesity_Type_I
-0.049714484902507336,-1.5924745466856902,-0.3279002780000723,True,False,False,True,False,True,False,True,False,True,False,False,False,False,False,True,False,True,False,False,True,False,False,True,False,False,False,False,False,True,Obesity_Type_I
-0.5217412208658921,0.8605521869228225,0.6234323134554399,False,True,False,True,False,True,False,True,False,False,False,True,False,False,False,True,False,True,False,False,True,False,False,True,False,False,False,False,False,True,Obesity_Type_I
-0.36439897554476386,0.5180235725132994,0.39542523277632724,False,True,False,True,False,True,False,True,False,False,False,True,False,False,False,True,False,True,False,False,False,True,False,False,True,False,False,False,False,True,Obesity_Type_I
-0.2070567302236356,-0.9200348748007953,-0.228021406703393,True,False,False,True,False,True,False,True,False,True,False,False,False,False,False,True,False,True,False,True,False,False,False,True,False,False,False,False,False,True,Obesity_Type_I
-0.5217412208658921,0.9830400420881703,0.7282414562883641,False,True,False,True,False,True,False,True,False,False,False,True,False,False,False,True,False,True,False,True,False,False,False,False,True,False,False,False,True,False,Obesity_Type_I
-0.993767956829277,1.6412755823352163,1.0765253713230427,False,True,False,True,False,True,False,True,False,False,True,False,False,False,False,True,False,True,False,False,True,False,False,False,False,True,False,False,True,False,Obesity_Type_I
-0.993767956829277,-0.1719970623044839,0.13162563107978795,True,False,False,True,False,True,False,True,False,False,False,True,False,False,False,True,False,True,False,False,True,False,False,False,True,False,False,False,True,False,Obesity_Type_I
-0.993767956829277,0.05001619521996626,0.2582697446739503,True,False,False,True,False,True,False,True,False,False,False,True,False,False,False,True,False,True,False,False,True,False,False,False,True,False,False,False,True,False,Obesity_Type_I
-0.2070567302236356,0.9619964870654527,0.7084986783081838,False,True,False,True,False,True,False,True,False,False,False,True,False,False,False,True,False,True,False,True,False,False,False,False,True,False,False,False,True,False,Obesity_Type_I
-0.2070567302236356,0.557859461695379,0.7601824162925772,False,True,False,True,False,True,False,False,True,False,False,True,False,False,False,True,False,True,False,False,True,False,False,False,True,False,False,False,True,False,Obesity_Type_I
-0.5217412208658921,0.8450187629656553,0.6340841884244013,False,True,False,True,False,True,False,True,False,False,False,True,False,False,False,True,False,True,False,True,False,False,False,True,False,False,False,False,False,True,Obesity_Type_I
-0.36439897554476386,1.2670047537523497,0.7428846289342713,False,True,False,True,False,True,False,True,False,False,False,True,False,False,False,True,False,True,False,True,False,False,False,False,True,False,False,False,False,True,Obesity_Type_I
-0.993767956829277,0.9594129431222669,0.8544804137563905,False,True,False,True,False,True,False,True,False,True,False,False,False,False,False,True,False,True,False,False,True,False,False,False,False,True,False,False,False,True,Obesity_Type_I
-0.993767956829277,1.278400219360679,0.8461323033413954,False,True,False,True,False,True,False,True,False,True,False,False,False,False,False,True,False,True,False,False,True,False,False,False,True,False,False,False,False,True,Obesity_Type_I
-0.8364257115081487,-0.7918439267816063,-0.17514087517758659,True,False,False,True,False,True,True,False,False,False,False,True,False,False,False,True,False,True,False,True,False,False,False,False,False,True,False,False,True,False,Obesity_Type_I
-0.2070567302236356,-0.7456831789834284,-0.17514087517758659,True,False,False,True,False,True,False,False,True,True,False,False,False,False,False,True,False,True,False,True,False,False,False,True,False,False,False,False,True,False,Obesity_Type_I
-0.36439897554476386,0.7709535965611918,0.7032558228439129,False,True,False,True,False,True,False,True,False,False,False,True,False,False,False,True,False,True,False,False,True,False,False,True,False,False,False,False,True,False,Obesity_Type_I
-0.5217412208658921,2.4521010167205017,1.221099505253942,False,True,False,True,False,True,False,True,False,False,False,True,False,False,False,True,False,True,False,False,True,False,False,False,True,False,False,False,True,False,Obesity_Type_I
-0.36439897554476386,2.6342355046654764,1.1574215954279863,False,True,False,True,False,True,False,True,False,False,False,True,False,False,False,True,False,True,False,False,True,False,False,False,True,False,False,False,True,False,Obesity_Type_I
2.1530769495932884,-0.9734960102558605,-0.2515205765888294,True,False,False,True,False,True,False,True,False,False,True,False,False,False,False,True,False,True,False,False,False,True,False,True,False,False,False,False,True,False,Obesity_Type_I
2.1530769495932884,-2.0204745132073545,-0.4267872824942254,True,False,False,True,False,True,False,True,False,False,False,True,False,False,False,True,False,True,False,False,False,True,False,True,False,False,False,False,True,False,Obesity_Type_I
-0.993767956829277,0.3943672265188741,0.40479010977650925,False,True,False,True,False,True,False,True,False,False,False,True,False,False,False,True,False,True,False,True,False,False,False,True,False,False,False,False,False,True,Obesity_Type_I
2.1530769495932884,-1.4339457175079224,-0.39932354782733676,True,False,False,True,False,True,False,True,False,False,False,True,False,False,False,True,False,True,False,True,False,False,False,True,False,False,False,False,True,False,Obesity_Type_I
3.097130421520058,-1.2234994471813907,-0.3994637809591276,True,False,False,True,False,True,False,True,False,False,False,True,False,False,False,True,False,True,False,True,False,False,False,True,False,False,False,False,True,False,Obesity_Type_I
-0.993767956829277,1.2725577652152984,0.8328804251465445,False,True,False,True,False,True,False,True,False,False,True,False,False,False,False,True,False,True,False,False,True,False,False,False,True,False,False,False,True,False,Obesity_Type_I
-0.993767956829277,0.970829848929293,0.8271280406941595,False,True,False,True,False,True,False,True,False,False,True,False,False,False,False,True,False,True,False,False,True,False,False,True,False,False,False,False,True,False,Obesity_Type_I
0.8943389870242623,1.3431496194305819,0.8464949923535465,False,True,False,True,False,True,False,True,False,False,False,True,False,False,False,True,False,True,False,False,True,False,False,False,False,True,False,False,True,False,Obesity_Type_I
-0.993767956829277,-0.33896260967016645,-0.013113597575711547,True,False,False,True,False,True,False,False,True,False,False,True,False,False,False,True,False,True,False,False,True,False,False,True,False,False,False,False,False,True,Obesity_Type_I
0.10762776041862093,-0.6678016572106062,0.17876779382841873,False,True,False,True,False,True,True,False,False,False,False,True,False,False,False,True,False,True,False,True,False,False,False,True,False,False,False,False,True,False,Obesity_Type_I
0.736996741703134,-0.2011235722365891,0.1300598472008576,False,True,False,True,False,True,False,True,False,False,False,True,False,False,False,True,False,True,False,True,False,False,False,True,False,False,False,False,True,False,Obesity_Type_I
-0.993767956829277,-0.9900692838499121,-0.07992761975176232,True,False,False,True,False,True,False,True,False,False,False,True,False,False,False,True,False,True,False,False,True,False,False,True,False,False,False,False,False,True,Obesity_Type_I
-0.5217412208658921,-0.12049770503034264,0.3735241935733691,False,True,False,True,False,True,False,True,False,False,False,True,False,False,False,True,False,True,False,True,False,False,False,False,False,True,False,False,False,True,Obesity_Type_I
-0.8364257115081487,-0.016223298659491125,0.4819038583081649,False,True,False,True,False,True,False,True,False,False,True,False,False,False,False,True,False,True,False,True,False,False,False,False,False,True,False,False,False,True,Obesity_Type_I
-0.993767956829277,-1.0820584563664402,-0.16559986658595047,True,False,False,True,False,True,False,False,True,False,False,True,False,False,False,True,False,True,False,True,False,False,False,False,True,False,False,False,False,True,Obesity_Type_I
-0.993767956829277,1.073839283576924,0.693369425242495,False,True,False,True,False,True,False,True,False,False,False,True,False,False,False,True,False,True,False,False,False,True,False,True,False,False,False,False,False,True,Obesity_Type_I
0.2649700057397492,1.5337637059608695,0.7042112947187169,False,True,False,True,False,True,False,False,True,False,False,True,False,False,False,True,False,True,False,False,False,True,False,False,False,True,False,False,True,False,Obesity_Type_I
0.2649700057397492,1.1784031326302071,0.7430249384457639,False,True,False,True,False,True,False,False,True,False,False,True,False,False,False,True,False,True,False,False,False,True,False,False,True,False,False,False,True,False,Obesity_Type_I
1.99573470427216,0.9202524201991937,0.5361280233513473,False,True,False,True,False,True,False,True,False,False,False,True,False,False,False,True,False,True,False,False,False,True,False,True,False,False,False,True,False,False,Obesity_Type_I
2.1530769495932884,0.937275937965918,0.514807202550159,False,True,False,True,False,True,False,True,False,False,True,False,False,False,False,True,False,True,False,False,False,True,False,False,True,False,False,True,False,False,Obesity_Type_I
0.8943389870242623,-1.8043358701263326,-0.3267399557660834,True,False,False,True,False,True,False,True,False,False,True,False,False,False,False,True,False,True,False,True,False,False,False,True,False,False,False,False,False,True,Obesity_Type_I
0.736996741703134,-1.2951954716296514,-0.2624622743347955,True,False,False,True,False,True,False,True,False,True,False,False,False,False,False,True,False,True,False,True,False,False,False,True,False,False,False,False,False,True,Obesity_Type_I
2.7824459308778016,-0.59268592106991,0.0020547237072486143,True,False,False,True,False,True,False,False,True,False,True,False,False,False,False,True,False,True,False,True,False,False,False,True,False,False,False,False,False,True,Obesity_Type_I
3.569157157483443,-0.620601059775544,-0.1759526768340362,True,False,False,True,False,True,False,True,False,True,False,False,False,False,False,True,False,True,False,True,False,False,False,True,False,False,False,False,False,True,Obesity_Type_I
-0.2070567302236356,-0.7218416780305371,-0.15931206042667254,True,False,False,True,False,True,False,True,False,True,False,False,False,False,False,True,False,True,False,True,False,False,False,False,False,True,False,False,True,False,Obesity_Type_I
-0.2070567302236356,-1.0375378837687093,-0.17514087517758659,True,False,False,True,False,True,True,False,False,True,False,False,False,False,False,True,False,True,False,True,False,False,False,False,True,False,False,False,True,False,Obesity_Type_I
-0.2070567302236356,-0.5008039495468759,0.3133294272708698,False,True,False,True,False,True,False,True,False,False,False,True,False,False,False,True,False,True,False,False,True,False,False,False,True,False,False,False,False,True,Obesity_Type_I
-0.2070567302236356,0.0033087223549727023,0.321327183995492,False,True,False,True,False,True,False,True,False,False,False,True,False,False,False,True,False,True,False,False,False,True,False,False,True,False,False,False,False,True,Obesity_Type_I
-0.2070567302236356,-0.5539863624188602,0.09750445068864204,False,True,False,True,False,True,False,True,False,False,False,True,False,False,False,True,False,True,False,False,True,False,False,False,True,False,False,False,False,True,Obesity_Type_I
-0.049714484902507336,-0.4682791681210321,0.13037793046738483,False,True,False,True,False,True,False,True,False,False,False,True,False,False,False,True,False,True,False,False,True,False,False,False,True,False,False,False,False,True,Obesity_Type_I
-0.2070567302236356,-0.7181325236556724,-0.15115764893445632,True,False,False,True,False,True,False,True,False,False,False,True,False,False,False,True,False,True,False,True,False,False,False,True,False,False,False,False,False,True,Obesity_Type_I
-0.2070567302236356,-0.7880275714132475,-0.07974339191195844,True,False,False,True,False,True,False,True,False,False,False,True,False,False,False,True,False,True,False,False,True,False,False,False,True,False,False,False,False,True,Obesity_Type_I
2.1530769495932884,-1.5422937616315142,-0.26444047041149615,True,False,False,True,False,True,False,True,False,False,False,True,False,False,False,True,False,True,False,True,False,False,False,True,False,False,False,False,True,False,Obesity_Type_I
2.1530769495932884,-1.5166620040872882,-0.2515205765888294,True,False,False,True,False,True,False,False,True,True,False,False,False,False,False,True,False,True,False,False,True,False,False,True,False,False,False,False,True,False,Obesity_Type_I
-0.2070567302236356,0.5221400906634382,0.33371146516201217,False,True,False,True,False,True,False,True,False,False,False,True,False,False,False,True,False,True,False,False,False,False,True,False,False,True,False,False,False,True,Obesity_Type_I
-0.2070567302236356,0.551052198608558,0.3316036527320167,False,True,False,True,False,True,False,True,False,False,False,True,False,False,False,True,False,True,False,False,False,False,True,False,False,True,False,False,False,True,Obesity_Type_I
-0.5217412208658921,-0.5539863624188602,0.05883092552383397,True,False,False,True,False,True,False,True,False,True,False,False,False,False,False,True,False,True,False,False,True,False,False,False,True,False,False,False,False,True,Obesity_Type_I
-0.2070567302236356,-0.5538577212266671,0.041630598664529186,True,False,False,True,False,True,False,False,True,True,False,False,False,False,False,True,False,True,False,False,True,False,False,False,True,False,False,False,False,True,Obesity_Type_I
-1.3084524474715336,-0.5539863624188602,-0.038288118021752936,True,False,False,True,False,True,False,False,True,False,False,True,False,False,False,True,False,True,False,False,False,True,False,False,True,False,False,False,False,True,Obesity_Type_I
-1.1511102021504052,-0.7165888293493685,-0.029873977354887407,True,False,False,True,False,True,False,True,False,False,False,True,False,False,False,True,False,True,False,False,False,True,False,False,True,False,False,False,False,True,Obesity_Type_I
0.736996741703134,0.7337762920177466,0.8408128390366093,False,True,False,True,False,True,False,False,True,False,False,True,False,False,False,True,False,True,False,False,False,True,False,False,False,True,False,False,True,False,Obesity_Type_I
0.8943389870242623,0.6058104660848939,0.8453642290640035,False,True,False,True,False,True,False,False,True,False,False,True,False,False,False,True,False,True,False,False,False,True,False,True,False,False,False,False,True,False,Obesity_Type_I
3.097130421520058,-1.141823010238909,-0.3525425083069789,True,False,False,True,False,True,False,True,False,False,False,True,False,False,False,True,False,True,False,True,False,False,False,True,False,False,False,False,False,True,Obesity_Type_I
2.6251036855566734,-1.4356502133044646,-0.2708589240500376,True,False,False,True,False,True,False,True,False,False,False,True,False,False,False,True,False,True,False,True,False,False,False,True,False,False,False,False,False,True,Obesity_Type_I
-0.2070567302236356,0.01230288570905388,0.2693247517069599,False,True,False,True,False,True,False,True,False,False,False,True,False,False,False,True,False,True,False,True,False,False,False,True,False,False,False,False,False,True,Obesity_Type_I
-0.2070567302236356,0.3642866277446792,0.2613387574563552,False,True,False,True,False,True,False,True,False,False,False,True,False,False,False,True,False,True,False,False,True,False,False,False,True,False,False,False,False,True,Obesity_Type_I
2.1530769495932884,-0.7790012477611187,-0.2515205765888294,True,False,False,True,False,True,False,True,False,False,False,True,False,False,False,True,False,True,False,True,False,False,False,True,False,False,False,False,True,False,Obesity_Type_I
2.1530769495932884,-0.9250626013956254,-0.2515205765888294,True,False,False,True,False,True,False,False,True,False,False,True,False,False,False,True,False,True,False,True,False,False,False,True,False,False,False,False,True,False,Obesity_Type_I
1.2090234776665187,-0.3213066060418343,0.13037793046738483,False,True,False,True,False,True,False,True,False,False,True,False,False,False,False,True,False,True,False,False,False,True,False,True,False,False,False,False,True,False,Obesity_Type_I
1.2090234776665187,-0.2688853202236511,0.13014161167121865,False,True,False,True,False,True,False,False,True,False,True,False,False,False,False,True,False,True,False,False,True,False,False,True,False,False,False,False,True,False,Obesity_Type_I
-0.36439897554476386,-0.018002835151479695,0.34288260504956475,False,True,False,True,False,True,False,True,False,False,False,True,False,False,False,True,False,True,False,True,False,False,False,True,False,False,False,False,False,True,Obesity_Type_I
-0.36439897554476386,0.2262760687215125,0.28673420618872875,False,True,False,True,False,True,False,True,False,False,False,True,False,False,False,True,False,True,False,True,False,False,False,False,True,False,False,False,False,True,Obesity_Type_I
1.8383924589510319,-0.33243406916643115,0.15237276394367635,False,True,False,True,False,True,False,False,True,False,True,False,False,False,False,True,False,True,False,False,True,False,False,True,False,False,False,False,True,False,Obesity_Type_I
2.467761440235545,0.9467417856913686,0.4367279764028148,False,True,False,True,False,True,False,True,False,False,True,False,False,False,False,True,False,True,False,False,True,False,False,False,True,False,False,False,True,False,Obesity_Type_I
-0.049714484902507336,0.7199259236584223,0.41488250343263305,False,True,False,True,False,True,False,True,False,False,False,True,False,False,False,True,False,True,False,False,False,True,False,False,True,False,False,False,False,True,Obesity_Type_I
-0.2070567302236356,0.6360304261506304,0.429379408950338,False,True,False,True,False,True,False,True,False,False,False,True,False,False,False,True,False,True,False,False,False,True,False,False,False,True,False,False,False,True,Obesity_Type_I
1.6810502136299037,0.8396265529929473,0.5988129206792557,False,True,False,True,False,True,False,False,True,True,False,False,False,False,False,True,False,True,False,False,False,False,True,False,True,False,False,False,True,False,Obesity_Type_I
1.0516812323453906,1.1635343548326977,0.7129394323380841,False,True,False,True,False,True,False,True,False,False,True,False,False,False,False,True,False,True,False,False,True,False,False,False,False,True,False,False,True,False,Obesity_Type_I
-0.2070567302236356,-0.999202808495535,-0.13867735848326201,True,False,False,True,False,True,False,True,False,False,False,True,False,False,False,True,False,True,False,False,False,True,False,True,False,False,False,False,False,True,Obesity_Type_I
-0.2070567302236356,-0.7645612739375827,-0.13309003056562674,True,False,False,True,False,True,False,False,True,False,True,False,False,False,False,True,False,True,False,False,True,False,False,False,True,False,False,False,False,True,Obesity_Type_I
-0.2070567302236356,-0.7870413222731102,-0.13817550565513925,True,False,False,True,False,True,False,True,False,True,False,False,False,False,False,True,False,True,False,False,True,False,False,False,False,True,False,False,True,False,Obesity_Type_I
-0.36439897554476386,-1.0292941273690808,-0.15717732415192975,True,False,False,True,False,True,False,True,False,True,False,False,False,False,False,True,False,True,False,True,False,False,False,False,False,True,False,False,True,False,Obesity_Type_I
2.6251036855566734,-1.4333239517456604,-0.21115959468074294,True,False,False,True,False,True,False,True,False,False,False,True,False,False,False,True,False,True,False,True,False,False,False,True,False,False,False,False,True,False,Obesity_Type_I
2.6251036855566734,-1.6431162960118848,-0.2515205765888294,True,False,False,True,False,True,False,True,False,False,False,True,False,False,False,True,False,True,False,True,False,False,False,True,False,False,False,False,True,False,Obesity_Type_I
0.736996741703134,-0.2124975976462191,0.13037793046738483,False,True,False,True,False,True,False,True,False,False,False,True,False,False,False,True,False,True,False,False,True,False,False,True,False,False,False,False,True,False,Obesity_Type_I
1.0516812323453906,-0.14194862382833429,0.13037793046738483,False,True,False,True,False,True,False,True,False,False,False,True,False,False,False,True,False,True,False,False,True,False,False,True,False,False,False,False,True,False,Obesity_Type_I
-0.2070567302236356,-1.3353208034941628,-0.3279002780000723,True,False,False,True,False,True,False,True,False,True,False,False,False,False,False,True,False,True,False,False,True,False,False,True,False,False,False,False,False,True,Obesity_Type_I
-0.049714484902507336,-1.2320219261641001,-0.2855466260618674,True,False,False,True,False,True,False,True,False,True,False,False,False,False,False,True,False,True,False,False,True,False,False,True,False,False,False,False,False,True,Obesity_Type_I
-1.1511102021504052,0.0958231797396171,0.5069395586468912,False,True,False,True,False,True,False,True,False,False,False,True,False,False,False,True,False,True,False,True,False,False,False,False,True,False,False,False,False,True,Obesity_Type_I
-0.993767956829277,0.21125720953311314,0.4905315948100266,False,True,False,True,False,True,False,True,False,False,False,True,False,False,False,True,False,True,False,False,False,True,False,False,True,False,False,False,False,True,Obesity_Type_I
-0.2070567302236356,-0.8287746690400207,-0.17514087517758659,True,False,False,True,False,True,False,True,False,True,False,False,False,False,False,True,False,True,False,True,False,False,False,True,False,False,False,False,False,True,Obesity_Type_I
-0.2070567302236356,-0.8457124260119478,-0.17514087517758659,True,False,False,True,False,True,False,True,False,True,False,False,False,False,False,True,False,True,False,True,False,False,False,True,False,False,False,False,False,True,Obesity_Type_I
-0.8364257115081487,1.6482758072103234,1.0039815730862245,False,True,False,True,False,True,False,True,False,False,True,False,False,False,False,True,False,True,False,False,True,False,False,False,False,True,False,False,True,False,Obesity_Type_I
-0.5217412208658921,1.6577309348364233,1.206712930214926,False,True,False,True,False,True,False,True,False,False,False,True,False,False,False,True,False,True,False,False,True,False,False,False,True,False,False,False,True,False,Obesity_Type_I
-0.8364257115081487,-0.21395553115772828,0.15603658365082126,True,False,False,True,False,True,False,True,False,False,False,True,False,False,False,True,False,True,False,True,False,False,False,False,True,False,False,False,True,False,Obesity_Type_I
-0.5217412208658921,0.22733735855709614,0.24300950042034153,True,False,False,True,False,True,True,False,False,False,False,True,False,False,False,True,False,True,False,True,False,False,False,True,False,False,False,False,True,False,Obesity_Type_I
-0.2070567302236356,1.0476608009658823,0.7616107548988182,False,True,False,True,False,True,False,True,False,False,False,True,False,False,False,True,False,True,False,True,False,False,False,False,True,False,False,False,True,False,Obesity_Type_I
-0.36439897554476386,1.2670905145471443,0.7432683605541619,False,True,False,True,False,True,False,True,False,False,False,True,False,False,False,True,False,True,False,True,False,False,False,False,True,False,False,False,True,False,Obesity_Type_I
-0.5217412208658921,0.9486714035742473,0.704837073612379,False,True,False,True,False,True,False,True,False,False,False,True,False,False,False,True,False,True,False,True,False,False,False,True,False,False,False,False,True,False,Obesity_Type_I
-0.36439897554476386,0.8801699687320811,0.703236231450501,False,True,False,True,False,True,False,True,False,False,False,True,False,False,False,True,False,True,False,True,False,False,False,True,False,False,False,False,True,False,Obesity_Type_I
-0.993767956829277,0.8814992610513971,0.8639138415385891,False,True,False,True,False,True,False,True,False,False,True,False,False,False,False,True,False,True,False,False,True,False,False,False,True,False,False,False,False,True,Obesity_Type_I
-0.993767956829277,1.5280498930076798,0.8634523171928112,False,True,False,True,False,True,False,True,False,False,True,False,False,False,False,True,False,True,False,False,True,False,False,False,False,True,False,False,False,True,Obesity_Type_I
-0.8364257115081487,-0.7505715442867191,-0.17514087517758659,True,False,False,True,False,True,False,False,True,False,False,True,False,False,False,True,False,True,False,True,False,False,False,False,False,True,False,False,False,True,Obesity_Type_I
-0.993767956829277,-0.5587782468280056,-0.1627691202820977,True,False,False,True,False,True,False,False,True,False,False,True,False,False,False,True,False,True,False,False,True,False,False,True,False,False,False,False,False,True,Obesity_Type_I
-0.36439897554476386,0.5685259605479525,0.7032526530863042,False,True,False,True,False,True,False,False,True,False,False,True,False,False,False,True,False,True,False,False,True,False,False,True,False,False,False,False,True,False,Obesity_Type_I
-0.36439897554476386,0.6521856158700596,0.7032293954672246,False,True,False,True,False,True,False,True,False,False,False,True,False,False,False,True,False,True,False,False,True,False,False,True,False,False,False,False,True,False,Obesity_Type_I
-0.6790834661870204,2.5840547196113026,1.339391422119083,False,True,False,True,False,True,False,True,False,False,False,True,False,False,False,True,False,True,False,False,True,False,False,False,True,False,False,False,True,False,Obesity_Type_I
-0.6790834661870204,2.9371533519792563,1.3029184343417837,False,True,False,True,False,True,False,True,False,False,False,True,False,False,False,True,False,True,False,False,True,False,False,False,True,False,False,False,True,False,Obesity_Type_I
2.3104191949144166,-1.2368459708712956,-0.2515205765888294,True,False,False,True,False,True,False,True,False,True,False,False,False,False,False,True,False,True,False,False,False,True,False,True,False,False,False,False,True,False,Obesity_Type_I
2.1530769495932884,-1.1066289240750848,-0.2515205765888294,True,False,False,True,False,True,False,True,False,True,False,False,False,False,False,True,False,True,False,False,False,True,False,True,False,False,False,False,True,False,Obesity_Type_I
-0.8364257115081487,0.015229472831418327,0.44722579351402947,False,True,False,True,False,True,False,True,False,False,True,False,False,False,False,True,False,True,False,True,False,False,False,False,True,False,False,False,False,True,Obesity_Type_I
-1.1511102021504052,0.05701642009507341,0.49488844573792695,False,True,False,True,False,True,False,True,False,False,False,True,False,False,False,True,False,True,False,False,False,True,False,True,False,False,False,False,False,True,Obesity_Type_I
2.3104191949144166,-1.8782187948418558,-0.43672817701259986,True,False,False,True,False,True,False,True,False,False,False,True,False,False,False,True,False,True,False,True,False,False,False,True,False,False,False,False,True,False,Obesity_Type_I
2.3104191949144166,-2.1406361068139006,-0.3797260440392401,True,False,False,True,False,True,False,True,False,False,False,True,False,False,False,True,False,True,False,True,False,False,False,True,False,False,False,False,True,False,Obesity_Type_I
-0.993767956829277,0.8868164303286611,0.833572196102226,False,True,False,True,False,True,False,True,False,False,True,False,False,False,False,True,False,True,False,False,True,False,False,True,False,False,False,False,False,True,Obesity_Type_I
-0.993767956829277,0.9756324534377891,0.8256068625608535,False,True,False,True,False,True,False,True,False,False,True,False,False,False,False,True,False,True,False,False,True,False,False,True,False,False,False,False,False,True,Obesity_Type_I
0.8943389870242623,1.2046673760360458,0.8717048766013411,False,True,False,True,False,True,False,True,False,False,True,False,False,False,False,True,False,True,False,False,True,False,False,True,False,False,False,False,True,False,Obesity_Type_I
1.0516812323453906,0.9406206089629049,0.8788781144492287,False,True,False,True,False,True,False,True,False,False,True,False,False,False,False,True,False,True,False,False,False,True,False,False,True,False,False,False,True,False,Obesity_Type_I
-0.993767956829277,-0.15837181603149592,0.13053244660333987,True,False,False,True,False,True,False,False,True,False,False,True,False,False,False,True,False,True,False,False,True,False,False,True,False,False,False,False,True,False,Obesity_Type_I
-0.993767956829277,0.016955408826659937,0.1876506003431435,True,False,False,True,False,True,False,True,False,False,False,True,False,False,False,True,False,True,False,False,True,False,False,False,True,False,False,False,True,False,Obesity_Type_I
1.0516812323453906,-0.3846302328982781,0.12039495073353262,False,True,False,True,False,True,False,True,False,True,False,False,False,False,False,True,False,True,False,False,True,False,False,True,False,False,False,False,True,False,Obesity_Type_I
0.736996741703134,-0.3748535022916965,0.09402695926308995,False,True,False,True,False,True,False,True,False,False,False,True,False,False,False,True,False,True,False,True,False,False,False,True,False,False,False,False,True,False,Obesity_Type_I
-0.993767956829277,-0.5539863624188602,-0.09072087354803599,True,False,False,True,False,True,False,False,True,False,False,True,False,False,False,True,False,True,False,False,True,False,False,False,True,False,False,False,False,True,Obesity_Type_I
-0.993767956829277,-0.5600003381538277,-0.06447669357358041,True,False,False,True,False,True,False,True,False,False,False,True,False,False,False,True,False,True,False,False,True,False,False,True,False,False,False,False,False,True,Obesity_Type_I
-0.5217412208658921,0.003480243944562019,0.43481206797261523,False,True,False,True,False,True,False,True,False,False,True,False,False,False,False,True,False,True,False,True,False,False,False,False,False,True,False,False,False,True,Obesity_Type_I
-0.5217412208658921,-0.08423160893158627,0.494364290036992,False,True,False,True,False,True,False,True,False,False,True,False,False,False,False,True,False,True,False,True,False,False,False,False,False,True,False,False,False,True,Obesity_Type_I
-0.993767956829277,-0.8434397649498906,-0.15974746291456757,True,False,False,True,False,True,False,True,False,False,False,True,False,False,False,True,False,True,False,False,True,False,False,False,True,False,False,False,False,True,Obesity_Type_I
-0.993767956829277,-0.7289919842965343,-0.15758969815984936,True,False,False,True,False,True,False,False,True,False,False,True,False,False,False,True,False,True,False,False,True,False,False,False,True,False,False,False,False,True,Obesity_Type_I
-0.6790834661870204,1.4471238630196532,0.7130612197719841,False,True,False,True,False,True,False,True,False,False,False,True,False,False,False,True,False,True,False,False,False,True,False,True,False,False,False,False,False,True,Obesity_Type_I
-0.5217412208658921,1.0363832564503954,0.6537857977455213,False,True,False,True,False,True,False,True,False,False,False,True,False,False,False,True,False,True,False,False,False,False,True,True,False,False,False,False,False,True,Obesity_Type_I
0.2649700057397492,1.3159420072820043,0.7082650709914173,False,True,False,True,False,True,False,False,True,False,False,True,False,False,False,True,False,True,False,False,False,True,False,False,False,True,False,False,True,False,Obesity_Type_I
0.2649700057397492,1.379748038609166,0.72153058296297,False,True,False,True,False,True,False,False,True,False,False,True,False,False,False,True,False,True,False,False,False,True,False,False,False,True,False,False,True,False,Obesity_Type_I
0.2649700057397492,1.374634551219539,0.7198830728035291,False,True,False,True,False,True,False,False,True,False,False,True,False,False,False,True,False,True,False,False,False,True,False,False,False,True,False,False,True,False,Obesity_Type_I
0.2649700057397492,1.3086845000225131,0.7337836056126148,False,True,False,True,False,True,False,False,True,False,False,True,False,False,False,True,False,True,False,False,True,False,False,False,False,True,False,False,True,False,Obesity_Type_I
0.8943389870242623,1.4275382415084423,0.7108392196883789,False,True,False,True,False,True,False,False,True,False,False,True,False,False,False,True,False,True,False,False,False,True,False,False,True,False,False,False,True,False,Obesity_Type_I
1.3663657229876471,0.8814456605546501,0.6563045329691094,False,True,False,True,False,True,False,False,True,False,True,False,False,False,False,True,False,True,False,False,False,True,False,False,True,False,False,False,True,False,Obesity_Type_I
2.3104191949144166,0.8617849983479955,0.649238303082899,False,True,False,True,False,True,False,False,True,False,True,False,False,False,False,True,False,True,False,False,False,False,True,False,True,False,False,True,False,False,Obesity_Type_I
2.467761440235545,0.8506896955214464,0.37112121178727,False,True,False,True,False,True,False,True,False,False,True,False,False,False,False,True,False,True,False,False,False,True,False,False,True,False,False,True,False,False,Obesity_Type_I
1.3663657229876471,-1.5408465482193558,-0.34135395136605134,True,False,False,True,False,True,False,True,False,False,True,False,False,False,False,True,False,True,False,True,False,False,False,True,False,False,False,False,True,False,Obesity_Type_I
0.2649700057397492,-1.516029518225678,-0.31125316931808933,True,False,False,True,False,True,False,True,False,True,False,False,False,False,False,True,False,True,False,True,False,False,False,True,False,False,False,False,True,False,Obesity_Type_I
-0.2070567302236356,-1.126589749063522,-0.22378729795566055,True,False,False,True,False,True,False,True,False,True,False,False,False,False,False,True,False,True,False,True,False,False,False,False,True,False,False,False,False,True,Obesity_Type_I
0.10762776041862093,-0.8656196505036381,-0.18590155303120812,True,False,False,True,False,True,False,True,False,True,False,False,False,False,False,True,False,True,False,True,False,False,False,True,False,False,False,False,False,True,Obesity_Type_I
2.9397881761989297,-1.3964039295865969,-0.17824154734622685,True,False,False,True,False,True,False,False,True,True,False,False,False,False,False,True,False,True,False,False,True,False,False,True,False,False,False,False,False,True,Obesity_Type_I
3.097130421520058,-1.2580610474836025,-0.21384644162713665,True,False,False,True,False,True,False,True,False,False,False,True,False,False,False,True,False,True,False,True,False,False,False,True,False,False,False,False,False,True,Obesity_Type_I
2.9397881761989297,-1.2773465062130331,-0.1782169148925215,True,False,False,True,False,True,False,False,True,True,False,False,False,False,False,True,False,True,False,False,True,False,False,True,False,False,False,False,False,True,Obesity_Type_I
2.467761440235545,-1.3816745130806292,-0.24821623794637637,True,False,False,True,False,True,False,True,False,False,False,True,False,False,False,True,False,True,False,True,False,False,False,True,False,False,False,False,False,True,Obesity_Type_I
-0.2070567302236356,-0.7908147972440728,-0.17514087517758659,True,False,False,True,False,True,False,True,False,True,False,False,False,False,False,True,False,True,False,True,False,False,False,False,True,False,False,False,True,False,Obesity_Type_I
-0.2070567302236356,-0.8655338897088434,-0.16432608230551507,True,False,False,True,False,True,False,True,False,True,False,False,False,False,False,True,False,True,False,True,False,False,False,False,False,True,False,False,True,False,Obesity_Type_I
-0.2070567302236356,-0.9493543465211891,-0.1508459433729971,True,False,False,True,False,True,False,False,True,True,False,False,False,False,False,True,False,True,False,False,True,False,False,False,False,True,False,False,True,False,Obesity_Type_I
-0.2070567302236356,-0.8020494613621612,-0.15947581850649833,True,False,False,True,False,True,False,False,True,True,False,False,False,False,False,True,False,True,False,True,False,False,False,True,False,False,False,False,True,False,Obesity_Type_I
-0.2070567302236356,0.2841431650091506,0.4343652849092099,False,True,False,True,False,True,False,True,False,False,False,True,False,False,False,True,False,True,False,False,False,True,False,False,False,True,False,False,False,True,Obesity_Type_I
-0.2070567302236356,0.33250153317393955,0.4527434249541271,False,True,False,True,False,True,False,True,False,False,False,True,False,False,False,True,False,True,False,False,False,True,False,False,False,True,False,False,False,True,Obesity_Type_I
-0.5217412208658921,-0.5539863624188602,0.05894140876192534,True,False,False,True,False,True,False,False,True,True,False,False,False,False,False,True,False,True,False,False,True,False,False,False,True,False,False,False,False,True,Obesity_Type_I
-0.5217412208658921,-0.5539863624188602,0.05502717820370365,True,False,False,True,False,True,False,True,False,True,False,False,False,False,False,True,False,True,False,False,False,True,False,False,True,False,False,False,False,True,Obesity_Type_I
-0.2070567302236356,-0.34891086186633735,-0.02227698492357034,True,False,False,True,False,True,False,True,False,False,False,True,False,False,False,True,False,True,False,True,False,False,False,False,True,False,False,False,False,True,Obesity_Type_I
-0.2070567302236356,-0.34884654127024195,-0.03886478476740742,True,False,False,True,False,True,False,True,False,False,True,False,False,False,False,True,False,True,False,True,False,False,False,False,True,False,False,False,False,True,Obesity_Type_I
-0.2070567302236356,-0.9714484712801394,-0.09146213855023186,True,False,False,True,False,True,False,True,False,False,False,True,False,False,False,True,False,True,False,False,False,True,False,True,False,False,False,False,False,True,Obesity_Type_I
-0.2070567302236356,-0.5568164686470792,-0.09361654259808831,True,False,False,True,False,True,False,True,False,True,False,False,False,False,False,True,False,True,False,False,True,False,False,True,False,False,False,False,False,True,Obesity_Type_I
2.3104191949144166,-1.8120650617571932,-0.34507253531910875,True,False,False,True,False,True,False,True,False,False,False,True,False,False,False,True,False,True,False,True,False,False,False,True,False,False,False,False,True,False,Obesity_Type_I
1.99573470427216,-1.901577891324029,-0.3965365670923928,True,False,False,True,False,True,False,True,False,False,False,True,False,False,False,True,False,True,False,False,True,False,False,True,False,False,False,False,True,False,Obesity_Type_I
-0.2070567302236356,-0.0004647526159875097,0.321327183995492,False,True,False,True,False,True,False,True,False,False,False,True,False,False,False,True,False,True,False,False,True,False,False,False,True,False,False,False,False,True,Obesity_Type_I
-0.2070567302236356,0.23845410158234212,0.3115464577109768,False,True,False,True,False,True,False,True,False,False,False,True,False,False,False,True,False,True,False,False,False,True,False,True,False,False,False,False,False,True,Obesity_Type_I
-0.2070567302236356,0.7268939882354818,0.36251348676717793,False,True,False,True,False,True,False,True,False,False,False,True,False,False,False,True,False,True,False,False,False,False,True,False,False,True,False,False,False,True,Obesity_Type_I
-0.049714484902507336,0.8119258162743012,0.42987824478025444,False,True,False,True,False,True,False,True,False,False,False,True,False,False,False,True,False,True,False,False,False,False,True,False,False,True,False,False,False,True,Obesity_Type_I
-0.36439897554476386,-0.6123037028791685,0.05854812967935917,True,False,False,True,False,True,False,False,True,True,False,False,False,False,False,True,False,True,False,False,True,False,False,False,False,True,False,False,False,True,Obesity_Type_I
-0.5217412208658921,-0.648869961759705,0.057021986865461026,True,False,False,True,False,True,False,False,True,True,False,False,False,False,False,True,False,True,False,False,True,False,False,False,True,False,False,False,False,True,Obesity_Type_I
-0.993767956829277,-0.630184828593837,-0.1696260697864411,True,False,False,True,False,True,False,False,True,False,False,True,False,False,False,True,False,True,False,False,True,False,False,False,True,False,False,False,False,True,Obesity_Type_I
-0.8364257115081487,-0.5539863624188602,-0.17444161901116667,True,False,False,True,False,True,False,False,True,False,False,True,False,False,False,True,False,True,False,True,False,False,False,False,True,False,False,False,False,True,Obesity_Type_I
0.2649700057397492,0.810156999881661,0.7586913699514773,False,True,False,True,False,True,False,False,True,False,False,True,False,False,False,True,False,True,False,False,False,True,False,False,True,False,False,False,True,False,Obesity_Type_I
0.2649700057397492,1.2115711200170098,0.800977578613336,False,True,False,True,False,True,False,False,True,False,False,True,False,False,False,True,False,True,False,True,False,False,False,True,False,False,False,False,True,False,Obesity_Type_I
2.467761440235545,-1.5294618027103775,-0.3431195827337244,True,False,False,True,False,True,False,True,False,False,False,True,False,False,False,True,False,True,False,True,False,False,False,True,False,False,False,False,True,False,Obesity_Type_I
2.1530769495932884,-1.561375538473308,-0.339959525347237,True,False,False,True,False,True,False,True,False,False,False,True,False,False,False,True,False,True,False,True,False,False,False,True,False,False,False,False,True,False,Obesity_Type_I
-0.049714484902507336,-0.5137752697595543,0.17638726767453425,False,True,False,True,False,True,True,False,False,False,False,True,False,False,False,True,False,True,False,False,True,False,False,False,True,False,False,False,False,True,Obesity_Type_I
-0.2070567302236356,-0.23055024495047685,0.17116675327292677,False,True,False,True,False,True,True,False,False,False,False,True,False,False,False,True,False,True,False,False,True,False,False,False,True,False,False,False,False,True,Obesity_Type_I
2.1530769495932884,-1.5976094742740141,-0.2515205765888294,True,False,False,True,False,True,False,False,True,True,False,False,False,False,False,True,False,True,False,False,False,True,False,True,False,False,False,False,True,False,Obesity_Type_I
2.1530769495932884,-1.516490482497699,-0.2515205765888294,True,False,False,True,False,True,False,False,True,False,True,False,False,False,False,True,False,True,False,True,False,False,False,True,False,False,False,False,True,False,Obesity_Type_I
1.2090234776665187,-0.3078636014577841,0.13037793046738483,False,True,False,True,False,True,False,False,True,False,True,False,False,False,False,True,False,True,False,False,False,True,False,True,False,False,False,False,True,False,Obesity_Type_I
0.8943389870242623,-0.2317616161769505,0.13016219600074858,False,True,False,True,False,True,False,True,False,False,True,False,False,False,False,True,False,True,False,False,False,True,False,True,False,False,False,False,True,False,Obesity_Type_I
-0.36439897554476386,-0.39584345681766714,0.29293482491884554,False,True,False,True,False,True,False,True,False,False,False,True,False,False,False,True,False,True,False,True,False,False,False,False,True,False,False,False,False,True,Obesity_Type_I
-0.36439897554476386,-0.35509635919089644,0.3004905723114005,False,True,False,True,False,True,False,True,False,False,False,True,False,False,False,True,False,True,False,True,False,False,False,False,True,False,False,False,False,True,Obesity_Type_I
2.467761440235545,0.8962929981534602,0.5287601318344128,False,True,False,True,False,True,False,False,True,False,True,False,False,False,False,True,False,True,False,False,False,False,True,False,True,False,False,True,False,False,Obesity_Type_I
1.99573470427216,0.847398625021204,0.4660730958748649,False,True,False,True,False,True,False,False,True,True,False,False,False,False,False,True,False,True,False,False,False,False,True,False,True,False,False,True,False,False,Obesity_Type_I
-0.2070567302236356,0.5292367964326908,0.33224558593252784,False,True,False,True,False,True,False,True,False,False,False,True,False,False,False,True,False,True,False,False,False,False,True,False,True,False,False,False,False,True,Obesity_Type_I
-0.2070567302236356,0.532656508125124,0.33241862414607504,False,True,False,True,False,True,False,True,False,False,False,True,False,False,False,True,False,True,False,False,False,False,True,False,False,True,False,False,False,True,Obesity_Type_I
-0.36439897554476386,0.16706896001521,0.45801461728762105,False,True,False,True,False,True,False,True,False,False,False,True,False,False,False,True,False,True,False,False,False,False,True,False,False,True,False,False,False,True,Obesity_Type_I
-0.36439897554476386,0.4257556774136882,0.4428663074864306,False,True,False,True,False,True,False,True,False,False,False,True,False,False,False,True,False,True,False,False,False,True,False,False,True,False,False,False,False,True,Obesity_Type_I
1.99573470427216,0.9693397551197385,0.5613796109161124,False,True,False,True,False,True,False,True,False,False,True,False,False,False,False,True,False,True,False,False,False,True,False,True,False,False,False,False,True,False,Obesity_Type_I
2.1530769495932884,0.9034861848168559,0.4816973275955488,False,True,False,True,False,True,False,True,False,False,True,False,False,False,False,True,False,True,False,False,False,True,False,True,False,False,False,False,True,False,Obesity_Type_I
-0.36439897554476386,-0.9927814689852912,-0.10696007643463201,True,False,False,True,False,True,False,True,False,False,False,True,False,False,False,True,False,True,False,False,False,True,False,True,False,False,False,False,False,True,Obesity_Type_I
-0.2070567302236356,-1.047507576163577,-0.17465827003421971,True,False,False,True,False,True,True,False,False,True,False,False,False,False,False,True,False,True,False,False,False,True,False,False,True,False,False,False,False,True,Obesity_Type_I
-0.36439897554476386,-1.0310843839604178,-0.15495467484086262,True,False,False,True,False,True,False,True,False,False,False,True,False,False,False,True,False,True,False,False,False,True,False,False,True,False,False,False,False,True,Obesity_Type_I
-0.36439897554476386,-1.0129995763581099,-0.16107016839375657,True,False,False,True,False,True,False,True,False,False,False,True,False,False,False,True,False,True,False,False,False,True,False,True,False,False,False,False,False,True,Obesity_Type_I
-0.2070567302236356,-0.42840039854155637,-0.15238762945613227,True,False,False,True,False,True,True,False,False,True,False,False,False,False,False,True,False,True,False,True,False,False,False,False,False,True,False,False,True,False,Obesity_Type_I
-0.2070567302236356,-0.4924315519550543,-0.15742995001434784,True,False,False,True,False,True,False,False,True,True,False,False,False,False,False,True,False,True,False,True,False,False,False,True,False,False,False,False,True,False,Obesity_Type_I
2.3104191949144166,-1.633961331167563,-0.2515205765888294,True,False,False,True,False,True,False,False,True,True,False,False,False,False,False,True,False,True,False,False,False,True,False,True,False,False,False,False,True,False,Obesity_Type_I
2.6251036855566734,-1.6286977623870482,-0.2515205765888294,True,False,False,True,False,True,False,True,False,True,False,False,False,False,False,True,False,True,False,False,False,True,False,True,False,False,False,False,True,False,Obesity_Type_I
2.6251036855566734,-1.850475177725811,-0.26065092971582826,True,False,False,True,False,True,False,True,False,False,False,True,False,False,False,True,False,True,False,True,False,False,False,True,False,False,False,False,True,False,Obesity_Type_I
2.3104191949144166,-1.9771009912399995,-0.25750794319260606,True,False,False,True,False,True,False,True,False,False,False,True,False,False,False,True,False,True,False,True,False,False,False,True,False,False,False,False,True,False,Obesity_Type_I
0.2649700057397492,-0.47562243617531785,0.13037793046738483,False,True,False,True,False,True,False,True,False,False,False,True,False,False,False,True,False,True,False,True,False,False,False,False,True,False,False,False,True,False,Obesity_Type_I
0.42231225106087744,-0.30434740887120787,0.13037793046738483,False,True,False,True,False,True,False,True,False,False,False,True,False,False,False,True,False,True,False,False,True,False,False,True,False,False,False,False,True,False,Obesity_Type_I
-0.049714484902507336,-1.2880237251649573,-0.3244794221231164,True,False,False,True,False,True,False,True,False,True,False,False,False,False,False,True,False,True,False,True,False,False,False,True,False,False,False,False,False,True,Obesity_Type_I
-0.049714484902507336,-1.4895937532302501,-0.2310623499455296,True,False,False,True,False,True,False,True,False,True,False,False,False,False,False,True,False,True,False,True,False,False,False,True,False,False,False,False,False,True,Obesity_Type_I
-0.5217412208658921,0.8530373972789475,0.624971975476488,False,True,False,True,False,True,False,True,False,False,False,True,False,False,False,True,False,True,False,False,True,False,False,True,False,False,False,False,False,True,Obesity_Type_I
-0.36439897554476386,0.7922865942663434,0.6499850674235966,False,True,False,True,False,True,False,True,False,False,False,True,False,False,False,True,False,True,False,False,True,False,False,True,False,False,False,False,False,True,Obesity_Type_I
-0.2070567302236356,0.4820576391963255,0.39295232537358626,False,True,False,True,False,True,False,True,False,False,False,True,False,False,False,True,False,True,False,False,False,False,True,False,True,False,False,False,False,True,Obesity_Type_I
-0.36439897554476386,0.42532687343971487,0.38770167917977216,False,True,False,True,False,True,False,True,False,False,False,True,False,False,False,True,False,True,False,False,False,False,True,False,True,False,False,False,False,True,Obesity_Type_I
-0.2070567302236356,-1.3921694903436157,-0.2898186573313503,True,False,False,True,False,True,False,True,False,True,False,False,False,False,False,True,False,True,False,True,False,False,False,True,False,False,False,False,False,True,Obesity_Type_I
-0.049714484902507336,-1.2076229800450449,-0.23039903042862359,True,False,False,True,False,True,False,True,False,True,False,False,False,False,False,True,False,True,False,True,False,False,False,True,False,False,False,False,False,True,Obesity_Type_I
-0.5217412208658921,1.0888152623679273,0.729427403912177,False,True,False,True,False,True,False,True,False,False,False,True,False,False,False,True,False,True,False,True,False,False,False,False,True,False,False,False,True,False,Obesity_Type_I
-0.5217412208658921,0.9751929293644674,0.7268706697871367,False,True,False,True,False,True,False,True,False,False,False,True,False,False,False,True,False,True,False,True,False,False,False,True,False,False,False,False,True,False,Obesity_Type_I
-0.36439897554476386,1.8257684921370403,1.1090903916776362,False,True,False,True,False,True,False,True,False,False,True,False,False,False,False,True,False,True,False,False,True,False,False,False,True,False,False,False,True,False,Obesity_Type_I
-0.993767956829277,1.6871147271529148,0.9413465898931883,False,True,False,True,False,True,False,True,False,False,True,False,False,False,False,True,False,True,False,False,True,False,False,False,False,True,False,False,True,False,Obesity_Type_I
-0.993767956829277,-0.10114792570481658,0.13112267074599537,True,False,False,True,False,True,False,False,True,False,False,True,False,False,False,True,False,True,False,False,False,True,False,True,False,False,False,False,True,False,Obesity_Type_I
-0.993767956829277,-0.20022308389124638,0.16567329600832553,True,False,False,True,False,True,False,True,False,False,False,True,False,False,False,True,False,True,False,False,True,False,False,False,True,False,False,False,True,False,Obesity_Type_I
-0.6790834661870204,0.3936382597631207,0.27896249519043337,True,False,False,True,False,True,False,True,False,False,False,True,False,False,False,True,False,True,False,False,True,False,False,False,True,False,False,False,True,False,Obesity_Type_I
-0.993767956829277,-0.07191421477921742,0.22616273519886948,True,False,False,True,False,True,False,True,False,False,False,True,False,False,False,True,False,True,False,False,True,False,False,False,True,False,False,False,True,False,Obesity_Type_I
-0.36439897554476386,0.900924081072367,0.7053523310780992,False,True,False,True,False,True,False,True,False,False,False,True,False,False,False,True,False,True,False,False,True,False,False,True,False,False,False,False,True,False,Obesity_Type_I
-0.2070567302236356,0.4376228273933868,0.704320403122183,False,True,False,True,False,True,False,True,False,False,False,True,False,False,False,True,False,True,False,False,True,False,False,True,False,False,False,False,True,False,Obesity_Type_I
-0.36439897554476386,1.0876038911414536,0.7540017326645289,False,True,False,True,False,True,False,True,False,False,False,True,False,False,False,True,False,True,False,False,True,False,False,False,True,False,False,False,True,False,Obesity_Type_I
-0.2070567302236356,0.7822097008779818,0.7401512285598673,False,True,False,True,False,True,False,True,False,False,False,True,False,False,False,True,False,True,False,False,True,False,False,False,True,False,False,False,True,False,Obesity_Type_I
-0.5217412208658921,0.8639504584165588,0.7020811412260586,False,True,False,True,False,True,False,True,False,False,False,True,False,False,False,True,False,True,False,True,False,False,False,True,False,False,False,False,True,False,Obesity_Type_I
-0.5217412208658921,0.8481061515782605,0.623837316822173,False,True,False,True,False,True,False,True,False,False,False,True,False,False,False,True,False,True,False,False,True,False,False,True,False,False,False,False,True,False,Obesity_Type_I
-0.36439897554476386,0.948446281487911,0.7536624922207105,False,True,False,True,False,True,False,True,False,False,False,True,False,False,False,True,False,True,False,True,False,False,False,False,True,False,False,False,True,False,Obesity_Type_I
-0.36439897554476386,1.253861911950082,0.7222050921061327,False,True,False,True,False,True,False,True,False,False,False,True,False,False,False,True,False,True,False,True,False,False,False,True,False,False,False,False,True,False,Obesity_Type_I
-0.993767956829277,1.127214658237197,0.8494697143945596,False,True,False,True,False,True,False,True,False,True,False,False,False,False,False,True,False,True,False,False,True,False,False,False,False,True,False,False,False,True,Obesity_Type_I
-0.993767956829277,1.1739757315989374,0.8483839387491476,False,True,False,True,False,True,False,True,False,True,False,False,False,False,False,True,False,True,False,False,True,False,False,False,True,False,False,False,False,True,Obesity_Type_I
-0.993767956829277,1.1798610661417164,0.8520639127631415,False,True,False,True,False,True,False,True,False,True,False,False,False,False,False,True,False,True,False,False,True,False,False,False,True,False,False,False,False,True,Obesity_Type_I
-0.993767956829277,1.051659398023179,0.8534864847019259,False,True,False,True,False,True,False,True,False,True,False,False,False,False,False,True,False,True,False,False,True,False,False,False,False,True,False,False,False,True,Obesity_Type_I
-0.8364257115081487,-0.7404624906003074,-0.17514087517758659,True,False,False,True,False,True,False,False,True,False,False,True,False,False,False,True,False,True,False,True,False,False,False,False,True,False,False,False,True,False,Obesity_Type_I
-0.8364257115081487,-0.8393875673958472,-0.14262916785457813,True,False,False,True,False,True,True,False,False,False,False,True,False,False,False,True,False,True,False,False,True,False,False,False,False,True,False,False,True,False,Obesity_Type_I
-0.2070567302236356,-0.8896755534435148,-0.20257730410122068,True,False,False,True,False,True,False,True,False,True,False,False,False,False,False,True,False,True,False,True,False,False,False,True,False,False,False,False,False,True,Obesity_Type_I
-0.2070567302236356,-0.917558531851101,-0.15287794894934173,True,False,False,True,False,True,False,False,True,True,False,False,False,False,False,True,False,True,False,True,False,False,False,False,True,False,False,False,False,True,Obesity_Type_I
-0.36439897554476386,0.7252216527369871,0.7032476884057125,False,True,False,True,False,True,False,False,True,False,False,True,False,False,False,True,False,True,False,False,True,False,False,True,False,False,False,False,True,False,Obesity_Type_I
-0.36439897554476386,1.1293801183057601,0.7298194991093715,False,True,False,True,False,True,False,True,False,False,False,True,False,False,False,True,False,True,False,False,True,False,False,True,False,False,False,False,True,False,Obesity_Type_I
-0.5217412208658921,1.9387904995769374,1.1793964556123582,False,True,False,True,False,True,False,True,False,False,True,False,False,False,False,True,False,True,False,False,True,False,False,False,True,False,False,False,True,False,Obesity_Type_I
-0.6790834661870204,1.9024600828820857,1.00618516566179,False,True,False,True,False,True,False,True,False,False,True,False,False,False,False,True,False,True,False,False,True,False,False,False,True,False,False,False,True,False,Obesity_Type_I
-0.36439897554476386,2.4611809408693777,1.2074512545986178,False,True,False,True,False,True,False,True,False,False,False,True,False,False,False,True,False,True,False,False,True,False,False,False,True,False,False,False,True,False,Obesity_Type_I
-0.5217412208658921,1.7117923958550534,1.1003207035007014,False,True,False,True,False,True,False,True,False,False,False,True,False,False,False,True,False,True,False,False,True,False,False,False,False,True,False,False,True,False,Obesity_Type_I
2.3104191949144166,-1.4423502753977895,-0.2515205765888294,True,False,False,True,False,True,False,True,False,True,False,False,False,False,False,True,False,True,False,False,False,True,False,True,False,False,False,False,True,False,Obesity_Type_I
2.1530769495932884,-1.4612712507493422,-0.2515205765888294,True,False,False,True,False,True,False,True,False,False,True,False,False,False,False,True,False,True,False,False,False,True,False,True,False,False,False,False,True,False,Obesity_Type_I
2.1530769495932884,-1.9904046345325057,-0.36482799232972346,True,False,False,True,False,True,False,True,False,False,False,True,False,False,False,True,False,True,False,True,False,False,False,True,False,False,False,False,True,False,Obesity_Type_I
1.99573470427216,-1.628011676028691,-0.4011286675006396,True,False,False,True,False,True,False,True,False,False,False,True,False,False,False,True,False,True,False,False,True,False,False,True,False,False,False,False,True,False,Obesity_Type_I
-0.8364257115081487,0.13363297014467496,0.3812399564403809,False,True,False,True,False,True,False,True,False,False,False,True,False,False,False,True,False,True,False,True,False,False,False,True,False,False,False,False,False,True,Obesity_Type_I
-1.1511102021504052,0.23062842905733608,0.41108731063906034,False,True,False,True,False,True,False,True,False,False,False,True,False,False,False,True,False,True,False,True,False,False,False,False,True,False,False,False,False,True,Obesity_Type_I
2.3104191949144166,-1.4878249368376124,-0.3790941547694647,True,False,False,True,False,True,False,True,False,False,False,True,False,False,False,True,False,True,False,True,False,False,False,True,False,False,False,False,True,False,Obesity_Type_I
1.99573470427216,-2.1340325256147166,-0.4317917569103912,True,False,False,True,False,True,False,True,False,False,False,True,False,False,False,True,False,True,False,True,False,False,False,True,False,False,False,False,True,False,Obesity_Type_I
2.6251036855566734,-1.6802721603566333,-0.3640298626398267,True,False,False,True,False,True,False,True,False,False,False,True,False,False,False,True,False,True,False,True,False,False,False,True,False,False,False,False,True,False,Obesity_Type_I
3.097130421520058,-1.1723645732851251,-0.3660507931594669,True,False,False,True,False,True,False,True,False,False,False,True,False,False,False,True,False,True,False,True,False,False,False,True,False,False,False,False,True,False,Obesity_Type_I
-0.993767956829277,0.922525081261251,0.8185289083904762,False,True,False,True,False,True,False,True,False,False,True,False,False,False,False,True,False,True,False,False,True,False,False,False,True,False,False,False,False,True,Obesity_Type_I
-0.993767956829277,0.8688066634217995,0.8194875500228889,False,True,False,True,False,True,False,True,False,False,False,True,False,False,False,True,False,True,False,False,True,False,False,False,True,False,False,False,False,True,Obesity_Type_I
-0.993767956829277,1.027474853891109,0.829880879702573,False,True,False,True,False,True,False,True,False,False,True,False,False,False,False,True,False,True,False,False,True,False,False,False,True,False,False,False,False,True,Obesity_Type_I
-0.993767956829277,1.091838330384437,0.8273825760491124,False,True,False,True,False,True,False,True,False,False,True,False,False,False,False,True,False,True,False,False,True,False,False,False,True,False,False,False,False,True,Obesity_Type_I
0.736996741703134,1.0671499415829477,0.8237601159502814,False,True,False,True,False,True,False,True,False,False,False,True,False,False,False,True,False,True,False,False,True,False,False,False,False,True,False,False,True,False,Obesity_Type_I
0.5796544963820057,1.3674735248541934,0.78373715241079,False,True,False,True,False,True,False,True,False,False,False,True,False,False,False,True,False,True,False,False,True,False,False,False,False,True,False,False,True,False,Obesity_Type_I
-0.993767956829277,-0.09395473904142322,0.12804414869076433,True,False,False,True,False,True,False,False,True,False,False,True,False,False,False,True,False,True,False,False,True,False,False,True,False,False,False,False,False,True,Obesity_Type_I
-0.993767956829277,-0.3550749189921972,-0.03737228721198119,True,False,False,True,False,True,False,True,False,False,False,True,False,False,False,True,False,True,False,False,True,False,False,True,False,False,False,False,False,True,Obesity_Type_I
-0.2070567302236356,-0.5221369472520252,0.256797182220592,False,True,False,True,False,True,True,False,False,False,False,True,False,False,False,True,False,True,False,True,False,False,False,True,False,False,False,False,False,True,Obesity_Type_I
-0.049714484902507336,-0.43309580205656095,0.15882803259829786,False,True,False,True,False,True,False,True,False,False,False,True,False,False,False,True,False,True,False,True,False,False,False,False,True,False,False,False,False,True,Obesity_Type_I
0.736996741703134,-0.6420626986728865,0.10841674224956524,False,True,False,True,False,True,True,False,False,False,False,True,False,False,False,True,False,True,False,True,False,False,False,True,False,False,False,False,True,False,Obesity_Type_I
0.5796544963820057,-0.2992017611835331,0.13018827966878088,False,True,False,True,False,True,False,True,False,False,False,True,False,False,False,True,False,True,False,False,True,False,False,True,False,False,False,False,True,False,Obesity_Type_I
-0.993767956829277,-0.9056913818714023,-0.13229908056766293,True,False,False,True,False,True,False,False,True,False,False,True,False,False,False,True,False,True,False,False,True,False,False,True,False,False,False,False,False,True,Obesity_Type_I
-0.993767956829277,-1.067168238370234,-0.15938126043615117,True,False,False,True,False,True,False,True,False,False,False,True,False,False,False,True,False,True,False,False,True,False,False,True,False,False,False,False,False,True,Obesity_Type_I
-0.5217412208658921,-0.002833894572187867,0.38665989824237323,False,True,False,True,False,True,False,True,False,False,False,True,False,False,False,True,False,True,False,False,True,False,False,False,True,False,False,False,False,True,Obesity_Type_I
-0.5217412208658921,0.08633589181546722,0.3225560188216469,False,True,False,True,False,True,False,True,False,False,False,True,False,False,False,True,False,True,False,True,False,False,False,False,True,False,False,False,False,True,Obesity_Type_I
-0.6790834661870204,-0.03053463129083637,0.45777008767355326,False,True,False,True,False,True,False,True,False,False,True,False,False,False,False,True,False,True,False,True,False,False,False,False,False,True,False,False,False,True,Obesity_Type_I
-0.5217412208658921,0.038878011996021,0.5074536704170906,False,True,False,True,False,True,False,True,False,True,False,False,False,False,False,True,False,True,False,True,False,False,False,False,False,True,False,False,False,True,Obesity_Type_I
-0.8364257115081487,-0.9515948472851963,-0.16775476710186593,True,False,False,True,False,True,True,False,False,False,False,True,False,False,False,True,False,True,False,True,False,False,False,False,True,False,False,False,False,True,Obesity_Type_I
-0.8364257115081487,-1.0313631065434985,-0.1736514710000673,True,False,False,True,False,True,False,False,True,False,False,True,False,False,False,True,False,True,False,True,False,False,False,False,True,False,False,False,False,True,Obesity_Type_I
-0.8364257115081487,1.0986241532725565,0.6805722354101456,False,True,False,True,False,True,False,True,False,False,False,True,False,False,False,True,False,True,False,False,False,True,False,True,False,False,False,False,False,True,Obesity_Type_I
-0.6790834661870204,0.8938916958992121,0.6721893340411577,False,True,False,True,False,True,False,True,False,False,False,True,False,False,False,True,False,True,False,False,False,True,False,True,False,False,False,False,False,True,Obesity_Type_I
0.8943389870242623,0.5815508812573802,0.9816252344831541,False,True,False,True,False,True,False,True,False,False,False,True,False,False,False,True,False,True,False,True,False,False,False,False,True,False,False,False,False,True,Obesity_Type_II
0.10762776041862093,0.9232647681163528,1.0899995908287017,False,True,False,True,False,True,False,True,False,False,False,True,False,False,False,True,False,True,False,False,False,True,False,True,False,False,False,False,False,True,Obesity_Type_II
1.99573470427216,0.03430052957386116,0.8157891303110041,False,True,False,True,False,True,False,False,True,False,False,False,True,False,False,True,False,True,False,False,False,True,False,True,False,False,False,False,False,True,Obesity_Type_II
1.3663657229876471,-0.06786201722517397,0.6196168036612921,False,True,False,True,False,True,False,False,True,False,True,False,False,False,False,True,False,True,False,False,False,True,False,True,False,False,False,False,False,True,Obesity_Type_II
0.5796544963820057,2.2183170901104985,1.61321811282704,False,True,False,True,False,True,False,True,False,False,False,True,False,False,False,True,False,True,False,False,False,True,False,True,False,False,False,False,True,False,Obesity_Type_II
0.8943389870242623,1.2608835770238884,1.3577201826870378,False,True,False,True,False,True,False,True,False,False,False,True,False,False,False,True,False,True,False,False,True,False,False,True,False,False,False,False,True,False,Obesity_Type_II
0.42231225106087744,0.7673623632791693,1.2055881627319442,False,True,False,True,True,False,False,True,False,False,False,True,False,False,False,True,False,True,False,False,True,False,False,True,False,False,False,False,True,False,Obesity_Type_II
1.5237079683087753,0.7822418611760295,1.2818770486782087,False,True,False,True,True,False,False,False,True,False,False,True,False,False,False,True,False,True,False,False,True,False,False,True,False,False,False,False,True,False,Obesity_Type_II
0.2649700057397492,0.7717040035156445,1.1294369893873237,False,True,False,True,False,True,False,True,False,False,False,True,False,False,False,True,False,True,False,True,False,False,False,False,False,True,False,False,True,False,Obesity_Type_II
0.5796544963820057,0.9840906118244055,0.9982424787018852,False,True,False,True,False,True,False,True,False,False,False,True,False,False,False,True,False,True,False,True,False,False,False,True,False,False,False,False,True,False,Obesity_Type_II
0.5796544963820057,1.3283558823285186,1.3089314645252348,False,True,False,True,False,True,False,False,True,False,False,True,False,False,False,True,False,True,False,False,True,False,False,False,True,False,False,False,True,False,Obesity_Type_II
0.10762776041862093,1.971057998618395,1.32392850432778,False,True,False,True,False,True,False,True,False,False,False,True,False,False,False,True,False,True,False,False,True,False,False,True,False,False,False,False,True,False,Obesity_Type_II
1.0516812323453906,0.5180235725132994,1.2760734516360277,False,True,False,True,False,True,False,False,True,False,False,True,False,False,False,True,False,True,False,False,True,False,False,False,True,False,False,False,True,False,Obesity_Type_II
1.0516812323453906,1.8480662987836276,1.6147198141364865,False,True,False,True,False,True,False,False,True,False,False,True,False,False,False,True,False,True,False,False,True,False,False,False,False,True,False,False,True,False,Obesity_Type_II
0.10762776041862093,0.5819904053307019,0.9803375490970616,False,True,False,True,False,True,True,False,False,False,False,True,False,False,False,True,False,True,False,False,False,True,False,True,False,False,False,False,True,False,Obesity_Type_II
0.10762776041862093,0.5938039548136537,1.172893373264653,False,True,False,True,False,True,True,False,False,False,False,True,False,False,False,True,False,True,False,False,True,False,False,False,True,False,False,False,True,False,Obesity_Type_II
2.6251036855566734,0.5180235725132994,1.1460122247702789,False,True,False,True,False,True,False,True,False,False,False,True,False,False,False,True,False,True,False,True,False,False,False,True,False,False,False,False,True,False,Obesity_Type_II
0.5796544963820057,0.02519916522628845,0.5746906069998556,False,True,False,True,False,True,False,False,True,True,False,False,False,False,False,True,False,True,False,True,False,False,False,True,False,False,False,False,True,False,Obesity_Type_II
-0.2070567302236356,1.579345568394184,1.3301023137827013,False,True,False,True,False,True,False,False,True,False,False,True,False,False,False,True,False,True,False,False,True,False,False,True,False,False,False,False,True,False,Obesity_Type_II
-0.2070567302236356,1.504154791558044,1.3534061425817785,False,True,False,True,False,True,False,False,True,False,False,True,False,False,False,True,False,True,False,False,True,False,False,True,False,False,False,False,True,False,Obesity_Type_II
-0.049714484902507336,-0.9453664695632411,0.45463901638375104,False,True,False,True,False,True,False,False,True,False,True,False,False,False,False,True,False,True,False,False,False,True,False,False,True,False,False,False,False,True,Obesity_Type_II
-0.6790834661870204,-0.5773454589010313,0.7608903415551072,False,True,False,True,False,True,False,False,True,True,False,False,False,False,False,True,False,True,False,True,False,False,False,False,True,False,False,False,False,True,Obesity_Type_II
0.8943389870242623,0.6074292010866416,0.970955792182868,False,True,False,True,False,True,False,True,False,False,False,True,False,False,False,True,False,True,False,True,False,False,False,False,True,False,False,False,True,False,Obesity_Type_II
0.10762776041862093,0.608050966848901,0.9739543828805721,False,True,False,True,False,True,True,False,False,False,False,True,False,False,False,True,False,True,False,False,True,False,False,True,False,False,False,False,True,False,Obesity_Type_II
1.0516812323453906,-0.33128701853605286,0.5743803526527228,False,True,False,True,False,True,False,False,True,False,False,False,True,False,False,True,False,True,False,False,False,True,False,True,False,False,False,False,False,True,Obesity_Type_II
0.736996741703134,-0.3869136140596814,0.46116925171530837,False,True,False,True,False,True,False,False,True,False,False,True,False,False,False,True,False,True,False,False,False,True,False,True,False,False,False,False,False,True,Obesity_Type_II
1.0516812323453906,2.2781138042810127,1.6523401395985347,False,True,False,True,False,True,False,True,False,False,False,True,False,False,False,True,False,True,False,False,True,False,False,False,True,False,False,False,True,False,Obesity_Type_II
0.8943389870242623,2.1216217939796174,1.4391155099508526,False,True,False,True,False,True,False,True,False,False,False,True,False,False,False,True,False,True,False,False,True,False,False,True,False,False,False,False,True,False,Obesity_Type_II
1.2090234776665187,0.5180235725132994,1.203623371292841,False,True,False,True,False,True,False,True,False,False,False,True,False,False,False,True,False,True,False,True,False,False,False,True,False,False,False,False,True,False,Obesity_Type_II
1.99573470427216,0.5180235725132994,1.2544826285903512,False,True,False,True,False,True,False,False,True,False,False,True,False,False,False,True,False,True,False,False,True,False,False,False,True,False,False,False,True,False,Obesity_Type_II
-0.36439897554476386,0.7717040035156445,1.1294369893873237,False,True,False,True,False,True,False,True,False,False,False,True,False,False,False,True,False,True,False,False,True,False,False,False,True,False,False,False,True,False,Obesity_Type_II
-0.049714484902507336,0.97896640433543,1.1272329003436994,False,True,False,True,False,True,False,True,False,False,False,True,False,False,False,True,False,True,False,False,True,False,False,False,True,False,False,False,True,False,Obesity_Type_II
-0.049714484902507336,1.3283558823285186,1.3089314645252348,False,True,False,True,False,True,False,True,False,False,False,True,False,False,False,True,False,True,False,False,False,True,False,False,True,False,False,False,True,False,Obesity_Type_II
0.10762776041862093,1.3464621301295234,1.3141133689877786,False,True,False,True,False,True,False,False,True,False,False,True,False,False,False,True,False,True,False,False,True,False,False,True,False,False,False,False,True,False,Obesity_Type_II
1.2090234776665187,0.7904856175756579,1.3220795427058671,False,True,False,True,False,True,False,False,True,False,False,True,False,False,False,True,False,True,False,True,False,False,False,False,True,False,False,False,True,False,Obesity_Type_II
1.0516812323453906,0.6999972589680329,1.213571025414791,False,True,False,True,False,True,False,False,True,False,False,True,False,False,False,True,False,True,False,False,True,False,False,False,False,True,False,False,True,False,Obesity_Type_II
-0.2070567302236356,0.5632409515687384,1.1761972536288976,False,True,False,True,False,True,False,True,False,False,False,True,False,False,False,True,False,True,False,False,False,True,False,False,True,False,False,False,True,False,Obesity_Type_II
-0.2070567302236356,0.5715811888625101,1.2412273896886385,False,True,False,True,False,True,False,True,False,False,False,True,False,False,False,True,False,True,False,False,False,True,False,False,True,False,False,False,True,False,Obesity_Type_II
2.6251036855566734,0.49768754404763593,0.8295619944491808,False,True,False,True,False,True,False,True,False,False,False,False,True,False,False,True,False,True,False,False,False,True,False,True,False,False,False,False,False,True,Obesity_Type_II
1.6810502136299037,0.33846190841216234,0.6523994297852062,False,True,False,True,False,True,False,False,True,False,True,False,False,False,False,True,False,True,False,False,False,True,False,True,False,False,False,False,False,True,Obesity_Type_II
-0.36439897554476386,1.5894975024779918,1.3442990470738598,False,True,False,True,False,True,False,False,True,False,True,False,False,False,False,True,False,True,False,True,False,False,False,True,False,False,False,False,True,False,Obesity_Type_II
-0.36439897554476386,1.5857561878050794,1.3651866040187925,False,True,False,True,False,True,False,False,True,False,True,False,False,False,False,True,False,True,False,True,False,False,False,True,False,False,False,False,True,False,Obesity_Type_II
-0.049714484902507336,-1.024963207231954,0.5108149501269457,False,True,False,True,False,True,False,False,True,True,False,False,False,False,False,True,False,True,False,False,True,False,False,False,True,False,False,False,False,True,Obesity_Type_II
-0.6790834661870204,-0.9674177139247953,0.6335489194769114,False,True,False,True,False,True,False,False,True,True,False,False,False,False,False,True,False,True,False,True,False,False,False,False,False,True,False,False,False,True,Obesity_Type_II
0.736996741703134,0.6561734928280077,1.043190978236134,False,True,False,True,False,True,False,True,False,False,False,True,False,False,False,True,False,True,False,True,False,False,False,False,True,False,False,False,True,False,Obesity_Type_II
0.42231225106087744,0.581679522449571,0.981541025862348,False,True,False,True,False,True,True,False,False,False,False,True,False,False,False,True,False,True,False,True,False,False,False,False,True,False,False,False,True,False,Obesity_Type_II
0.2649700057397492,0.9152246936043638,1.1014799946087213,False,True,False,True,False,True,False,True,False,False,False,True,False,False,False,True,False,True,False,False,True,False,False,True,False,False,False,False,True,False,Obesity_Type_II
0.10762776041862093,0.6815908483852481,1.0595378765017203,False,True,False,True,False,True,False,True,False,False,False,True,False,False,False,True,False,True,False,False,False,True,False,True,False,False,False,False,True,False,Obesity_Type_II
1.0516812323453906,0.2637320958480409,0.9214696509674786,False,True,False,True,False,True,False,True,False,False,False,False,True,False,False,True,False,True,False,False,True,False,False,True,False,False,False,False,False,True,Obesity_Type_II
2.6251036855566734,0.36634488681974864,0.8899486265616253,False,True,False,True,False,True,False,True,False,False,False,True,False,False,False,True,False,True,False,False,True,False,False,True,False,False,False,False,False,True,Obesity_Type_II
1.5237079683087753,-0.020200455518088353,0.6589893176635653,False,True,False,True,False,True,False,False,True,False,True,False,False,False,False,True,False,True,False,False,False,True,False,True,False,False,False,False,False,True,Obesity_Type_II
0.8943389870242623,0.016344363163748887,0.628159720504737,False,True,False,True,False,True,False,False,True,False,True,False,False,False,False,True,False,True,False,True,False,False,False,False,True,False,False,False,False,True,Obesity_Type_II
1.0516812323453906,2.1991602725732613,1.6143086240139384,False,True,False,True,False,True,False,False,True,False,False,True,False,False,False,True,False,True,False,False,False,True,False,True,False,False,False,False,True,False,Obesity_Type_II
0.736996741703134,2.2438202064625337,1.6555150528369464,False,True,False,True,False,True,False,True,False,False,False,True,False,False,False,True,False,True,False,False,True,False,False,True,False,False,False,False,True,False,Obesity_Type_II
1.0516812323453906,0.8830322352583501,1.3006745132838733,False,True,False,True,False,True,False,True,False,False,False,True,False,False,False,True,False,True,False,False,True,False,False,True,False,False,False,False,True,False,Obesity_Type_II
1.0516812323453906,0.8815850218461917,1.2970622880650318,False,True,False,True,False,True,False,True,False,False,False,True,False,False,False,True,False,True,False,True,False,False,False,False,False,True,False,False,True,False,Obesity_Type_II
0.42231225106087744,1.7388606467120893,1.2838105626295837,False,True,False,True,False,True,False,True,False,False,False,True,False,False,False,True,False,True,False,False,True,False,False,True,False,False,False,False,True,False,Obesity_Type_II
0.42231225106087744,1.1854462379027129,1.2102974296021558,False,True,False,True,False,True,False,True,False,False,False,True,False,False,False,True,False,True,False,False,True,False,False,True,False,False,False,False,True,False,Obesity_Type_II
1.99573470427216,0.5196315874156987,1.2075824367357915,False,True,False,True,False,True,False,True,False,False,False,True,False,False,False,True,False,True,False,False,True,False,False,True,False,False,False,False,True,False,Obesity_Type_II
0.736996741703134,1.2185499046934176,1.2913401499744057,False,True,False,True,False,True,False,False,True,False,False,True,False,False,False,True,False,True,False,False,True,False,False,False,True,False,False,False,True,False,Obesity_Type_II
0.2649700057397492,0.7010907091016643,1.052019287833902,False,True,False,True,False,True,False,True,False,False,False,True,False,False,False,True,False,True,False,False,True,False,False,True,False,False,False,False,True,False,Obesity_Type_II
0.10762776041862093,0.6516067305051962,1.1054267629197443,False,True,False,True,False,True,False,True,False,False,False,True,False,False,False,True,False,True,False,False,True,False,False,False,False,True,False,False,True,False,Obesity_Type_II
0.8943389870242623,0.8294317385117433,0.9873012010442769,False,True,False,True,False,True,False,True,False,False,False,True,False,False,False,True,False,True,False,True,False,False,False,False,True,False,False,False,True,False,Obesity_Type_II
0.42231225106087744,0.8474629456173017,1.0071375441586865,False,True,False,True,False,True,False,True,False,False,False,True,False,False,False,True,False,True,False,True,False,False,False,False,False,True,False,False,True,False,Obesity_Type_II
0.2649700057397492,1.831417984494132,1.310383098940406,False,True,False,True,False,True,False,True,False,False,False,True,False,False,False,True,False,True,False,False,True,False,False,False,True,False,False,False,True,False,Obesity_Type_II
0.5796544963820057,1.0671499415829477,1.2398076437988061,False,True,False,True,False,True,False,False,True,False,False,True,False,False,False,True,False,True,False,False,True,False,False,False,True,False,False,False,True,False,Obesity_Type_II
-0.2070567302236356,1.8783827397435098,1.3248736649428934,False,True,False,True,False,True,False,False,True,False,False,True,False,False,False,True,False,True,False,False,True,False,False,True,False,False,False,False,True,False,Obesity_Type_II
-0.049714484902507336,0.7922437138689449,1.2985832752490847,False,True,False,True,False,True,False,True,False,False,False,True,False,False,False,True,False,True,False,False,False,True,False,True,False,False,False,False,True,False,Obesity_Type_II
1.2090234776665187,0.6862219313041549,1.2792409560434028,False,True,False,True,False,True,False,False,True,False,False,True,False,False,False,True,False,True,False,False,True,False,False,True,False,False,False,False,True,False,Obesity_Type_II
0.8943389870242623,0.6227803833548688,1.214296059730437,False,True,False,True,False,True,False,True,False,False,False,True,False,False,False,True,False,True,False,False,True,False,False,False,True,False,False,False,True,False,Obesity_Type_II
1.0516812323453906,1.3064332791591553,1.5228156328946028,False,True,False,True,False,True,False,False,True,False,False,True,False,False,False,True,False,True,False,False,True,False,False,False,True,False,False,False,True,False,Obesity_Type_II
1.0516812323453906,1.7928899474326694,1.4694769377298806,False,True,False,True,False,True,False,True,False,False,False,True,False,False,False,True,False,True,False,False,True,False,False,True,False,False,False,False,True,False,Obesity_Type_II
0.10762776041862093,0.7486129095172058,1.0166545313342286,False,True,False,True,False,True,True,False,False,False,False,True,False,False,False,True,False,True,False,False,False,True,False,True,False,False,False,False,True,False,Obesity_Type_II
0.2649700057397492,0.7559025770747447,1.0506638154628074,False,True,False,True,False,True,False,True,False,False,False,True,False,False,False,True,False,True,False,False,True,False,False,False,True,False,False,False,True,False,Obesity_Type_II
0.10762776041862093,1.6786351285676016,1.1834466420390921,False,True,False,True,False,True,False,True,False,False,False,True,False,False,False,True,False,True,False,False,True,False,False,True,False,False,False,False,True,False,Obesity_Type_II
0.10762776041862093,1.3820206996712208,1.2158922045406784,False,True,False,True,False,True,True,False,False,False,False,True,False,False,False,True,False,True,False,False,True,False,False,True,False,False,False,False,True,False,Obesity_Type_II
2.3104191949144166,0.6877870658091556,1.2200583353541548,False,True,False,True,False,True,False,True,False,False,False,True,False,False,False,True,False,True,False,False,True,False,False,True,False,False,False,False,True,False,Obesity_Type_II
2.3104191949144166,0.7354057471188428,1.1726507531431205,False,True,False,True,False,True,False,True,False,False,False,True,False,False,False,True,False,True,False,False,True,False,False,True,False,False,False,False,True,False,Obesity_Type_II
0.2649700057397492,-0.3021605086039453,0.6538149366016099,False,True,False,True,False,True,False,False,True,True,False,False,False,False,False,True,False,True,False,True,False,False,False,False,True,False,False,False,False,True,Obesity_Type_II
1.2090234776665187,0.01788805747005036,0.614863503893217,False,True,False,True,False,True,False,False,True,False,True,False,False,False,False,True,False,True,False,False,False,True,False,True,False,False,False,False,False,True,Obesity_Type_II
-0.2070567302236356,1.51398512266137,1.3197066927119747,False,True,False,True,False,True,False,False,True,False,False,True,False,False,False,True,False,True,False,False,True,False,False,True,False,False,False,False,True,False,Obesity_Type_II
-0.049714484902507336,0.8347703479877042,1.2279555763917196,False,True,False,True,False,True,False,False,True,False,False,True,False,False,False,True,False,True,False,False,True,False,False,True,False,False,False,False,True,False,Obesity_Type_II
-0.049714484902507336,1.8405407890404042,1.345946366284047,False,True,False,True,False,True,False,False,True,False,False,True,False,False,False,True,False,True,False,False,True,False,False,True,False,False,False,False,True,False,Obesity_Type_II
-0.2070567302236356,0.5812935988729963,1.2768815870668095,False,True,False,True,False,True,False,False,True,False,False,True,False,False,False,True,False,True,False,False,False,True,False,False,True,False,False,False,True,False,Obesity_Type_II
-0.049714484902507336,-0.9007279758726654,0.5482267208142907,False,True,False,True,False,True,False,False,True,False,True,False,False,False,False,True,False,True,False,True,False,False,False,False,True,False,False,False,False,True,Obesity_Type_II
1.0516812323453906,-0.6127646671511895,0.5124451602840167,False,True,False,True,False,True,False,False,True,False,True,False,False,False,False,True,False,True,False,False,False,True,False,False,True,False,False,False,False,True,Obesity_Type_II
-0.6790834661870204,-0.0042167873882508426,0.6871193124658639,False,True,False,True,False,True,False,False,True,True,False,False,False,False,False,True,False,True,False,True,False,False,False,False,True,False,False,False,False,True,Obesity_Type_II
0.10762776041862093,-0.4584702772164028,0.6859942012742257,False,True,False,True,False,True,False,False,True,True,False,False,False,False,False,True,False,True,False,True,False,False,False,False,True,False,False,False,False,True,Obesity_Type_II
0.8943389870242623,0.6179777788463751,0.9705691963241753,False,True,False,True,False,True,False,True,False,False,False,True,False,False,False,True,False,True,False,True,False,False,False,True,False,False,False,False,True,False,Obesity_Type_II
0.8943389870242623,0.6078794452593118,0.9744018915511407,False,True,False,True,False,True,True,False,False,False,False,True,False,False,False,True,False,True,False,True,False,False,False,False,True,False,False,False,True,False,Obesity_Type_II
-0.049714484902507336,-0.8509652746931142,0.5116096809201296,False,True,False,True,False,True,False,False,True,False,False,False,True,False,False,True,False,True,False,False,False,True,False,False,True,False,False,False,False,True,Obesity_Type_II
0.10762776041862093,-0.8404488572314308,0.4199700025842333,False,True,False,True,False,True,False,False,True,False,False,True,False,False,False,True,False,True,False,False,False,True,False,True,False,False,False,False,False,True,Obesity_Type_II
0.8943389870242623,2.328208828540394,1.657652042312881,False,True,False,True,False,True,False,True,False,False,False,True,False,False,False,True,False,True,False,False,True,False,False,True,False,False,False,False,True,False,Obesity_Type_II
0.8943389870242623,2.2681012314887465,1.628650402358077,False,True,False,True,False,True,False,True,False,False,False,True,False,False,False,True,False,True,False,False,True,False,False,True,False,False,False,False,True,False,Obesity_Type_II
1.99573470427216,0.5180235725132994,1.2025125431053665,False,True,False,True,False,True,False,True,False,False,False,True,False,False,False,True,False,True,False,True,False,False,False,True,False,False,False,False,True,False,Obesity_Type_II
2.3104191949144166,0.5180235725132994,1.2389950401554921,False,True,False,True,False,True,False,False,True,False,False,True,False,False,False,True,False,True,False,True,False,False,False,True,False,False,False,False,True,False,Obesity_Type_II
-0.2070567302236356,0.8931627291434587,1.0360319470127093,False,True,False,True,False,True,False,True,False,False,False,True,False,False,False,True,False,True,False,False,True,False,False,True,False,False,False,False,True,False,Obesity_Type_II
-0.2070567302236356,0.9739815581379937,1.129339108799965,False,True,False,True,False,True,False,True,False,False,False,True,False,False,False,True,False,True,False,False,False,True,False,False,True,False,False,False,True,False,Obesity_Type_II
0.10762776041862093,1.373026536317142,1.3135189057716952,False,True,False,True,False,True,False,False,True,False,False,True,False,False,False,True,False,True,False,False,False,True,False,False,True,False,False,False,True,False,Obesity_Type_II
0.10762776041862093,1.015596983812062,1.3138223623254022,False,True,False,True,False,True,False,True,False,False,False,True,False,False,False,True,False,True,False,False,False,True,False,True,False,False,False,False,True,False,Obesity_Type_II
1.2090234776665187,0.5180235725132994,1.2760734516360277,False,True,False,True,False,True,False,False,True,False,False,True,False,False,False,True,False,True,False,False,True,False,False,False,False,True,False,False,True,False,Obesity_Type_II
1.2090234776665187,0.6508348833520443,1.2206497815720325,False,True,False,True,False,True,False,False,True,False,False,True,False,False,False,True,False,True,False,False,True,False,False,False,False,True,False,False,True,False,Obesity_Type_II
-0.2070567302236356,1.3297280550452308,1.3233110508215713,False,True,False,True,False,True,False,True,False,False,False,True,False,False,False,True,False,True,False,False,False,True,False,True,False,False,False,False,True,False,Obesity_Type_II
-0.2070567302236356,1.4796057640480962,1.2925543198978893,False,True,False,True,False,True,False,True,False,False,False,True,False,False,False,True,False,True,False,False,False,True,False,False,True,False,False,False,True,False,Obesity_Type_II
2.6251036855566734,0.5116451134004542,0.8906912282085958,False,True,False,True,False,True,False,True,False,False,False,True,False,False,False,True,False,True,False,False,True,False,False,True,False,False,False,False,False,True,Obesity_Type_II
2.6251036855566734,0.5180235725132994,1.115942529260791,False,True,False,True,False,True,False,True,False,False,False,True,False,False,False,True,False,True,False,False,True,False,False,True,False,False,False,False,False,True,Obesity_Type_II
-0.36439897554476386,1.59001206724676,1.3570237907594207,False,True,False,True,False,True,False,False,True,False,True,False,False,False,False,True,False,True,False,True,False,False,False,True,False,False,False,False,True,False,Obesity_Type_II
-0.36439897554476386,1.5898191054584712,1.3757455630809867,False,True,False,True,False,True,False,False,True,False,True,False,False,False,False,True,False,True,False,True,False,False,False,True,False,False,False,False,True,False,Obesity_Type_II
-0.049714484902507336,-1.0048844611506744,0.5358868926339919,False,True,False,True,False,True,False,False,True,True,False,False,False,False,False,True,False,True,False,True,False,False,False,False,True,False,False,False,False,True,Obesity_Type_II
-0.049714484902507336,-1.0554082893840269,0.49721157254620035,False,True,False,True,False,True,False,False,True,True,False,False,False,False,False,True,False,True,False,False,True,False,False,False,True,False,False,False,False,True,Obesity_Type_II
0.8943389870242623,0.7395329853683325,0.9885465720757874,False,True,False,True,False,True,False,True,False,False,False,True,False,False,False,True,False,True,False,True,False,False,False,False,True,False,False,False,True,False,Obesity_Type_II
0.736996741703134,0.6041917310831462,0.9856514376836447,False,True,False,True,False,True,False,True,False,False,False,True,False,False,False,True,False,True,False,True,False,False,False,False,True,False,False,False,True,False,Obesity_Type_II
0.10762776041862093,0.9146350881401496,1.086092730911666,False,True,False,True,False,True,False,True,False,False,False,True,False,False,False,True,False,True,False,False,True,False,False,False,True,False,False,False,True,False,Obesity_Type_II
0.10762776041862093,0.752118382004436,1.081537980177409,False,True,False,True,False,True,False,True,False,False,False,True,False,False,False,True,False,True,False,False,False,True,False,True,False,False,False,False,True,False,Obesity_Type_II
2.467761440235545,0.22210595007462672,0.8693143065167214,False,True,False,True,False,True,False,True,False,False,False,False,True,False,False,True,False,True,False,False,True,False,False,True,False,False,False,False,False,True,Obesity_Type_II
1.5237079683087753,-0.003112617155271102,0.7805759875186323,False,True,False,True,False,True,False,False,True,False,False,True,False,False,False,True,False,True,False,False,False,True,False,True,False,False,False,False,False,True,Obesity_Type_II
1.3663657229876471,-0.0456285311746796,0.6275190093794486,False,True,False,True,False,True,False,False,True,False,True,False,False,False,False,True,False,True,False,False,False,True,False,True,False,False,False,False,False,True,Obesity_Type_II
0.8943389870242623,-0.05694895608756499,0.6198184078831672,False,True,False,True,False,True,False,False,True,False,True,False,False,False,False,True,False,True,False,False,True,False,False,False,True,False,False,False,False,True,Obesity_Type_II
0.8943389870242623,2.224641948726597,1.6457180194861805,False,True,False,True,False,True,False,True,False,False,False,True,False,False,False,True,False,True,False,False,False,True,False,True,False,False,False,False,True,False,Obesity_Type_II
0.736996741703134,2.223644979487111,1.6531930335343434,False,True,False,True,False,True,False,True,False,False,False,True,False,False,False,True,False,True,False,False,True,False,False,True,False,False,False,False,True,False,Obesity_Type_II
0.8943389870242623,1.0686936358892516,1.3178629630996088,False,True,False,True,False,True,False,True,False,False,False,True,False,False,False,True,False,True,False,False,True,False,False,True,False,False,False,False,True,False,Obesity_Type_II
0.8943389870242623,1.7003647699486766,1.4181913289390933,False,True,False,True,False,True,False,True,False,False,False,True,False,False,False,True,False,True,False,False,True,False,False,True,False,False,False,False,True,False,Obesity_Type_II
0.42231225106087744,1.263445680768375,1.2123990934661875,False,True,False,True,False,True,False,True,False,False,False,True,False,False,False,True,False,True,False,False,True,False,False,True,False,False,False,False,True,False,Obesity_Type_II
0.42231225106087744,0.9808531418209101,1.20599820715897,False,True,False,True,False,True,False,True,False,False,False,True,False,False,False,True,False,True,False,False,True,False,False,True,False,False,False,False,True,False,Obesity_Type_II
1.3663657229876471,0.5196315874156987,1.2111348566484281,False,True,False,True,False,True,False,True,False,False,False,True,False,False,False,True,False,True,False,False,True,False,False,True,False,False,False,False,True,False,Obesity_Type_II
1.2090234776665187,0.5711523848885368,1.2798470671639515,False,True,False,True,False,True,False,False,True,False,False,True,False,False,False,True,False,True,False,False,True,False,False,False,True,False,False,False,True,False,Obesity_Type_II
0.2649700057397492,0.7658186689728679,1.0885351628135438,False,True,False,True,False,True,False,True,False,False,False,True,False,False,False,True,False,True,False,False,True,False,False,False,True,False,False,False,True,False,Obesity_Type_II
0.2649700057397492,0.761702150822729,1.1167517721972426,False,True,False,True,False,True,False,True,False,False,False,True,False,False,False,True,False,True,False,False,True,False,False,False,False,True,False,False,True,False,Obesity_Type_II
0.8943389870242623,0.9246691011311151,0.9910384216444783,False,True,False,True,False,True,False,True,False,False,False,True,False,False,False,True,False,True,False,True,False,False,False,True,False,False,False,False,True,False,Obesity_Type_II
0.42231225106087744,0.896196517259317,0.9988455728242286,False,True,False,True,False,True,False,True,False,False,False,True,False,False,False,True,False,True,False,True,False,False,False,False,False,True,False,False,True,False,Obesity_Type_II
0.5796544963820057,1.2424021257456572,1.3072287318416735,False,True,False,True,False,True,False,False,True,False,False,True,False,False,False,True,False,True,False,False,True,False,False,False,True,False,False,False,True,False,Obesity_Type_II
0.42231225106087744,1.5194952537269226,1.292128694011775,False,True,False,True,False,True,False,False,True,False,False,True,False,False,False,True,False,True,False,False,True,False,False,False,True,False,False,False,True,False,Obesity_Type_II
0.10762776041862093,1.8528796233914746,1.3236186318791545,False,True,False,True,False,True,False,False,True,False,False,True,False,False,False,True,False,True,False,False,True,False,False,True,False,False,False,False,True,False,Obesity_Type_II
0.10762776041862093,1.0147072155660677,1.3105050773235596,False,True,False,True,False,True,False,True,False,False,False,True,False,False,False,True,False,True,False,False,False,True,False,True,False,False,False,False,True,False,Obesity_Type_II
0.8943389870242623,0.5847133105654293,1.2423564726247498,False,True,False,True,False,True,False,False,True,False,False,True,False,False,False,True,False,True,False,False,True,False,False,False,True,False,False,False,True,False,Obesity_Type_II
1.0516812323453906,0.5944793210726601,1.2212927077086617,False,True,False,True,False,True,False,False,True,False,False,True,False,False,False,True,False,True,False,False,True,False,False,False,True,False,False,False,True,False,Obesity_Type_II
1.0516812323453906,2.0092322724013285,1.625791128235747,False,True,False,True,False,True,False,False,True,False,False,True,False,False,False,True,False,True,False,False,True,False,False,True,False,False,False,False,True,False,Obesity_Type_II
1.0516812323453906,1.7971779871723998,1.562780356911768,False,True,False,True,False,True,False,False,True,False,False,True,False,False,False,True,False,True,False,False,True,False,False,False,True,False,False,False,True,False,Obesity_Type_II
0.10762776041862093,0.5947151632583472,0.9782236262909535,False,True,False,True,False,True,True,False,False,False,False,True,False,False,False,True,False,True,False,False,True,False,False,True,False,False,False,False,True,False,Obesity_Type_II
0.10762776041862093,0.6732934914888726,1.0176942500196893,False,True,False,True,False,True,False,True,False,False,False,True,False,False,False,True,False,True,False,False,False,True,False,True,False,False,False,False,True,False,Obesity_Type_II
-0.049714484902507336,0.7836140338927416,1.1767407333942896,False,True,False,True,False,True,False,True,False,False,False,True,False,False,False,True,False,True,False,False,True,False,False,True,False,False,False,False,True,False,Obesity_Type_II
0.10762776041862093,0.7317073128433264,1.1885692376634907,False,True,False,True,False,True,True,False,False,False,False,True,False,False,False,True,False,True,False,False,True,False,False,True,False,False,False,False,True,False,Obesity_Type_II
2.467761440235545,0.6271005833926471,1.1863672490616552,False,True,False,True,False,True,False,True,False,False,False,True,False,False,False,True,False,True,False,True,False,False,False,True,False,False,False,False,True,False,Obesity_Type_II
2.467761440235545,0.65769574693561,1.1605302110855726,False,True,False,True,False,True,False,True,False,False,False,True,False,False,False,True,False,True,False,False,True,False,False,True,False,False,False,False,True,False,Obesity_Type_II
0.42231225106087744,-0.2375826301236317,0.6219883170104095,False,True,False,True,False,True,False,False,True,True,False,False,False,False,False,True,False,True,False,True,False,False,False,False,True,False,False,False,False,True,Obesity_Type_II
0.8943389870242623,-0.02490657913244137,0.5190309236584997,False,True,False,True,False,True,False,False,True,False,True,False,False,False,False,True,False,True,False,False,True,False,False,False,True,False,False,False,False,True,Obesity_Type_II
-0.2070567302236356,1.5826044785963786,1.3394200645071122,False,True,False,True,False,True,False,False,True,False,False,True,False,False,False,True,False,True,False,False,True,False,False,True,False,False,False,False,True,False,Obesity_Type_II
-0.049714484902507336,1.7766704371171471,1.3403970372678633,False,True,False,True,False,True,False,False,True,False,False,True,False,False,False,True,False,True,False,False,True,False,False,True,False,False,False,False,True,False,Obesity_Type_II
-0.2070567302236356,1.7737760102928304,1.346185549319016,False,True,False,True,False,True,False,False,True,False,False,True,False,False,False,True,False,True,False,False,True,False,False,True,False,False,False,False,True,False,Obesity_Type_II
-0.2070567302236356,1.5745215236869887,1.3303458504606511,False,True,False,True,False,True,False,False,True,False,False,True,False,False,False,True,False,True,False,False,True,False,False,True,False,False,False,False,True,False,Obesity_Type_II
-0.049714484902507336,-0.8776261617748783,0.4566345888425228,False,True,False,True,False,True,False,False,True,False,True,False,False,False,False,True,False,True,False,False,False,True,False,False,True,False,False,False,False,True,Obesity_Type_II
0.42231225106087744,-0.5774955402919213,0.49670357115211433,False,True,False,True,False,True,False,False,True,False,True,False,False,False,False,True,False,True,False,False,True,False,False,False,True,False,False,False,False,True,Obesity_Type_II
-0.6790834661870204,-0.8849372695311164,0.6766345180937401,False,True,False,True,False,True,False,False,True,False,True,False,False,False,False,True,False,True,False,True,False,False,False,False,True,False,False,False,False,True,Obesity_Type_II
-0.2070567302236356,-0.6411407701288444,0.6753494678073462,False,True,False,True,False,True,False,False,True,False,True,False,False,False,False,True,False,True,False,True,False,False,False,False,True,False,False,False,False,True,Obesity_Type_II
0.5796544963820057,0.9187301660915915,0.9771894069439947,False,True,False,True,False,True,False,True,False,False,False,True,False,False,False,True,False,True,False,True,False,False,False,True,False,False,False,False,True,False,Obesity_Type_II
0.8943389870242623,0.6075900025768801,0.9708258321209171,False,True,False,True,False,True,False,True,False,False,False,True,False,False,False,True,False,True,False,True,False,False,False,True,False,False,False,False,True,False,Obesity_Type_II
0.10762776041862093,0.6696057773127071,1.012170737342583,False,True,False,True,False,True,True,False,False,False,False,True,False,False,False,True,False,True,False,False,True,False,False,True,False,False,False,False,True,False,Obesity_Type_II
0.10762776041862093,0.7022591999307394,0.9791867743257494,False,True,False,True,False,True,True,False,False,False,False,True,False,False,False,True,False,True,False,False,True,False,False,True,False,False,False,False,True,False,Obesity_Type_II
1.2090234776665187,-0.2557531985207318,0.589498492471856,False,True,False,True,False,True,False,False,True,False,True,False,False,False,False,True,False,True,False,False,False,True,False,True,False,False,False,False,False,True,Obesity_Type_II
1.0516812323453906,-0.35590036664209607,0.5330510670799951,False,True,False,True,False,True,False,False,True,False,True,False,False,False,False,True,False,True,False,False,False,True,False,True,False,False,False,False,False,True,Obesity_Type_II
0.5796544963820057,-0.17383019929321702,0.49471376536079925,False,True,False,True,False,True,False,False,True,False,True,False,False,False,False,True,False,True,False,False,False,True,False,True,False,False,False,False,False,True,Obesity_Type_II
0.5796544963820057,-0.07541968726644521,0.5011757554291453,False,True,False,True,False,True,False,False,True,False,True,False,False,False,False,True,False,True,False,False,True,False,False,True,False,False,False,False,False,True,Obesity_Type_II
1.0516812323453906,1.9771255748501118,1.6331283533025647,False,True,False,True,False,True,False,True,False,False,False,True,False,False,False,True,False,True,False,False,True,False,False,False,True,False,False,False,True,False,Obesity_Type_II
1.0516812323453906,2.2868399651513616,1.6566898490243531,False,True,False,True,False,True,False,True,False,False,False,True,False,False,False,True,False,True,False,False,True,False,False,True,False,False,False,False,True,False,Obesity_Type_II
0.8943389870242623,1.503286463510749,1.4315335261308628,False,True,False,True,False,True,False,True,False,False,False,True,False,False,False,True,False,True,False,False,True,False,False,True,False,False,False,False,True,False,Obesity_Type_II
1.0516812323453906,1.7843567483506115,1.3972198307023098,False,True,False,True,False,True,False,False,True,False,False,True,False,False,False,True,False,True,False,False,True,False,False,True,False,False,False,False,True,False,Obesity_Type_II
1.2090234776665187,0.5361191002149533,1.245724282799076,False,True,False,True,False,True,False,True,False,False,False,True,False,False,False,True,False,True,False,True,False,False,False,True,False,False,False,False,True,False,Obesity_Type_II
1.0516812323453906,0.5751938623432318,1.2087746093052687,False,True,False,True,False,True,False,False,True,False,False,True,False,False,False,True,False,True,False,True,False,False,False,False,True,False,False,False,True,False,Obesity_Type_II
2.1530769495932884,0.5632302314693877,1.1957678335722468,False,True,False,True,False,True,False,False,True,False,False,True,False,False,False,True,False,True,False,False,True,False,False,True,False,False,False,False,True,False,Obesity_Type_II
2.1530769495932884,0.6328358365445336,1.2252172495265745,False,True,False,True,False,True,False,False,True,False,False,True,False,False,False,True,False,True,False,False,True,False,False,True,False,False,False,False,True,False,Obesity_Type_II
-0.36439897554476386,0.581679522449571,1.1352278310193689,False,True,False,True,False,True,False,True,False,False,False,True,False,False,False,True,False,True,False,False,False,True,False,False,True,False,False,False,True,False,Obesity_Type_II
-0.2070567302236356,0.6802937163639798,1.148897658940342,False,True,False,True,False,True,True,False,False,False,False,True,False,False,False,True,False,True,False,False,True,False,False,False,True,False,False,False,True,False,Obesity_Type_II
0.10762776041862093,0.9279494515320066,1.0997325416099843,False,True,False,True,False,True,False,True,False,False,False,True,False,False,False,True,False,True,False,False,True,False,False,True,False,False,False,False,True,False,Obesity_Type_II
-0.049714484902507336,0.7015623934730336,1.1295905889668614,False,True,False,True,False,True,False,True,False,False,False,True,False,False,False,True,False,True,False,False,True,False,False,False,True,False,False,False,True,False,Obesity_Type_II
-0.049714484902507336,1.4832505978268655,1.3133272309110036,False,True,False,True,False,True,False,False,True,False,False,True,False,False,False,True,False,True,False,False,False,True,False,True,False,False,False,False,True,False,Obesity_Type_II
-0.049714484902507336,1.3209697338768367,1.3068435871973076,False,True,False,True,False,True,False,True,False,False,False,True,False,False,False,True,False,True,False,False,False,True,False,False,True,False,False,False,True,False,Obesity_Type_II
0.10762776041862093,1.358382880605969,1.3141970811405257,False,True,False,True,False,True,False,False,True,False,False,True,False,False,False,True,False,True,False,False,False,True,False,True,False,False,False,False,True,False,Obesity_Type_II
0.10762776041862093,1.3705823536654955,1.314132731242087,False,True,False,True,False,True,False,False,True,False,False,True,False,False,False,True,False,True,False,False,True,False,False,True,False,False,False,False,True,False,Obesity_Type_II
1.0516812323453906,0.8323904859321555,1.304779082058012,False,True,False,True,False,True,False,False,True,False,False,True,False,False,False,True,False,True,False,True,False,False,False,False,True,False,False,False,True,False,Obesity_Type_II
1.0516812323453906,0.8518367461518246,1.3064166246664184,False,True,False,True,False,True,False,True,False,False,False,True,False,False,False,True,False,True,False,True,False,False,False,False,True,False,False,False,True,False,Obesity_Type_II
1.0516812323453906,0.6698844998957879,1.2521291408507664,False,True,False,True,False,True,False,False,True,False,False,True,False,False,False,True,False,True,False,True,False,False,False,False,False,True,False,False,True,False,Obesity_Type_II
1.0516812323453906,0.569437168992646,1.2304723639329214,False,True,False,True,False,True,False,False,True,False,False,True,False,False,False,True,False,True,False,False,True,False,False,False,False,True,False,False,True,False,Obesity_Type_II
0.10762776041862093,0.5878006991780347,1.1755851085119375,False,True,False,True,False,True,True,False,False,False,False,True,False,False,False,True,False,True,False,False,True,False,False,False,True,False,False,False,True,False,Obesity_Type_II
-0.049714484902507336,0.5906200853069052,1.1739737641411148,False,True,False,True,False,True,False,True,False,False,False,True,False,False,False,True,False,True,False,False,False,True,False,False,True,False,False,False,True,False,Obesity_Type_II
-0.2070567302236356,0.5656100935249389,1.2547332303906815,False,True,False,True,False,True,False,True,False,False,False,True,False,False,False,True,False,True,False,False,False,True,False,False,True,False,False,False,True,False,Obesity_Type_II
-0.2070567302236356,0.5731463233675108,1.245251263308236,False,True,False,True,False,True,False,True,False,False,False,True,False,False,False,True,False,True,False,False,False,True,False,False,True,False,False,False,True,False,Obesity_Type_II
2.467761440235545,0.054282794760997545,0.8182765498570135,False,True,False,True,False,True,False,True,False,False,False,False,True,False,False,True,False,True,False,False,False,True,False,True,False,False,False,False,False,True,Obesity_Type_II
1.99573470427216,0.44137486216565014,0.757495072878124,False,True,False,True,False,True,False,False,True,False,False,True,False,False,False,True,False,True,False,False,False,True,False,True,False,False,False,False,False,True,Obesity_Type_II
1.5237079683087753,-0.22059127265495754,0.6086336699273103,False,True,False,True,False,True,False,False,True,False,True,False,False,False,False,True,False,True,False,False,False,True,False,True,False,False,False,False,False,True,Obesity_Type_II
1.5237079683087753,0.04293020955006445,0.6294339630633807,False,True,False,True,False,True,False,False,True,False,True,False,False,False,False,True,False,True,False,False,True,False,False,True,False,False,False,False,False,True,Obesity_Type_II
-0.2070567302236356,1.5847484984662428,1.3356854408167587,False,True,False,True,False,True,False,False,True,False,True,False,False,False,False,True,False,True,False,False,True,False,False,True,False,False,False,False,True,False,Obesity_Type_II
-0.2070567302236356,1.626192402550719,1.3424411490268822,False,True,False,True,False,True,False,False,True,False,False,True,False,False,False,True,False,True,False,True,False,False,False,True,False,False,False,False,True,False,Obesity_Type_II
-0.2070567302236356,1.5635548620526327,1.3548442195999497,False,True,False,True,False,True,False,False,True,False,True,False,False,False,False,True,False,True,False,False,True,False,False,True,False,False,False,False,True,False,Obesity_Type_II
-0.36439897554476386,1.8080803282106581,1.3317631140101873,False,True,False,True,False,True,False,False,True,False,False,True,False,False,False,True,False,True,False,False,True,False,False,True,False,False,False,False,True,False,Obesity_Type_II
-0.049714484902507336,-1.0065139162517707,0.5421956650213069,False,True,False,True,False,True,False,False,True,True,False,False,False,False,False,True,False,True,False,False,True,False,False,False,True,False,False,False,False,True,Obesity_Type_II
-0.049714484902507336,-1.0568555027961852,0.5202735832106099,False,True,False,True,False,True,False,False,True,True,False,False,False,False,False,True,False,True,False,True,False,False,False,False,False,True,False,False,False,True,Obesity_Type_II
-0.6790834661870204,-0.8744208520694307,0.6418681201749226,False,True,False,True,False,True,False,False,True,True,False,False,False,False,False,True,False,True,False,True,False,False,False,False,True,False,False,False,False,True,Obesity_Type_II
-0.2070567302236356,-0.9758544321127124,0.5368041364682394,False,True,False,True,False,True,False,False,True,True,False,False,False,False,False,True,False,True,False,False,True,False,False,False,False,True,False,False,False,True,Obesity_Type_II
0.736996741703134,0.610409388705753,1.0278985781282313,False,True,False,True,False,True,False,True,False,False,False,True,False,False,False,True,False,True,False,True,False,False,False,False,True,False,False,False,True,False,Obesity_Type_II
0.8943389870242623,0.6601613697859534,1.0169864011368606,False,True,False,True,False,True,False,True,False,False,False,True,False,False,False,True,False,True,False,True,False,False,False,False,True,False,False,False,True,False,Obesity_Type_II
0.42231225106087744,0.6695843371140078,0.9828981022071721,False,True,False,True,False,True,False,True,False,False,False,True,False,False,False,True,False,True,False,True,False,False,False,False,True,False,False,False,True,False,Obesity_Type_II
0.10762776041862093,0.5819153646352557,0.9811548882818637,False,True,False,True,False,True,True,False,False,False,False,True,False,False,False,True,False,True,False,False,True,False,False,True,False,False,False,False,True,False,Obesity_Type_II
0.2649700057397492,0.8758712088930044,1.0983827977164955,False,True,False,True,False,True,False,True,False,False,False,True,False,False,False,True,False,True,False,False,True,False,False,True,False,False,False,False,True,False,Obesity_Type_II
0.2649700057397492,0.9096502419427157,1.0673536203978793,False,True,False,True,False,True,False,True,False,False,False,True,False,False,False,True,False,True,False,False,True,False,False,True,False,False,False,False,True,False,Obesity_Type_II
0.2649700057397492,0.6962559442951204,1.0540795157099179,False,True,False,True,False,True,False,True,False,False,False,True,False,False,False,True,False,True,False,False,False,True,False,True,False,False,False,False,True,False,Obesity_Type_II
0.2649700057397492,0.6837991888512076,1.0524481216674755,False,True,False,True,False,True,False,True,False,False,False,True,False,False,False,True,False,True,False,False,True,False,False,True,False,False,False,False,True,False,Obesity_Type_II
0.8943389870242623,0.6094660199630118,0.9566330323843812,False,True,False,True,False,True,True,False,False,False,False,True,False,False,False,True,False,True,False,True,False,False,False,True,False,False,False,False,True,False,Obesity_Type_II
0.8943389870242623,0.6095625008571572,0.9686609258641166,False,True,False,True,False,True,True,False,False,False,False,False,True,False,False,True,False,True,False,True,False,False,False,True,False,False,False,False,True,False,Obesity_Type_II
2.6251036855566734,0.49674417530489706,0.8849611084391723,False,True,False,True,False,True,False,True,False,False,False,True,False,False,False,True,False,True,False,False,True,False,False,True,False,False,False,False,False,True,Obesity_Type_II
2.6251036855566734,0.46414435318360936,0.9388447727734635,False,True,False,True,False,True,False,True,False,False,False,True,False,False,False,True,False,True,False,False,True,False,False,True,False,False,False,False,False,True,Obesity_Type_II
0.8943389870242623,-0.001193719371743297,0.6552414420950168,False,True,False,True,False,True,False,False,True,False,True,False,False,False,False,True,False,True,False,False,False,True,False,True,False,False,False,False,False,True,Obesity_Type_II
1.3663657229876471,-0.05644511141814548,0.6364070097138692,False,True,False,True,False,True,False,False,True,False,True,False,False,False,False,True,False,True,False,False,False,True,False,True,False,False,False,False,False,True,Obesity_Type_II
1.0516812323453906,-0.22714125335739452,0.5888300555149554,False,True,False,True,False,True,False,False,True,False,True,False,False,False,False,True,False,True,False,False,True,False,False,False,True,False,False,False,False,True,Obesity_Type_II
0.8943389870242623,0.017577174588919425,0.6112710610170403,False,True,False,True,False,True,False,False,True,True,False,False,False,False,False,True,False,True,False,True,False,False,False,True,False,False,False,False,False,True,Obesity_Type_II
1.0516812323453906,1.887323302600844,1.549565522872102,False,True,False,True,False,True,False,False,True,False,False,True,False,False,False,True,False,True,False,False,True,False,False,False,True,False,False,False,True,False,Obesity_Type_II
1.0516812323453906,2.229369512539649,1.6202853738392196,False,True,False,True,False,True,False,True,False,False,False,True,False,False,False,True,False,True,False,False,True,False,False,False,True,False,False,False,True,False,Obesity_Type_II
0.8943389870242623,2.2245347477331054,1.627209652050357,False,True,False,True,False,True,False,True,False,False,False,True,False,False,False,True,False,True,False,False,False,True,False,True,False,False,False,False,True,False,Obesity_Type_II
1.0516812323453906,2.2404433751674966,1.6286691917646243,False,True,False,True,False,True,False,True,False,False,False,True,False,False,False,True,False,True,False,False,True,False,False,True,False,False,False,False,True,False,Obesity_Type_II
1.0516812323453906,0.8303643871551337,1.2990232605190637,False,True,False,True,False,True,False,False,True,False,False,True,False,False,False,True,False,True,False,False,True,False,False,False,True,False,False,False,True,False,Obesity_Type_II
1.2090234776665187,0.705464509636187,1.2821093193502007,False,True,False,True,False,True,False,False,True,False,False,True,False,False,False,True,False,True,False,False,True,False,False,True,False,False,False,False,True,False,Obesity_Type_II
1.0516812323453906,0.8820031057208142,1.2995052546248196,False,True,False,True,False,True,False,True,False,False,False,True,False,False,False,True,False,True,False,False,True,False,False,False,True,False,False,False,True,False,Obesity_Type_II
1.0516812323453906,0.7017660753606707,1.2892261125987452,False,True,False,True,False,True,False,True,False,False,False,True,False,False,False,True,False,True,False,False,True,False,False,False,False,True,False,False,True,False,Obesity_Type_II
0.42231225106087744,1.227661989140341,1.261666865115242,False,True,False,True,False,True,False,True,False,False,False,True,False,False,False,True,False,True,False,False,True,False,False,True,False,False,False,False,True,False,Obesity_Type_II
0.42231225106087744,1.482200028090633,1.2744179597977894,False,True,False,True,False,True,False,True,False,False,False,True,False,False,False,True,False,True,False,False,True,False,False,True,False,False,False,False,True,False,Obesity_Type_II
0.2649700057397492,1.5730957504735295,1.1856286955388597,False,True,False,True,False,True,False,True,False,False,False,True,False,False,False,True,False,True,False,False,True,False,False,True,False,False,False,False,True,False,Obesity_Type_II
0.2649700057397492,1.379029791952761,1.1904139984018256,False,True,False,True,False,True,False,True,False,False,False,True,False,False,False,True,False,True,False,False,True,False,False,True,False,False,False,False,True,False,Obesity_Type_II
2.1530769495932884,0.5189347809579906,1.2040544201377552,False,True,False,True,False,True,False,True,False,False,False,True,False,False,False,True,False,True,False,True,False,False,False,True,False,False,False,False,True,False,Obesity_Type_II
2.1530769495932884,0.663623961875785,1.19440789298862,False,True,False,True,False,True,False,True,False,False,False,True,False,False,False,True,False,True,False,False,True,False,False,True,False,False,False,False,True,False,Obesity_Type_II
0.5796544963820057,1.2314140239126021,1.302772701871491,False,True,False,True,False,True,False,False,True,False,False,True,False,False,False,True,False,True,False,False,True,False,False,False,True,False,False,False,True,False,Obesity_Type_II
0.5796544963820057,1.1123994809364344,1.25639093724026,False,True,False,True,False,True,False,False,True,False,False,True,False,False,False,True,False,True,False,False,True,False,False,False,True,False,False,False,True,False,Obesity_Type_II
0.10762776041862093,0.7337548518190473,1.0531944659198154,False,True,False,True,False,True,False,True,False,False,False,True,False,False,False,True,False,True,False,False,True,False,False,True,False,False,False,False,True,False,Obesity_Type_II
0.2649700057397492,0.7617986317168721,1.056645186260023,False,True,False,True,False,True,False,True,False,False,False,True,False,False,False,True,False,True,False,False,True,False,False,True,False,False,False,False,True,False,Obesity_Type_II
0.2649700057397492,0.659689685414584,1.0892536666647195,False,True,False,True,False,True,False,True,False,False,False,True,False,False,False,True,False,True,False,False,True,False,False,False,True,False,False,False,True,False,Obesity_Type_II
0.2649700057397492,0.6954090564465246,1.1026323351639127,False,True,False,True,False,True,False,True,False,False,False,True,False,False,False,True,False,True,False,False,True,False,False,False,True,False,False,False,True,False,Obesity_Type_II
0.8943389870242623,0.766526195529922,0.9838722871088218,False,True,False,True,False,True,False,True,False,False,False,True,False,False,False,True,False,True,False,True,False,False,False,False,True,False,False,False,True,False,Obesity_Type_II
0.8943389870242623,0.6255461689869948,0.9861815891911405,False,True,False,True,False,True,False,True,False,False,False,True,False,False,False,True,False,True,False,True,False,False,False,False,True,False,False,False,True,False,Obesity_Type_II
0.42231225106087744,0.840580641835037,1.014650175209795,False,True,False,True,False,True,False,True,False,False,False,True,False,False,False,True,False,True,False,False,True,False,False,False,False,True,False,False,True,False,Obesity_Type_II
0.5796544963820057,0.699686376086902,1.0177396577521787,False,True,False,True,False,True,False,True,False,False,False,True,False,False,False,True,False,True,False,True,False,False,False,False,False,True,False,False,True,False,Obesity_Type_II
0.2649700057397492,1.9665126764942829,1.316747628509751,False,True,False,True,False,True,False,True,False,False,False,True,False,False,False,True,False,True,False,False,True,False,False,False,True,False,False,False,True,False,Obesity_Type_II
0.42231225106087744,1.357150069180796,1.309386229267437,False,True,False,True,False,True,False,False,True,False,False,True,False,False,False,True,False,True,False,False,True,False,False,False,True,False,False,False,True,False,Obesity_Type_II
0.5796544963820057,1.1207825986276045,1.2922494121298558,False,True,False,True,False,True,False,False,True,False,False,True,False,False,False,True,False,True,False,False,True,False,False,False,True,False,False,False,True,False,Obesity_Type_II
0.42231225106087744,1.1925215034732637,1.2700182980472488,False,True,False,True,False,True,False,True,False,False,False,True,False,False,False,True,False,True,False,False,True,False,False,True,False,False,False,False,True,False,Obesity_Type_II
-0.2070567302236356,1.6942007128228167,1.3251295751324716,False,True,False,True,False,True,False,False,True,False,False,True,False,False,False,True,False,True,False,False,True,False,False,True,False,False,False,False,True,False,Obesity_Type_II
-0.2070567302236356,1.7525502135811726,1.3344034457184217,False,True,False,True,False,True,False,False,True,False,False,True,False,False,False,True,False,True,False,False,True,False,False,True,False,False,False,False,True,False,Obesity_Type_II
-0.049714484902507336,0.8783153915446487,1.3112667357060328,False,True,False,True,False,True,False,False,True,False,False,True,False,False,False,True,False,True,False,False,True,False,False,True,False,False,False,False,True,False,Obesity_Type_II
-0.049714484902507336,0.9985734660453377,1.3111967718995399,False,True,False,True,False,True,False,False,True,False,False,True,False,False,False,True,False,True,False,False,True,False,False,True,False,False,False,False,True,False,Obesity_Type_II
1.0516812323453906,0.6214403709362043,1.276432130713855,False,True,False,True,False,True,False,False,True,False,False,True,False,False,False,True,False,True,False,False,True,False,False,False,True,False,False,False,True,False,Obesity_Type_II
1.0516812323453906,0.7701710293086914,1.2840822834173542,False,True,False,True,False,True,False,False,True,False,False,True,False,False,False,True,False,True,False,False,True,False,False,True,False,False,False,False,True,False,Obesity_Type_II
1.2090234776665187,0.5536893430484932,1.2098404116587615,False,True,False,True,False,True,False,True,False,False,False,True,False,False,False,True,False,True,False,False,True,False,False,True,False,False,False,False,True,False,Obesity_Type_II
0.8943389870242623,0.6366736321115916,1.2138479782121077,False,True,False,True,False,True,False,False,True,False,False,True,False,False,False,True,False,True,False,False,True,False,False,False,True,False,False,False,True,False,Obesity_Type_II
1.0516812323453906,1.5776517926969924,1.4699962815096264,False,True,False,True,False,True,False,True,False,False,False,True,False,False,False,True,False,True,False,False,True,False,False,True,False,False,False,False,True,False,Obesity_Type_II
1.0516812323453906,1.5129774333225334,1.5042168318923088,False,True,False,True,False,True,False,True,False,False,False,True,False,False,False,True,False,True,False,False,True,False,False,False,True,False,False,False,True,False,Obesity_Type_II
1.0516812323453906,1.326844348320265,1.4652193804138156,False,True,False,True,False,True,False,True,False,False,False,True,False,False,False,True,False,True,False,False,True,False,False,True,False,False,False,False,True,False,Obesity_Type_II
1.0516812323453906,1.7184602976503305,1.5211916858730474,False,True,False,True,False,True,False,False,True,False,False,True,False,False,False,True,False,True,False,False,True,False,False,False,True,False,False,False,True,False,Obesity_Type_II
0.10762776041862093,0.6679656021122602,1.011405069025786,False,True,False,True,False,True,True,False,False,False,False,True,False,False,False,True,False,True,False,False,False,True,False,True,False,False,False,False,True,False,Obesity_Type_II
0.10762776041862093,0.6415083969181353,1.0024506183511377,False,True,False,True,False,True,True,False,False,False,False,True,False,False,False,True,False,True,False,False,True,False,False,True,False,False,False,False,True,False,Obesity_Type_II
0.10762776041862093,0.7543481626690948,1.0495288130998364,False,True,False,True,False,True,False,True,False,False,False,True,False,False,False,True,False,True,False,False,False,True,False,True,False,False,False,False,True,False,Obesity_Type_II
0.10762776041862093,0.7519039800174482,1.0471188807609084,False,True,False,True,False,True,False,True,False,False,False,True,False,False,False,True,False,True,False,False,False,True,False,True,False,False,False,False,True,False,Obesity_Type_II
0.2649700057397492,1.038805998903343,1.1971461052842127,False,True,False,True,False,True,False,True,False,False,False,True,False,False,False,True,False,True,False,False,True,False,False,True,False,False,False,False,True,False,Obesity_Type_II
0.10762776041862093,0.9316693260062223,1.1939404874058337,False,True,False,True,False,True,False,True,False,False,False,True,False,False,False,True,False,True,False,False,True,False,False,True,False,False,False,False,True,False,Obesity_Type_II
0.10762776041862093,1.088407898592653,1.2124096720548327,False,True,False,True,False,True,True,False,False,False,False,True,False,False,False,True,False,True,False,False,True,False,False,True,False,False,False,False,True,False,Obesity_Type_II
0.10762776041862093,1.4462984153697542,1.2141142760410781,False,True,False,True,False,True,False,True,False,False,False,True,False,False,False,True,False,True,False,False,True,False,False,True,False,False,False,False,True,False,Obesity_Type_II
1.99573470427216,0.6565379762058832,1.2150361408472614,False,True,False,True,False,True,False,True,False,False,False,True,False,False,False,True,False,True,False,False,True,False,False,True,False,False,False,False,True,False,Obesity_Type_II
2.1530769495932884,0.5487152169504077,1.2455775192028142,False,True,False,True,False,True,False,True,False,False,False,True,False,False,False,True,False,True,False,False,True,False,False,False,True,False,False,False,True,False,Obesity_Type_II
2.3104191949144166,0.7135045841481785,1.191760496158005,False,True,False,True,False,True,False,True,False,False,False,True,False,False,False,True,False,True,False,False,True,False,False,True,False,False,False,False,True,False,Obesity_Type_II
2.1530769495932884,0.6990646103246425,1.204845484705272,False,True,False,True,False,True,False,True,False,False,False,True,False,False,False,True,False,True,False,False,True,False,False,True,False,False,False,False,True,False,Obesity_Type_II
0.10762776041862093,-1.052460262062963,0.5519275464867698,False,True,False,True,False,True,False,False,True,True,False,False,False,False,False,True,False,True,False,True,False,False,False,False,False,True,False,False,False,True,Obesity_Type_II
0.42231225106087744,-0.12237372241647432,0.6337552210504233,False,True,False,True,False,True,False,False,True,True,False,False,False,False,False,True,False,True,False,True,False,False,False,False,True,False,False,False,False,True,Obesity_Type_II
1.5237079683087753,0.12036148715021405,0.6373897109522265,False,True,False,True,False,True,False,False,True,False,True,False,False,False,False,True,False,True,False,False,False,True,False,True,False,False,False,False,False,True,Obesity_Type_II
1.3663657229876471,-0.06370261867763662,0.6186299779190588,False,True,False,True,False,True,False,False,True,False,True,False,False,False,False,True,False,True,False,False,False,True,False,True,False,False,False,False,False,True,Obesity_Type_II
-0.049714484902507336,1.3753206375778961,1.3158565829130875,False,True,False,True,False,True,False,False,True,False,False,True,False,False,False,True,False,True,False,False,True,False,False,True,False,False,False,False,True,False,Obesity_Type_II
-0.2070567302236356,1.550261938859475,1.323735721961418,False,True,False,True,False,True,False,False,True,False,False,True,False,False,False,True,False,True,False,False,True,False,False,True,False,False,False,False,True,False,Obesity_Type_II
-0.049714484902507336,0.7858438145574004,1.2410076834775292,False,True,False,True,False,True,False,True,False,False,False,True,False,False,False,True,False,True,False,False,False,True,False,False,True,False,False,False,True,False,Obesity_Type_II
0.10762776041862093,0.9433971146943794,1.2163508646476529,False,True,False,True,False,True,True,False,False,False,False,True,False,False,False,True,False,True,False,False,True,False,False,True,False,False,False,False,True,False,Obesity_Type_II
0.10762776041862093,1.6185918521120517,1.3261119708520228,False,True,False,True,False,True,False,False,True,False,False,True,False,False,False,True,False,True,False,False,True,False,False,True,False,False,False,False,True,False,Obesity_Type_II
-0.049714484902507336,1.8318896688655015,1.332253662642501,False,True,False,True,False,True,False,False,True,False,False,True,False,False,False,True,False,True,False,False,True,False,False,True,False,False,False,False,True,False,Obesity_Type_II
-0.2070567302236356,1.2636064822586157,1.3056873512773444,False,True,False,True,False,True,False,False,True,False,False,True,False,False,False,True,False,True,False,False,False,True,False,True,False,False,False,False,True,False,Obesity_Type_II
-0.2070567302236356,1.2203401612847546,1.2889687893846908,False,True,False,True,False,True,False,False,True,False,False,True,False,False,False,True,False,True,False,False,True,False,False,True,False,False,False,False,True,False,Obesity_Type_II
-0.049714484902507336,-0.9391059315432382,0.5216444842813893,False,True,False,True,False,True,False,False,True,False,True,False,False,False,False,True,False,True,False,False,True,False,False,False,True,False,False,False,False,True,Obesity_Type_II
-0.049714484902507336,-0.9890294342130278,0.5152692615538466,False,True,False,True,False,True,False,False,True,False,True,False,False,False,False,True,False,True,False,False,True,False,False,False,True,False,False,False,False,True,Obesity_Type_II
1.0516812323453906,-0.5519602636418386,0.5558616357673587,False,True,False,True,False,True,False,False,True,False,True,False,False,False,False,True,False,True,False,False,False,True,False,True,False,False,False,False,False,True,Obesity_Type_II
1.0516812323453906,-0.5124352573408899,0.6109550018126008,False,True,False,True,False,True,False,False,True,False,True,False,False,False,False,True,False,True,False,False,True,False,False,False,True,False,False,False,False,True,Obesity_Type_II
-0.6790834661870204,-0.47753061385949724,0.725394555677663,False,True,False,True,False,True,False,False,True,True,False,False,False,False,False,True,False,True,False,True,False,False,False,False,True,False,False,False,False,True,Obesity_Type_II
-0.5217412208658921,-0.6102561639034475,0.5530627397989943,False,True,False,True,False,True,False,False,True,True,False,False,False,False,False,True,False,True,False,True,False,False,False,False,True,False,False,False,False,True,Obesity_Type_II
0.2649700057397492,-0.4386273733208105,0.6773124643234658,False,True,False,True,False,True,False,False,True,True,False,False,False,False,False,True,False,True,False,True,False,False,False,False,True,False,False,False,False,True,Obesity_Type_II
0.42231225106087744,-0.1089950384285195,0.6113859742778137,False,True,False,True,False,True,False,False,True,True,False,False,False,False,False,True,False,True,False,True,False,False,False,False,True,False,False,False,False,True,Obesity_Type_II
0.2649700057397492,-0.9671175511430152,0.5922163113871719,True,False,False,True,False,True,False,False,True,False,False,True,False,False,False,True,False,True,False,True,False,False,False,False,True,False,False,False,True,False,Obesity_Type_III
0.2649700057397492,-1.2531298017829156,0.705348932181387,True,False,False,True,False,True,False,False,True,False,False,True,False,False,False,True,False,True,False,True,False,False,False,False,True,False,False,False,True,False,Obesity_Type_III
-0.993767956829277,0.9723199427388499,1.9581341413076907,True,False,False,True,False,True,False,False,True,False,False,True,False,False,False,True,False,True,False,False,False,True,False,False,True,False,False,False,True,False,Obesity_Type_III
-0.993767956829277,1.0782238042107977,2.4193190175022035,True,False,False,True,False,True,False,False,True,False,False,True,False,False,False,True,False,True,False,False,False,True,False,False,True,False,False,False,True,False,Obesity_Type_III
0.2649700057397492,-0.48623533453114676,0.9679963078922865,True,False,False,True,False,True,False,False,True,False,False,True,False,False,False,True,False,True,False,True,False,False,False,True,False,False,False,False,True,False,Obesity_Type_III
0.2649700057397492,-1.0818226141807554,0.7203448262884108,True,False,False,True,False,True,False,False,True,False,False,True,False,False,False,True,False,True,False,True,False,False,False,True,False,False,False,False,True,False,Obesity_Type_III
0.2649700057397492,-0.24676975526600145,0.7015008082547364,True,False,False,True,False,True,False,False,True,False,False,True,False,False,False,True,False,True,False,True,False,False,False,False,True,False,False,False,True,False,Obesity_Type_III
0.2649700057397492,-0.25166884066864065,0.8903739851187841,True,False,False,True,False,True,False,False,True,False,False,True,False,False,False,True,False,True,False,True,False,False,False,True,False,False,False,False,True,False,Obesity_Type_III
-0.36439897554476386,-0.4936322030821795,1.3220987522007726,True,False,False,True,False,True,False,False,True,False,False,True,False,False,False,True,False,True,False,True,False,False,False,True,False,False,False,False,True,False,Obesity_Type_III
-0.5217412208658921,-0.07209645646815518,1.8017464353392156,True,False,False,True,False,True,False,False,True,False,False,True,False,False,False,True,False,True,False,False,False,True,False,False,True,False,False,False,True,False,Obesity_Type_III
0.2649700057397492,-0.8458839476015372,0.8926364282542869,True,False,False,True,False,True,False,False,True,False,False,True,False,False,False,True,False,True,False,True,False,False,False,True,False,False,False,False,True,False,Obesity_Type_III
0.2649700057397492,-1.2627028505018576,0.9150028489779438,True,False,False,True,False,True,False,False,True,False,False,True,False,False,False,True,False,True,False,True,False,False,False,True,False,False,False,False,True,False,Obesity_Type_III
-0.5217412208658921,0.2933838906482649,1.7163744371112757,True,False,False,True,False,True,False,False,True,False,False,True,False,False,False,True,False,True,False,False,False,True,False,False,True,False,False,False,True,False,Obesity_Type_III
-0.2070567302236356,-0.3972370697330786,1.0647088586669629,True,False,False,True,False,True,False,False,True,False,False,True,False,False,False,True,False,True,False,True,False,False,False,False,True,False,False,False,True,False,Obesity_Type_III
-0.5217412208658921,0.49414991126236046,1.5778818841458437,True,False,False,True,False,True,False,False,True,False,False,True,False,False,False,True,False,True,False,True,False,False,False,False,True,False,False,False,True,False,Obesity_Type_III
-0.5217412208658921,0.3048329567533411,2.501752344908197,True,False,False,True,False,True,False,False,True,False,False,True,False,False,False,True,False,True,False,False,True,False,False,False,True,False,False,False,True,False,Obesity_Type_III
-0.8364257115081487,0.4821326798917717,1.8030983178643445,True,False,False,True,False,True,False,False,True,False,False,True,False,False,False,True,False,True,False,False,True,False,False,False,True,False,False,False,True,False,Obesity_Type_III
-0.049714484902507336,0.18961332894683292,1.0664698690627008,True,False,False,True,False,True,False,False,True,False,False,True,False,False,False,True,False,True,False,True,False,False,False,False,True,False,False,False,True,False,Obesity_Type_III
0.2649700057397492,-0.742906673251954,0.9685174084051652,True,False,False,True,False,True,False,False,True,False,False,True,False,False,False,True,False,True,False,True,False,False,False,True,False,False,False,False,True,False,Obesity_Type_III
0.2649700057397492,-0.6336152603856209,0.9655200397826833,True,False,False,True,False,True,False,False,True,False,False,True,False,False,False,True,False,True,False,True,False,False,False,True,False,False,False,False,True,False,Obesity_Type_III
0.2649700057397492,-0.5017258780909155,0.694010976544499,True,False,False,True,False,True,False,False,True,False,False,True,False,False,False,True,False,True,False,True,False,False,False,False,True,False,False,False,True,False,Obesity_Type_III
0.2649700057397492,-0.7944703511221907,0.798038182184226,True,False,False,True,False,True,False,False,True,False,False,True,False,False,False,True,False,True,False,True,False,False,False,True,False,False,False,False,True,False,Obesity_Type_III
-0.5217412208658921,0.3709009290432092,1.693379220495751,True,False,False,True,False,True,False,False,True,False,False,True,False,False,False,True,False,True,False,False,True,False,False,False,True,False,False,False,True,False,Obesity_Type_III
-0.049714484902507336,0.37926260653568006,1.7544781315137046,True,False,False,True,False,True,False,False,True,False,False,True,False,False,False,True,False,True,False,False,True,False,False,False,True,False,False,False,True,False,Obesity_Type_III
0.2649700057397492,-1.294016260701228,0.5887851442505255,True,False,False,True,False,True,False,False,True,False,False,True,False,False,False,True,False,True,False,True,False,False,False,False,True,False,False,False,True,False,Obesity_Type_III
0.2649700057397492,-1.0135784617229755,0.6278716926507152,True,False,False,True,False,True,False,False,True,False,False,True,False,False,False,True,False,True,False,True,False,False,False,False,True,False,False,False,True,False,Obesity_Type_III
-0.993767956829277,1.2852182025468484,2.120163404781802,True,False,False,True,False,True,False,False,True,False,False,True,False,False,False,True,False,True,False,False,False,True,False,False,True,False,False,False,True,False,Obesity_Type_III
-0.993767956829277,1.3512968949360673,2.525666180192595,True,False,False,True,False,True,False,False,True,False,False,True,False,False,False,True,False,True,False,False,False,True,False,False,True,False,False,False,True,False,Obesity_Type_III
0.2649700057397492,-0.48426283625087196,0.970289379288055,True,False,False,True,False,True,False,False,True,False,False,True,False,False,False,True,False,True,False,True,False,False,False,True,False,False,False,False,True,False,Obesity_Type_III
0.2649700057397492,-0.6855755819317808,0.9403450610584335,True,False,False,True,False,True,False,False,True,False,False,True,False,False,False,True,False,True,False,True,False,False,False,True,False,False,False,False,True,False,Obesity_Type_III
0.2649700057397492,-0.3427896851378736,0.6874068056619761,True,False,False,True,False,True,False,False,True,False,False,True,False,False,False,True,False,True,False,True,False,False,False,False,True,False,False,False,True,False,Obesity_Type_III
0.2649700057397492,-0.3534240236924018,0.6938675736550994,True,False,False,True,False,True,False,False,True,False,False,True,False,False,False,True,False,True,False,True,False,False,False,False,True,False,False,False,True,False,Obesity_Type_III
-0.5217412208658921,-0.35414227034880674,1.4557483356286718,True,False,False,True,False,True,False,False,True,False,False,True,False,False,False,True,False,True,False,False,True,False,False,True,False,False,False,False,True,False,Obesity_Type_III
-0.5217412208658921,-0.11860024744551172,1.6491554879481927,True,False,False,True,False,True,False,False,True,False,False,True,False,False,False,True,False,True,False,False,False,True,False,False,True,False,False,False,True,False,Obesity_Type_III
0.2649700057397492,-0.8496681426718482,0.9200043827756056,True,False,False,True,False,True,False,False,True,False,False,True,False,False,False,True,False,True,False,True,False,False,False,True,False,False,False,False,True,False,Obesity_Type_III
0.2649700057397492,-0.6254679848801356,0.925670038077038,True,False,False,True,False,True,False,False,True,False,False,True,False,False,False,True,False,True,False,True,False,False,False,True,False,False,False,False,True,False,Obesity_Type_III
-0.36439897554476386,0.3398876816256215,1.8689654226921493,True,False,False,True,False,True,False,False,True,False,False,True,False,False,False,True,False,True,False,False,False,True,False,False,True,False,False,False,True,False,Obesity_Type_III
-0.5217412208658921,0.4999387649109939,1.7944543506759332,True,False,False,True,False,True,False,False,True,False,False,True,False,False,False,True,False,True,False,False,False,True,False,False,True,False,False,False,True,False,Obesity_Type_III
-0.5217412208658921,1.1929931878446356,1.9913929948699034,True,False,False,True,False,True,False,False,True,False,False,True,False,False,False,True,False,True,False,True,False,False,False,False,True,False,False,False,True,False,Obesity_Type_III
-0.5217412208658921,1.1327140692033986,2.6460233278041954,True,False,False,True,False,True,False,False,True,False,False,True,False,False,False,True,False,True,False,False,True,False,False,False,True,False,False,False,True,False,Obesity_Type_III
-0.993767956829277,0.4713268197476543,1.7979601789707083,True,False,False,True,False,True,False,False,True,False,False,True,False,False,False,True,False,True,False,False,False,True,False,False,True,False,False,False,True,False,Obesity_Type_III
-0.5217412208658921,0.5530354169881836,1.8050957616258003,True,False,False,True,False,True,False,False,True,False,False,True,False,False,False,True,False,True,False,False,True,False,False,False,True,False,False,False,True,False,Obesity_Type_III
0.2649700057397492,-0.7448791715322288,0.9662243370093967,True,False,False,True,False,True,False,False,True,False,False,True,False,False,False,True,False,True,False,True,False,False,False,True,False,False,False,False,True,False,Obesity_Type_III
0.2649700057397492,-0.6494166868265207,0.9636172686611264,True,False,False,True,False,True,False,False,True,False,False,True,False,False,False,True,False,True,False,True,False,False,False,True,False,False,False,False,True,False,Obesity_Type_III
0.2649700057397492,-0.6532437622942279,0.6959139386153095,True,False,False,True,False,True,False,False,True,False,False,True,False,False,False,True,False,True,False,True,False,False,False,False,True,False,False,False,True,False,Obesity_Type_III
0.2649700057397492,-0.8908869246699884,0.700500577874905,True,False,False,True,False,True,False,False,True,False,False,True,False,False,False,True,False,True,False,True,False,False,False,False,True,False,False,False,True,False,Obesity_Type_III
-0.2070567302236356,0.5978025518709501,1.7864843961626244,True,False,False,True,False,True,False,False,True,False,False,True,False,False,False,True,False,True,False,False,True,False,False,False,True,False,False,False,True,False,Obesity_Type_III
-0.6790834661870204,0.6610618581312985,1.8089240268300841,True,False,False,True,False,True,False,False,True,False,False,True,False,False,False,True,False,True,False,False,True,False,False,False,True,False,False,False,True,False,Obesity_Type_III
0.2649700057397492,-0.9818684078476821,0.603452796590735,True,False,False,True,False,True,False,False,True,False,False,True,False,False,False,True,False,True,False,True,False,False,False,False,True,False,False,False,True,False,Obesity_Type_III
0.2649700057397492,-0.3989415655296209,0.6185194946809675,True,False,False,True,False,True,False,False,True,False,False,True,False,False,False,True,False,True,False,True,False,False,False,False,True,False,False,False,True,False,Obesity_Type_III
0.2649700057397492,-1.068283128702562,0.6993818061984842,True,False,False,True,False,True,False,False,True,False,False,True,False,False,False,True,False,True,False,True,False,False,False,False,True,False,False,False,True,False,Obesity_Type_III
0.2649700057397492,-0.7373429416896568,0.7028027384551413,True,False,False,True,False,True,False,False,True,False,False,True,False,False,False,True,False,True,False,True,False,False,False,False,True,False,False,False,True,False,Obesity_Type_III
-0.993767956829277,0.7436066231210727,1.9270178911294662,True,False,False,True,False,True,False,False,True,False,False,True,False,False,False,True,False,True,False,False,False,True,False,False,True,False,False,False,True,False,Obesity_Type_III
-0.36439897554476386,0.9420571022757148,1.954622584535309,True,False,False,True,False,True,False,False,True,False,False,True,False,False,False,True,False,True,False,False,False,True,False,False,True,False,False,False,True,False,Obesity_Type_III
-0.993767956829277,1.072745833443295,2.084409951981648,True,False,False,True,False,True,False,False,True,False,False,True,False,False,False,True,False,True,False,False,False,True,False,False,True,False,False,False,True,False,Obesity_Type_III
-0.6790834661870204,0.9167576678113168,2.497226923979283,True,False,False,True,False,True,False,False,True,False,False,True,False,False,False,True,False,True,False,False,True,False,False,False,True,False,False,False,True,False,Obesity_Type_III
0.2649700057397492,-0.6167954245065337,0.968360409928914,True,False,False,True,False,True,False,False,True,False,False,True,False,False,False,True,False,True,False,True,False,False,False,True,False,False,False,False,True,False,Obesity_Type_III
0.2649700057397492,-0.6252214225951024,0.9552998246962481,True,False,False,True,False,True,False,False,True,False,False,True,False,False,False,True,False,True,False,True,False,False,False,True,False,False,False,False,True,False,Obesity_Type_III
0.2649700057397492,-0.8358499346105717,0.704656397428691,True,False,False,True,False,True,False,False,True,False,False,True,False,False,False,True,False,True,False,True,False,False,False,True,False,False,False,False,True,False,Obesity_Type_III
0.2649700057397492,-0.9759723532055548,0.7194003149007593,True,False,False,True,False,True,False,False,True,False,False,True,False,False,False,True,False,True,False,True,False,False,False,False,True,False,False,False,True,False,Obesity_Type_III
0.2649700057397492,-0.7738448799740955,0.6970797219979491,True,False,False,True,False,True,False,False,True,False,False,True,False,False,False,True,False,True,False,True,False,False,False,False,True,False,False,False,True,False,Obesity_Type_III
0.10762776041862093,-0.1812699482416459,0.6963963909992734,True,False,False,True,False,True,False,False,True,False,False,True,False,False,False,True,False,True,False,True,False,False,False,False,True,False,False,False,True,False,Obesity_Type_III
0.2649700057397492,-0.3938280781399939,0.9293924792050161,True,False,False,True,False,True,False,False,True,False,False,True,False,False,False,True,False,True,False,True,False,False,False,True,False,False,False,False,True,False,Obesity_Type_III
0.2649700057397492,-0.49346068149259015,0.9024751267321729,True,False,False,True,False,True,False,False,True,False,False,True,False,False,False,True,False,True,False,True,False,False,False,True,False,False,False,False,True,False,Obesity_Type_III
-0.8364257115081487,-0.38038507355594603,1.4596088330669512,True,False,False,True,False,True,False,False,True,False,False,True,False,False,False,True,False,True,False,False,True,False,False,False,True,False,False,False,True,False,Obesity_Type_III
-0.5217412208658921,0.06250511096192679,1.3472717832426362,True,False,False,True,False,True,False,False,True,False,False,True,False,False,False,True,False,True,False,False,True,False,False,False,True,False,False,False,True,False,Obesity_Type_III
-0.36439897554476386,0.5627692671973666,1.8024806352190315,True,False,False,True,False,True,False,False,True,False,False,True,False,False,False,True,False,True,False,False,True,False,False,False,True,False,False,False,True,False,Obesity_Type_III
-0.5217412208658921,0.13416897511214215,1.7292622514593499,True,False,False,True,False,True,False,False,True,False,False,True,False,False,False,True,False,True,False,False,False,True,False,False,True,False,False,False,True,False,Obesity_Type_III
0.2649700057397492,-0.8285281067549851,0.894504752130507,True,False,False,True,False,True,False,False,True,False,False,True,False,False,False,True,False,True,False,True,False,False,False,True,False,False,False,False,True,False,Obesity_Type_III
0.2649700057397492,-0.673665551554686,0.9312373927027541,True,False,False,True,False,True,False,False,True,False,False,True,False,False,False,True,False,True,False,True,False,False,False,True,False,False,False,False,True,False,Obesity_Type_III
0.2649700057397492,-0.862242819208601,0.9425742408339717,True,False,False,True,False,True,False,False,True,False,False,True,False,False,False,True,False,True,False,True,False,False,False,True,False,False,False,False,True,False,Obesity_Type_III
0.2649700057397492,-0.837918913784992,0.893416685094053,True,False,False,True,False,True,False,False,True,False,False,True,False,False,False,True,False,True,False,True,False,False,False,True,False,False,False,False,True,False,Obesity_Type_III
-0.5217412208658921,0.37024700298290203,1.739910154683837,True,False,False,True,False,True,False,False,True,False,False,True,False,False,False,True,False,True,False,False,False,True,False,False,True,False,False,False,True,False,Obesity_Type_III
-0.36439897554476386,0.3352565987067147,1.7689090449693907,True,False,False,True,False,True,False,False,True,False,False,True,False,False,False,True,False,True,False,False,False,True,False,False,True,False,False,False,True,False,Obesity_Type_III
-0.049714484902507336,-0.11071025432441266,1.0652920558770884,True,False,False,True,False,True,False,False,True,False,False,True,False,False,False,True,False,True,False,True,False,False,False,False,True,False,False,False,True,False,Obesity_Type_III
-0.049714484902507336,-0.714123206499025,1.0193379030042087,True,False,False,True,False,True,False,False,True,False,False,True,False,False,False,True,False,True,False,True,False,False,False,True,False,False,False,False,True,False,Obesity_Type_III
-0.993767956829277,0.47579710117632257,1.59157516063515,True,False,False,True,False,True,False,False,True,False,False,True,False,False,False,True,False,True,False,False,False,True,False,False,True,False,False,False,True,False,Obesity_Type_III
-0.6790834661870204,0.48081410767180416,1.6336744681676558,True,False,False,True,False,True,False,False,True,False,False,True,False,False,False,True,False,True,False,False,True,False,False,False,True,False,False,False,True,False,Obesity_Type_III
-0.5217412208658921,0.48067474638026253,2.204173171035073,True,False,False,True,False,True,False,False,True,False,False,True,False,False,False,True,False,True,False,False,True,False,False,False,True,False,False,False,True,False,Obesity_Type_III
-0.5217412208658921,0.5300086435858404,2.3946964167785603,True,False,False,True,False,True,False,False,True,False,False,True,False,False,False,True,False,True,False,False,False,True,False,False,True,False,False,False,True,False,Obesity_Type_III
-0.8364257115081487,0.4216927597602963,1.7564738949217304,True,False,False,True,False,True,False,False,True,False,False,True,False,False,False,True,False,True,False,False,True,False,False,False,True,False,False,False,True,False,Obesity_Type_III
-0.36439897554476386,0.5022971867678435,1.8086721647646804,True,False,False,True,False,True,False,False,True,False,False,True,False,False,False,True,False,True,False,False,True,False,False,False,True,False,False,False,True,False,Obesity_Type_III
-0.049714484902507336,-0.0745191989211025,1.0002133423272503,True,False,False,True,False,True,False,False,True,False,False,True,False,False,False,True,False,True,False,True,False,False,False,True,False,False,False,False,True,False,Obesity_Type_III
0.2649700057397492,-0.2911831268702409,1.0041488064424644,True,False,False,True,False,True,False,False,True,False,False,True,False,False,False,True,False,True,False,True,False,False,False,True,False,False,False,False,True,False,Obesity_Type_III
0.2649700057397492,-0.7541091770719947,0.9640607292075201,True,False,False,True,False,True,False,False,True,False,False,True,False,False,False,True,False,True,False,True,False,False,False,True,False,False,False,False,True,False,Obesity_Type_III
0.2649700057397492,-0.6406262053600765,0.9655513936501127,True,False,False,True,False,True,False,False,True,False,False,True,False,False,False,True,False,True,False,True,False,False,False,True,False,False,False,False,True,False,Obesity_Type_III
0.2649700057397492,-0.6598473434934095,0.9529679906020135,True,False,False,True,False,True,False,False,True,False,False,True,False,False,False,True,False,True,False,True,False,False,False,True,False,False,False,False,True,False,Obesity_Type_III
0.2649700057397492,-0.5627982840840013,0.9672841053664776,True,False,False,True,False,True,False,False,True,False,False,True,False,False,False,True,False,True,False,True,False,False,False,True,False,False,False,False,True,False,Obesity_Type_III
0.2649700057397492,-1.0535001116998475,0.7044442528080213,True,False,False,True,False,True,False,False,True,False,False,True,False,False,False,True,False,True,False,True,False,False,False,False,True,False,False,False,True,False,Obesity_Type_III
0.2649700057397492,-0.6161736587442742,0.7046033899159114,True,False,False,True,False,True,False,False,True,False,False,True,False,False,False,True,False,True,False,True,False,False,False,False,True,False,False,False,True,False,Obesity_Type_III
0.2649700057397492,-0.7800839777954015,0.7748670631163507,True,False,False,True,False,True,False,False,True,False,False,True,False,False,False,True,False,True,False,True,False,False,False,False,True,False,False,False,True,False,Obesity_Type_III
0.2649700057397492,-0.789624866216296,0.827950764647911,True,False,False,True,False,True,False,False,True,False,False,True,False,False,False,True,False,True,False,True,False,False,False,True,False,False,False,False,True,False,Obesity_Type_III
-0.5217412208658921,0.17691001121788694,1.7903671200940137,True,False,False,True,False,True,False,False,True,False,False,True,False,False,False,True,False,True,False,False,True,False,False,False,True,False,False,False,True,False,Obesity_Type_III
-0.5217412208658921,0.07400777756374757,1.7066583280541547,True,False,False,True,False,True,False,False,True,False,False,True,False,False,False,True,False,True,False,False,False,True,False,False,True,False,False,False,True,False,Obesity_Type_III
-0.2070567302236356,0.24983884709132054,1.770275325068235,True,False,False,True,False,True,False,False,True,False,False,True,False,False,False,True,False,True,False,False,True,False,False,False,True,False,False,False,True,False,Obesity_Type_III
-0.2070567302236356,0.41072609812594035,1.79108184314997,True,False,False,True,False,True,False,False,True,False,False,True,False,False,False,True,False,True,False,False,True,False,False,False,True,False,False,False,True,False,Obesity_Type_III
0.2649700057397492,-1.4272134951165476,0.5886607980966283,True,False,False,True,False,True,False,False,True,False,False,True,False,False,False,True,False,True,False,True,False,False,False,False,True,False,False,False,True,False,Obesity_Type_III
0.2649700057397492,-1.3055403675017478,0.5937982495729512,True,False,False,True,False,True,False,False,True,False,False,True,False,False,False,True,False,True,False,True,False,False,False,False,True,False,False,False,True,False,Obesity_Type_III
-0.6790834661870204,0.8687209026270049,2.5981467360366453,True,False,False,True,False,True,False,False,True,False,False,True,False,False,False,True,False,True,False,False,False,True,False,False,True,False,False,False,True,False,Obesity_Type_III
-0.8364257115081487,0.9878212063979696,2.8393883949082386,True,False,False,True,False,True,False,False,True,False,False,True,False,False,False,True,False,True,False,False,False,True,False,False,True,False,False,False,True,False,Obesity_Type_III
0.2649700057397492,-0.45153437293739346,0.9705201223660181,True,False,False,True,False,True,False,False,True,False,False,True,False,False,False,True,False,True,False,True,False,False,False,True,False,False,False,False,True,False,Obesity_Type_III
0.2649700057397492,-0.47015518550716373,0.9688784934435863,True,False,False,True,False,True,False,False,True,False,False,True,False,False,False,True,False,True,False,True,False,False,False,True,False,False,False,False,True,False,Obesity_Type_III
0.2649700057397492,-0.18862393639528013,0.6876584385882751,True,False,False,True,False,True,False,False,True,False,False,True,False,False,False,True,False,True,False,True,False,False,False,False,True,False,False,False,True,False,Obesity_Type_III
0.10762776041862093,-0.1900389895093908,0.6973756551510671,True,False,False,True,False,True,False,False,True,False,False,True,False,False,False,True,False,True,False,True,False,False,False,False,True,False,False,False,True,False,Obesity_Type_III
-0.8364257115081487,0.1591253663973616,1.5679326642400153,True,False,False,True,False,True,False,False,True,False,False,True,False,False,False,True,False,True,False,False,True,False,False,False,True,False,False,False,True,False,Obesity_Type_III
-0.6790834661870204,-0.2242146662350277,1.4830069907972714,True,False,False,True,False,True,False,False,True,False,False,True,False,False,False,True,False,True,False,False,True,False,False,False,True,False,False,False,True,False,Obesity_Type_III
0.2649700057397492,-0.8401808547476983,0.9253936199376306,True,False,False,True,False,True,False,False,True,False,False,True,False,False,False,True,False,True,False,True,False,False,False,True,False,False,False,False,True,False,Obesity_Type_III
0.2649700057397492,-0.7484918450129505,0.924892454526821,True,False,False,True,False,True,False,False,True,False,False,True,False,False,False,True,False,True,False,True,False,False,False,True,False,False,False,False,True,False,Obesity_Type_III
-0.36439897554476386,0.49099820205365974,1.9068417729133287,True,False,False,True,False,True,False,False,True,False,False,True,False,False,False,True,False,True,False,False,False,True,False,False,True,False,False,False,True,False,Obesity_Type_III
-0.5217412208658921,0.8659229566968336,1.9578622677605177,True,False,False,True,False,True,False,False,True,False,False,True,False,False,False,True,False,True,False,False,False,True,False,False,True,False,False,False,True,False,Obesity_Type_III
-0.36439897554476386,1.1598466406565322,2.5132236976935993,True,False,False,True,False,True,False,False,True,False,False,True,False,False,False,True,False,True,False,True,False,False,False,False,True,False,False,False,True,False,Obesity_Type_III
-0.36439897554476386,1.093446345286834,2.828086261351313,True,False,False,True,False,True,False,False,True,False,False,True,False,False,False,True,False,True,False,True,False,False,False,False,True,False,False,False,True,False,Obesity_Type_III
-0.993767956829277,0.47087657557498414,1.7937248863376047,True,False,False,True,False,True,False,False,True,False,False,True,False,False,False,True,False,True,False,False,False,True,False,False,True,False,False,False,True,False,Obesity_Type_III
-0.6790834661870204,0.5291510356378962,1.8047368152190182,True,False,False,True,False,True,False,False,True,False,False,True,False,False,False,True,False,True,False,False,True,False,False,False,True,False,False,False,True,False,Obesity_Type_III
0.2649700057397492,-0.7518043557118897,0.954844296157031,True,False,False,True,False,True,False,False,True,False,False,True,False,False,False,True,False,True,False,True,False,False,False,True,False,False,False,False,True,False,Obesity_Type_III
0.2649700057397492,-0.7050861627475478,0.9541741024669985,True,False,False,True,False,True,False,False,True,False,False,True,False,False,False,True,False,True,False,True,False,False,False,True,False,False,False,False,True,False,Obesity_Type_III
0.2649700057397492,-0.9080176434302042,0.6973527794304941,True,False,False,True,False,True,False,False,True,False,False,True,False,False,False,True,False,True,False,True,False,False,False,False,True,False,False,False,True,False,Obesity_Type_III
0.2649700057397492,-0.7911149600258529,0.7001922712101587,True,False,False,True,False,True,False,False,True,False,False,True,False,False,False,True,False,True,False,True,False,False,False,True,False,False,False,False,True,False,Obesity_Type_III
-0.36439897554476386,0.6698201792996925,1.8064781196517923,True,False,False,True,False,True,False,False,True,False,False,True,False,False,False,True,False,True,False,False,True,False,False,False,True,False,False,False,True,False,Obesity_Type_III
-0.5217412208658921,0.6664647882033548,1.8083587406599395,True,False,False,True,False,True,False,False,True,False,False,True,False,False,False,True,False,True,False,False,True,False,False,False,True,False,False,False,True,False,Obesity_Type_III
0.2649700057397492,-0.995568694816114,0.5918627115594886,True,False,False,True,False,True,False,False,True,False,False,True,False,False,False,True,False,True,False,True,False,False,False,False,True,False,False,False,True,False,Obesity_Type_III
0.2649700057397492,-0.9775589279092547,0.5953375678853426,True,False,False,True,False,True,False,False,True,False,False,True,False,False,False,True,False,True,False,True,False,False,False,False,True,False,False,False,True,False,Obesity_Type_III
0.2649700057397492,-0.8623929005994911,0.7027212795035862,True,False,False,True,False,True,False,False,True,False,False,True,False,False,False,True,False,True,False,True,False,False,False,False,True,False,False,False,True,False,Obesity_Type_III
0.2649700057397492,-0.6355448782684971,0.7027705444109968,True,False,False,True,False,True,False,False,True,False,False,True,False,False,False,True,False,True,False,True,False,False,False,False,True,False,False,False,True,False,Obesity_Type_III
-0.8364257115081487,1.0752864969890823,1.9648093071226758,True,False,False,True,False,True,False,False,True,False,False,True,False,False,False,True,False,True,False,False,True,False,False,False,True,False,False,False,True,False,Obesity_Type_III
-0.36439897554476386,0.921249389438682,1.958077505759094,True,False,False,True,False,True,False,False,True,False,False,True,False,False,False,True,False,True,False,False,False,True,False,False,True,False,False,False,True,False,Obesity_Type_III
-0.6790834661870204,1.069872846817675,2.475895142690942,True,False,False,True,False,True,False,False,True,False,False,True,False,False,False,True,False,True,False,False,False,True,False,False,True,False,False,False,True,False,Obesity_Type_III
-0.993767956829277,1.13524401264984,2.519827944955824,True,False,False,True,False,True,False,False,True,False,False,True,False,False,False,True,False,True,False,False,False,True,False,False,True,False,False,False,True,False,Obesity_Type_III
0.2649700057397492,-0.5526463500001935,0.968250690487837,True,False,False,True,False,True,False,False,True,False,False,True,False,False,False,True,False,True,False,True,False,False,False,True,False,False,False,False,True,False,Obesity_Type_III
0.2649700057397492,-0.5253208167587736,0.9674671875107604,True,False,False,True,False,True,False,False,True,False,False,True,False,False,False,True,False,True,False,True,False,False,False,True,False,False,False,False,True,False,Obesity_Type_III
0.2649700057397492,-0.40784996808890744,0.7078890155315188,True,False,False,True,False,True,False,False,True,False,False,True,False,False,False,True,False,True,False,True,False,False,False,True,False,False,False,False,True,False,Obesity_Type_III
0.2649700057397492,-0.7917796061855109,0.7195949303799555,True,False,False,True,False,True,False,False,True,False,False,True,False,False,False,True,False,True,False,True,False,False,False,False,True,False,False,False,True,False,Obesity_Type_III
0.2649700057397492,-0.3527700976320922,0.6946002841307377,True,False,False,True,False,True,False,False,True,False,False,True,False,False,False,True,False,True,False,True,False,False,False,False,True,False,False,False,True,False,Obesity_Type_III
0.2649700057397492,-0.6386965874771979,0.70195618403455,True,False,False,True,False,True,False,False,True,False,False,True,False,False,False,True,False,True,False,True,False,False,False,False,True,False,False,False,True,False,Obesity_Type_III
0.2649700057397492,-0.47283521034449505,0.8915487431163401,True,False,False,True,False,True,False,False,True,False,False,True,False,False,False,True,False,True,False,True,False,False,False,True,False,False,False,False,True,False,Obesity_Type_III
0.2649700057397492,-0.6278371268363359,0.8907383162945157,True,False,False,True,False,True,False,False,True,False,False,True,False,False,False,True,False,True,False,True,False,False,False,True,False,False,False,False,True,False,Obesity_Type_III
-0.5217412208658921,-0.27995918285150095,1.338673414735967,True,False,False,True,False,True,False,False,True,False,False,True,False,False,False,True,False,True,False,False,True,False,False,False,True,False,False,False,True,False,Obesity_Type_III
-0.2070567302236356,-0.4316164283463525,1.304647594402033,True,False,False,True,False,True,False,False,True,False,False,True,False,False,False,True,False,True,False,True,False,False,False,False,True,False,False,False,True,False,Obesity_Type_III
-0.5217412208658921,0.12280566980186063,1.8006450018550149,True,False,False,True,False,True,False,False,True,False,False,True,False,False,False,True,False,True,False,False,False,True,False,False,True,False,False,False,True,False,Obesity_Type_III
-0.5217412208658921,0.19534858209871947,1.8063789024196588,True,False,False,True,False,True,False,False,True,False,False,True,False,False,False,True,False,True,False,False,False,True,False,False,True,False,False,False,True,False,Obesity_Type_III
0.2649700057397492,-0.8466343545559899,0.8935139546438006,True,False,False,True,False,True,False,False,True,False,False,True,False,False,False,True,False,True,False,True,False,False,False,True,False,False,False,False,True,False,Obesity_Type_III
0.2649700057397492,-0.849132137704381,0.9094832316656096,True,False,False,True,False,True,False,False,True,False,False,True,False,False,False,True,False,True,False,True,False,False,False,True,False,False,False,False,True,False,Obesity_Type_III
0.2649700057397492,-0.8877352154612876,0.9238633908097069,True,False,False,True,False,True,False,False,True,False,False,True,False,False,False,True,False,True,False,True,False,False,False,True,False,False,False,False,True,False,Obesity_Type_III
0.2649700057397492,-1.0802896399738025,0.8970371211307968,True,False,False,True,False,True,False,False,True,False,False,True,False,False,False,True,False,True,False,True,False,False,False,True,False,False,False,False,True,False,Obesity_Type_III
-0.5217412208658921,0.31043956871303685,1.7306316249361011,True,False,False,True,False,True,False,False,True,False,False,True,False,False,False,True,False,True,False,False,False,True,False,False,True,False,False,False,True,False,Obesity_Type_III
-0.5217412208658921,0.30060923760970837,1.7296756184033868,True,False,False,True,False,True,False,False,True,False,False,True,False,False,False,True,False,True,False,False,False,True,False,False,True,False,False,False,True,False,Obesity_Type_III
-0.2070567302236356,-0.2573397732244318,1.0649019847419814,True,False,False,True,False,True,False,False,True,False,False,True,False,False,False,True,False,True,False,True,False,False,False,False,True,False,False,False,True,False,Obesity_Type_III
-0.049714484902507336,-0.6877303219009957,1.0433086029763077,True,False,False,True,False,True,False,False,True,False,False,True,False,False,False,True,False,True,False,True,False,False,False,False,True,False,False,False,True,False,Obesity_Type_III
-0.5217412208658921,0.39706869155490465,1.5859520488274035,True,False,False,True,False,True,False,False,True,False,False,True,False,False,False,True,False,True,False,False,True,False,False,False,True,False,False,False,True,False,Obesity_Type_III
-0.5217412208658921,0.42361165754382407,1.6107633074135335,True,False,False,True,False,True,False,False,True,False,False,True,False,False,False,True,False,True,False,False,True,False,False,False,True,False,False,False,True,False,Obesity_Type_III
-0.6790834661870204,0.9771975879427899,2.5147853188788036,True,False,False,True,False,True,False,False,True,False,False,True,False,False,False,True,False,True,False,False,True,False,False,False,True,False,False,False,True,False,Obesity_Type_III
-0.6790834661870204,1.165807015894755,2.506441027448879,True,False,False,True,False,True,False,False,True,False,False,True,False,False,False,True,False,True,False,False,False,True,False,False,True,False,False,False,True,False,Obesity_Type_III
-0.8364257115081487,0.4492970155847993,1.7832855760776705,True,False,False,True,False,True,False,False,True,False,False,True,False,False,False,True,False,True,False,False,True,False,False,False,True,False,False,False,True,False,Obesity_Type_III
-0.6790834661870204,0.49617601003938216,1.8083076426396951,True,False,False,True,False,True,False,False,True,False,False,True,False,False,False,True,False,True,False,False,True,False,False,False,True,False,False,False,True,False,Obesity_Type_III
-0.049714484902507336,0.10487094359044523,1.0229836207221192,True,False,False,True,False,True,False,False,True,False,False,True,False,False,False,True,False,True,False,True,False,False,False,True,False,False,False,False,True,False,Obesity_Type_III
0.10762776041862093,-0.17361579730623156,1.0259766738914708,True,False,False,True,False,True,False,False,True,False,False,True,False,False,False,True,False,True,False,True,False,False,False,True,False,False,False,False,True,False,Obesity_Type_III
0.2649700057397492,-0.669216710324717,0.9677668250793968,True,False,False,True,False,True,False,False,True,False,False,True,False,False,False,True,False,True,False,True,False,False,False,True,False,False,False,False,True,False,Obesity_Type_III
0.2649700057397492,-0.5027014071317045,0.9680017308510872,True,False,False,True,False,True,False,False,True,False,False,True,False,False,False,True,False,True,False,True,False,False,False,True,False,False,False,False,True,False,Obesity_Type_III
0.2649700057397492,-0.6482267557987462,0.9650740968959941,True,False,False,True,False,True,False,False,True,False,False,True,False,False,False,True,False,True,False,True,False,False,False,True,False,False,False,False,True,False,Obesity_Type_III
0.2649700057397492,-0.6272368012727733,0.9665152672920718,True,False,False,True,False,True,False,False,True,False,False,True,False,False,False,True,False,True,False,True,False,False,False,True,False,False,False,False,True,False,Obesity_Type_III
0.2649700057397492,-0.7605626768802861,0.6952267886315631,True,False,False,True,False,True,False,False,True,False,False,True,False,False,False,True,False,True,False,True,False,False,False,False,True,False,False,False,True,False,Obesity_Type_III
0.2649700057397492,-0.5554121356323194,0.6952453488990058,True,False,False,True,False,True,False,False,True,False,False,True,False,False,False,True,False,True,False,True,False,False,False,False,True,False,False,False,True,False,Obesity_Type_III
0.2649700057397492,-0.9444767013172468,0.7800734472731969,True,False,False,True,False,True,False,False,True,False,False,True,False,False,False,True,False,True,False,True,False,False,False,False,True,False,False,False,True,False,Obesity_Type_III
0.2649700057397492,-0.794845554599417,0.7677867793650803,True,False,False,True,False,True,False,False,True,False,False,True,False,False,False,True,False,True,False,True,False,False,False,True,False,False,False,False,True,False,Obesity_Type_III
-0.5217412208658921,0.2672375683352711,1.7254942880293298,True,False,False,True,False,True,False,False,True,False,False,True,False,False,False,True,False,True,False,False,True,False,False,False,True,False,False,False,True,False,Obesity_Type_III
-0.5217412208658921,0.2122434586732505,1.6977762471465925,True,False,False,True,False,True,False,False,True,False,False,True,False,False,False,True,False,True,False,False,False,True,False,False,True,False,False,False,True,False,Obesity_Type_III
-0.049714484902507336,0.44192158723246583,1.7651746886079915,True,False,False,True,False,True,False,False,True,False,False,True,False,False,False,True,False,True,False,False,True,False,False,False,True,False,False,False,True,False,Obesity_Type_III
-0.049714484902507336,0.38201767206845755,1.7789037489874093,True,False,False,True,False,True,False,False,True,False,False,True,False,False,False,True,False,True,False,False,True,False,False,False,True,False,False,False,True,False,Obesity_Type_III
0.2649700057397492,-0.8312081315923164,0.5975713686328159,True,False,False,True,False,True,False,False,True,False,False,True,False,False,False,True,False,True,False,True,False,False,False,False,True,False,False,False,True,False,Obesity_Type_III
0.2649700057397492,-0.6174707907655426,0.599263942816089,True,False,False,True,False,True,False,False,True,False,False,True,False,False,False,True,False,True,False,True,False,False,False,False,True,False,False,False,True,False,Obesity_Type_III
0.2649700057397492,-1.1700811921237193,0.6220550346795926,True,False,False,True,False,True,False,False,True,False,False,True,False,False,False,True,False,True,False,True,False,False,False,False,True,False,False,False,True,False,Obesity_Type_III
0.2649700057397492,-1.0070820815172856,0.6003333350155479,True,False,False,True,False,True,False,False,True,False,False,True,False,False,False,True,False,True,False,True,False,False,False,False,True,False,False,False,True,False,Obesity_Type_III
-0.8364257115081487,1.2391753758415127,2.1131110378113984,True,False,False,True,False,True,False,False,True,False,False,True,False,False,False,True,False,True,False,False,False,True,False,False,True,False,False,False,True,False,Obesity_Type_III
-0.993767956829277,1.147990210776182,2.051022589571811,True,False,False,True,False,True,False,False,True,False,False,True,False,False,False,True,False,True,False,False,False,True,False,False,True,False,False,False,True,False,Obesity_Type_III
-0.6790834661870204,1.2387465718675394,2.512351899781692,True,False,False,True,False,True,False,False,True,False,False,True,False,False,False,True,False,True,False,False,False,True,False,False,True,False,False,False,True,False,Obesity_Type_III
-0.993767956829277,1.265514659942795,2.470595919007031,True,False,False,True,False,True,False,False,True,False,False,True,False,False,False,True,False,True,False,False,False,True,False,False,True,False,False,False,True,False,Obesity_Type_III
0.2649700057397492,-0.48468092012549446,0.9686440841399555,True,False,False,True,False,True,False,False,True,False,False,True,False,False,False,True,False,True,False,True,False,False,False,True,False,False,False,False,True,False,Obesity_Type_III
0.2649700057397492,-0.5738935869105505,0.968649468908905,True,False,False,True,False,True,False,False,True,False,False,True,False,False,False,True,False,True,False,True,False,False,False,True,False,False,False,False,True,False,Obesity_Type_III
0.2649700057397492,-0.8466129143572906,0.9406211354891848,True,False,False,True,False,True,False,False,True,False,False,True,False,False,False,True,False,True,False,True,False,False,False,True,False,False,False,False,True,False,Obesity_Type_III
0.2649700057397492,-0.6546909757063862,0.9337732751693086,True,False,False,True,False,True,False,False,True,False,False,True,False,False,False,True,False,True,False,True,False,False,False,True,False,False,False,False,True,False,Obesity_Type_III
0.10762776041862093,-0.19484159401788692,0.6940464931056551,True,False,False,True,False,True,False,False,True,False,False,True,False,False,False,True,False,True,False,True,False,False,False,False,True,False,False,False,True,False,Obesity_Type_III
0.2649700057397492,-0.34988639090712625,0.687717900185824,True,False,False,True,False,True,False,False,True,False,False,True,False,False,False,True,False,True,False,True,False,False,False,False,True,False,False,False,True,False,Obesity_Type_III
0.10762776041862093,-0.3002952113171644,0.6919484954672912,True,False,False,True,False,True,False,False,True,False,False,True,False,False,False,True,False,True,False,True,False,False,False,False,True,False,False,False,True,False,Obesity_Type_III
0.2649700057397492,-0.351044161636853,0.6943777900605262,True,False,False,True,False,True,False,False,True,False,False,True,False,False,False,True,False,True,False,True,False,False,False,False,True,False,False,False,True,False,Obesity_Type_III
-0.5217412208658921,-0.007304176000856167,1.5239345955202772,True,False,False,True,False,True,False,False,True,False,False,True,False,False,False,True,False,True,False,False,True,False,False,False,True,False,False,False,True,False,Obesity_Type_III
-0.5217412208658921,0.34748823206429125,1.471515091872189,True,False,False,True,False,True,False,False,True,False,False,True,False,False,False,True,False,True,False,False,True,False,False,True,False,False,False,False,True,False,Obesity_Type_III
-0.5217412208658921,0.07089894875244536,1.6956400596575227,True,False,False,True,False,True,False,False,True,False,False,True,False,False,False,True,False,True,False,False,False,True,False,False,True,False,False,False,True,False,Obesity_Type_III
-0.5217412208658921,0.1588680840129776,1.691240168767878,True,False,False,True,False,True,False,False,True,False,False,True,False,False,False,True,False,True,False,False,False,True,False,False,True,False,False,False,True,False,Obesity_Type_III
0.2649700057397492,-0.8225248511193662,0.9325526893509064,True,False,False,True,False,True,False,False,True,False,False,True,False,False,False,True,False,True,False,True,False,False,False,True,False,False,False,False,True,False,Obesity_Type_III
0.2649700057397492,-1.145993128885795,0.9186519274027166,True,False,False,True,False,True,False,False,True,False,False,True,False,False,False,True,False,True,False,True,False,False,False,True,False,False,False,False,True,False,Obesity_Type_III
0.2649700057397492,-0.8058765368298683,0.9254431521739961,True,False,False,True,False,True,False,False,True,False,False,True,False,False,False,True,False,True,False,True,False,False,False,True,False,False,False,False,True,False,Obesity_Type_III
0.2649700057397492,-0.8265341682760111,0.92484586290896,True,False,False,True,False,True,False,False,True,False,False,True,False,False,False,True,False,True,False,True,False,False,False,True,False,False,False,False,True,False,Obesity_Type_III
-0.36439897554476386,0.29396277601312826,1.842912268350924,True,False,False,True,False,True,False,False,True,False,False,True,False,False,False,True,False,True,False,False,False,True,False,False,True,False,False,False,True,False,Obesity_Type_III
-0.36439897554476386,0.3659053627464269,1.8621607550934218,True,False,False,True,False,True,False,False,True,False,False,True,False,False,False,True,False,True,False,False,False,True,False,False,True,False,False,False,True,False,Obesity_Type_III
-0.5217412208658921,0.5022007058737004,1.8061043937727863,True,False,False,True,False,True,False,False,True,False,False,True,False,False,False,True,False,True,False,False,True,False,False,False,True,False,False,False,True,False,Obesity_Type_III
-0.5217412208658921,0.5067781882958602,1.7978454566591895,True,False,False,True,False,True,False,False,True,False,False,True,False,False,False,True,False,True,False,False,False,True,False,False,True,False,False,False,True,False,Obesity_Type_III
-0.6790834661870204,0.8178754714131732,1.9552809775614743,True,False,False,True,False,True,False,False,True,False,False,True,False,False,False,True,False,True,False,False,False,True,False,False,True,False,False,False,True,False,Obesity_Type_III
-0.5217412208658921,0.4102865740526186,1.8754013290924632,True,False,False,True,False,True,False,False,True,False,False,True,False,False,False,True,False,True,False,False,True,False,False,False,True,False,False,False,True,False,Obesity_Type_III
-0.6790834661870204,1.2348551758037345,2.572998681157143,True,False,False,True,False,True,False,False,True,False,False,True,False,False,False,True,False,True,False,False,False,True,False,False,True,False,False,False,True,False,Obesity_Type_III
-0.5217412208658921,1.0561725598492433,2.6219858337832123,True,False,False,True,False,True,False,False,True,False,False,True,False,False,False,True,False,True,False,False,True,False,False,False,True,False,False,False,True,False,Obesity_Type_III
-0.5217412208658921,0.48018162181019386,1.7971629276473782,True,False,False,True,False,True,False,False,True,False,False,True,False,False,False,True,False,True,False,False,False,True,False,False,True,False,False,False,True,False,Obesity_Type_III
-0.8364257115081487,0.6154799956979815,1.8070503181849147,True,False,False,True,False,True,False,False,True,False,False,True,False,False,False,True,False,True,False,False,True,False,False,False,True,False,False,False,True,False,Obesity_Type_III
-0.5217412208658921,0.545156143966433,1.7961698005797786,True,False,False,True,False,True,False,False,True,False,False,True,False,False,False,True,False,True,False,False,True,False,False,False,True,False,False,False,True,False,Obesity_Type_III
-0.5217412208658921,0.6442313021528628,1.8070448570362634,True,False,False,True,False,True,False,False,True,False,False,True,False,False,False,True,False,True,False,False,True,False,False,False,True,False,False,False,True,False,Obesity_Type_III
0.2649700057397492,-0.7341376319842091,0.9661149612769756,True,False,False,True,False,True,False,False,True,False,False,True,False,False,False,True,False,True,False,True,False,False,False,True,False,False,False,False,True,False,Obesity_Type_III
0.2649700057397492,-0.7260975574722176,0.9679080893371568,True,False,False,True,False,True,False,False,True,False,False,True,False,False,False,True,False,True,False,True,False,False,False,True,False,False,False,False,True,False,Obesity_Type_III
0.2649700057397492,-0.6440244768538104,0.9640976587931525,True,False,False,True,False,True,False,False,True,False,False,True,False,False,False,True,False,True,False,True,False,False,False,True,False,False,False,False,True,False,Obesity_Type_III
0.2649700057397492,-0.6490522034486428,0.9645094217634607,True,False,False,True,False,True,False,False,True,False,False,True,False,False,False,True,False,True,False,True,False,False,False,True,False,False,False,False,True,False,Obesity_Type_III
0.2649700057397492,-0.6802905729525668,0.6959705359740551,True,False,False,True,False,True,False,False,True,False,False,True,False,False,False,True,False,True,False,True,False,False,False,False,True,False,False,False,True,False,Obesity_Type_III
0.2649700057397492,-0.7953708394675334,0.6987190595293389,True,False,False,True,False,True,False,False,True,False,False,True,False,False,False,True,False,True,False,True,False,False,False,True,False,False,False,False,True,False,Obesity_Type_III
0.2649700057397492,-0.9803783140381253,0.7007960909396652,True,False,False,True,False,True,False,False,True,False,False,True,False,False,False,True,False,True,False,True,False,False,False,False,True,False,False,False,True,False,Obesity_Type_III
0.2649700057397492,-0.9035688022002352,0.7037565681663652,True,False,False,True,False,True,False,False,True,False,False,True,False,False,False,True,False,True,False,True,False,False,False,False,True,False,False,False,True,False,Obesity_Type_III
-0.2070567302236356,0.45712268810980294,1.7898220363548933,True,False,False,True,False,True,False,False,True,False,False,True,False,False,False,True,False,True,False,False,True,False,False,False,True,False,False,False,True,False,Obesity_Type_III
-0.2070567302236356,0.5766303556560417,1.7908195934451745,True,False,False,True,False,True,False,False,True,False,False,True,False,False,False,True,False,True,False,False,True,False,False,False,True,False,False,False,True,False,Obesity_Type_III
-0.8364257115081487,0.47960273644533047,1.8010697875644144,True,False,False,True,False,True,False,False,True,False,False,True,False,False,False,True,False,True,False,False,True,False,False,False,True,False,False,False,True,False,Obesity_Type_III
-0.8364257115081487,0.47954913594858356,1.7983831697571238,True,False,False,True,False,True,False,False,True,False,False,True,False,False,False,True,False,True,False,False,False,True,False,False,True,False,False,False,True,False,Obesity_Type_III
0.2649700057397492,-0.9672247521365067,0.602524745028738,True,False,False,True,False,True,False,False,True,False,False,True,False,False,False,True,False,True,False,True,False,False,False,False,True,False,False,False,True,False,Obesity_Type_III
0.2649700057397492,-1.1241562865112262,0.6008935801253992,True,False,False,True,False,True,False,False,True,False,False,True,False,False,False,True,False,True,False,True,False,False,False,False,True,False,False,False,True,False,Obesity_Type_III
0.2649700057397492,-0.9814396038737089,0.6148890529033391,True,False,False,True,False,True,False,False,True,False,False,True,False,False,False,True,False,True,False,True,False,False,False,False,True,False,False,False,True,False,Obesity_Type_III
0.2649700057397492,-0.8422176736240685,0.6098778952632993,True,False,False,True,False,True,False,False,True,False,False,True,False,False,False,True,False,True,False,True,False,False,False,False,True,False,False,False,True,False,Obesity_Type_III
0.2649700057397492,-0.8932989470235873,0.7011565649404756,True,False,False,True,False,True,False,False,True,False,False,True,False,False,False,True,False,True,False,True,False,False,False,False,True,False,False,False,True,False,Obesity_Type_III
0.2649700057397492,-0.9892116759019656,0.6976854130301404,True,False,False,True,False,True,False,False,True,False,False,True,False,False,False,True,False,True,False,True,False,False,False,False,True,False,False,False,True,False,Obesity_Type_III
0.2649700057397492,-0.8576760568857896,0.7152160439081983,True,False,False,True,False,True,False,False,True,False,False,True,False,False,False,True,False,True,False,True,False,False,False,True,False,False,False,False,True,False,Obesity_Type_III
0.2649700057397492,-0.9347214109093644,0.703202891710835,True,False,False,True,False,True,False,False,True,False,False,True,False,False,False,True,False,True,False,True,False,False,False,False,True,False,False,False,True,False,Obesity_Type_III
-0.8364257115081487,0.9376404213437936,1.9712383011600119,True,False,False,True,False,True,False,False,True,False,False,True,False,False,False,True,False,True,False,False,True,False,False,False,True,False,False,False,True,False,Obesity_Type_III
-0.6790834661870204,0.777525017462328,1.968958099743931,True,False,False,True,False,True,False,False,True,False,False,True,False,False,False,True,False,True,False,False,False,True,False,False,True,False,False,False,True,False,Obesity_Type_III
-0.5217412208658921,0.9782695978777243,1.957090680016861,True,False,False,True,False,True,False,False,True,False,False,True,False,False,False,True,False,True,False,False,True,False,False,False,True,False,False,False,True,False,Obesity_Type_III
-0.36439897554476386,0.6140649425838709,1.955585083342643,True,False,False,True,False,True,False,False,True,False,False,True,False,False,False,True,False,True,False,False,False,True,False,False,True,False,False,False,True,False,Obesity_Type_III
-0.993767956829277,1.1334215957604552,2.108590390613822,True,False,False,True,False,True,False,False,True,False,False,True,False,False,False,True,False,True,False,False,False,True,False,False,True,False,False,False,True,False,Obesity_Type_III
-0.8364257115081487,0.5277788629211817,2.137070624536942,True,False,False,True,False,True,False,False,True,False,False,True,False,False,False,True,False,True,False,False,True,False,False,False,True,False,False,False,True,False,Obesity_Type_III
-0.6790834661870204,1.1162372765034925,2.5420475638933695,True,False,False,True,False,True,False,False,True,False,False,True,False,False,False,True,False,True,False,False,True,False,False,False,True,False,False,False,True,False,Obesity_Type_III
-0.5217412208658921,1.016915556032027,2.516238251748898,True,False,False,True,False,True,False,False,True,False,False,True,False,False,False,True,False,True,False,False,True,False,False,False,True,False,False,False,True,False,Obesity_Type_III
0.2649700057397492,-0.7159241831897105,0.9685046529950291,True,False,False,True,False,True,False,False,True,False,False,True,False,False,False,True,False,True,False,True,False,False,False,True,False,False,False,False,True,False,Obesity_Type_III
0.2649700057397492,-0.6662901232023525,0.9684766598344621,True,False,False,True,False,True,False,False,True,False,False,True,False,False,False,True,False,True,False,True,False,False,False,True,False,False,False,False,True,False,Obesity_Type_III
0.2649700057397492,-0.6288448161751725,0.95987057697795,True,False,False,True,False,True,False,False,True,False,False,True,False,False,False,True,False,True,False,True,False,False,False,True,False,False,False,False,True,False,Obesity_Type_III
0.2649700057397492,-0.6413658922151807,0.9584367390332077,True,False,False,True,False,True,False,False,True,False,False,True,False,False,False,True,False,True,False,True,False,False,False,True,False,False,False,False,True,False,Obesity_Type_III
0.2649700057397492,-0.8630789869578483,0.7012284764293546,True,False,False,True,False,True,False,False,True,False,False,True,False,False,False,True,False,True,False,True,False,False,False,True,False,False,False,False,True,False,Obesity_Type_III
0.2649700057397492,-0.6818235471595198,0.7046204607791772,True,False,False,True,False,True,False,False,True,False,False,True,False,False,False,True,False,True,False,True,False,False,False,False,True,False,False,False,True,False,Obesity_Type_III
0.2649700057397492,-0.9895439989817958,0.7187809137121651,True,False,False,True,False,True,False,False,True,False,False,True,False,False,False,True,False,True,False,True,False,False,False,False,True,False,False,False,True,False,Obesity_Type_III
0.2649700057397492,-1.0011967469745089,0.71696212207231,True,False,False,True,False,True,False,False,True,False,False,True,False,False,False,True,False,True,False,True,False,False,False,False,True,False,False,False,True,False,Obesity_Type_III
0.2649700057397492,-0.7743701648422119,0.6969375793736229,True,False,False,True,False,True,False,False,True,False,False,True,False,False,False,True,False,True,False,True,False,False,False,False,True,False,False,False,True,False,Obesity_Type_III
0.2649700057397492,-0.7766964264010161,0.6970551659239456,True,False,False,True,False,True,False,False,True,False,False,True,False,False,False,True,False,True,False,True,False,False,False,False,True,False,False,False,True,False,Obesity_Type_III
0.10762776041862093,-0.23004640028105972,0.6958658957831215,True,False,False,True,False,True,False,False,True,False,False,True,False,False,False,True,False,True,False,True,False,False,False,False,True,False,False,False,True,False,Obesity_Type_III
0.10762776041862093,-0.16770902256475573,0.6945246682263404,True,False,False,True,False,True,False,False,True,False,False,True,False,False,False,True,False,True,False,True,False,False,False,False,True,False,False,False,True,False,Obesity_Type_III
0.2649700057397492,-0.41486091306336303,0.9297109443700505,True,False,False,True,False,True,False,False,True,False,False,True,False,False,False,True,False,True,False,True,False,False,False,True,False,False,False,False,True,False,Obesity_Type_III
0.2649700057397492,-0.284000660306196,0.9179184531300646,True,False,False,True,False,True,False,False,True,False,False,True,False,False,False,True,False,True,False,True,False,False,False,True,False,False,False,False,True,False,Obesity_Type_III
0.2649700057397492,-0.8267056898656004,0.8982188678710318,True,False,False,True,False,True,False,False,True,False,False,True,False,False,False,True,False,True,False,True,False,False,False,True,False,False,False,False,True,False,Obesity_Type_III
0.2649700057397492,-0.8093498490190484,0.897001719139193,True,False,False,True,False,True,False,False,True,False,False,True,False,False,False,True,False,True,False,True,False,False,False,True,False,False,False,False,True,False,Obesity_Type_III
-0.8364257115081487,-0.20457544422707233,1.5597269637783013,True,False,False,True,False,True,False,False,True,False,False,True,False,False,False,True,False,True,False,False,True,False,False,False,True,False,False,False,True,False,Obesity_Type_III
-0.8364257115081487,-0.3465095596120893,1.5085847578769134,True,False,False,True,False,True,False,False,True,False,False,True,False,False,False,True,False,True,False,False,True,False,False,False,True,False,False,False,True,False,Obesity_Type_III
-0.5217412208658921,-0.14254894939189688,1.3482447460690632,True,False,False,True,False,True,False,False,True,False,False,True,False,False,False,True,False,True,False,False,True,False,False,False,True,False,False,False,True,False,Obesity_Type_III
-0.5217412208658921,-0.077595867434357,1.3835027619360143,True,False,False,True,False,True,False,False,True,False,False,True,False,False,False,True,False,True,False,False,True,False,False,False,True,False,False,False,True,False,Obesity_Type_III
-0.36439897554476386,0.5767268365501848,1.8057858140382002,True,False,False,True,False,True,False,False,True,False,False,True,False,False,False,True,False,True,False,False,True,False,False,False,True,False,False,False,True,False,Obesity_Type_III
-0.36439897554476386,0.49771970434568363,1.782433942406935,True,False,False,True,False,True,False,False,True,False,False,True,False,False,False,True,False,True,False,False,False,True,False,False,True,False,False,False,True,False,Obesity_Type_III
-0.5217412208658921,0.19548794339026107,1.7178338240661397,True,False,False,True,False,True,False,False,True,False,False,True,False,False,False,True,False,True,False,False,False,True,False,False,True,False,False,False,True,False,Obesity_Type_III
-0.5217412208658921,0.2348735883996681,1.7316673718770879,True,False,False,True,False,True,False,False,True,False,False,True,False,False,False,True,False,True,False,False,False,True,False,False,True,False,False,False,True,False,Obesity_Type_III
0.2649700057397492,-0.8347243241788926,0.8940505220462144,True,False,False,True,False,True,False,False,True,False,False,True,False,False,False,True,False,True,False,True,False,False,False,True,False,False,False,False,True,False,Obesity_Type_III
0.2649700057397492,-0.8316476556656381,0.8933501201842735,True,False,False,True,False,True,False,False,True,False,False,True,False,False,False,True,False,True,False,True,False,False,False,True,False,False,False,False,True,False,Obesity_Type_III
0.2649700057397492,-0.7364102930462639,0.9383915738151395,True,False,False,True,False,True,False,False,True,False,False,True,False,False,False,True,False,True,False,True,False,False,False,True,False,False,False,False,True,False,Obesity_Type_III
0.2649700057397492,-0.6532008818968317,0.9292960880218354,True,False,False,True,False,True,False,False,True,False,False,True,False,False,False,True,False,True,False,True,False,False,False,True,False,False,False,False,True,False,Obesity_Type_III
0.2649700057397492,-0.7713149365276567,0.9428916748730364,True,False,False,True,False,True,False,False,True,False,False,True,False,False,False,True,False,True,False,True,False,False,False,True,False,False,False,False,True,False,Obesity_Type_III
0.2649700057397492,-0.8312724521884118,0.9526515494990668,True,False,False,True,False,True,False,False,True,False,False,True,False,False,False,True,False,True,False,True,False,False,False,True,False,False,False,False,True,False,Obesity_Type_III
0.2649700057397492,-0.8333735916608774,0.893573950899259,True,False,False,True,False,True,False,False,True,False,False,True,False,False,False,True,False,True,False,True,False,False,False,True,False,False,False,False,True,False,Obesity_Type_III
0.2649700057397492,-1.1615908734390576,0.9005971790135749,True,False,False,True,False,True,False,False,True,False,False,True,False,False,False,True,False,True,False,True,False,False,False,True,False,False,False,False,True,False,Obesity_Type_III
-0.5217412208658921,0.3071913786101907,1.7388004340020333,True,False,False,True,False,True,False,False,True,False,False,True,False,False,False,True,False,True,False,False,False,True,False,False,True,False,False,False,True,False,Obesity_Type_III
-0.5217412208658921,0.20775173704588534,1.7364441965931976,True,False,False,True,False,True,False,False,True,False,False,True,False,False,False,True,False,True,False,False,False,True,False,False,True,False,False,False,True,False,Obesity_Type_III
-0.36439897554476386,0.19406217017680197,1.744378710925052,True,False,False,True,False,True,False,False,True,False,False,True,False,False,False,True,False,True,False,False,False,True,False,False,True,False,False,False,True,False,Obesity_Type_III
-0.36439897554476386,-0.025324663007066223,1.776651120643538,True,False,False,True,False,True,False,False,True,False,False,True,False,False,False,True,False,True,False,False,False,True,False,False,True,False,False,False,True,False,Obesity_Type_III
-0.049714484902507336,-0.2174395634462568,1.065244815031766,True,False,False,True,False,True,False,False,True,False,False,True,False,False,False,True,False,True,False,True,False,False,False,False,True,False,False,False,True,False,Obesity_Type_III
-0.049714484902507336,-0.0456285311746796,1.0653565967247813,True,False,False,True,False,True,False,False,True,False,False,True,False,False,False,True,False,True,False,True,False,False,False,False,True,False,False,False,True,False,Obesity_Type_III
-0.049714484902507336,-0.5462035702912528,1.0383110027332683,True,False,False,True,False,True,False,False,True,False,False,True,False,False,False,True,False,True,False,True,False,False,False,False,True,False,False,False,True,False,Obesity_Type_III
0.10762776041862093,-0.36763887542960155,1.0080780456120142,True,False,False,True,False,True,False,False,True,False,False,True,False,False,False,True,False,True,False,True,False,False,False,True,False,False,False,False,True,False,Obesity_Type_III
-0.8364257115081487,0.47811264263577596,1.608545164504849,True,False,False,True,False,True,False,False,True,False,False,True,False,False,False,True,False,True,False,False,True,False,False,False,True,False,False,False,True,False,Obesity_Type_III
-0.993767956829277,0.362164048073512,1.5356946635770146,True,False,False,True,False,True,False,False,True,False,False,True,False,False,False,True,False,True,False,False,False,True,False,False,True,False,False,False,True,False,Obesity_Type_III
-0.6790834661870204,0.49351742540075016,1.5872484796893076,True,False,False,True,False,True,False,False,True,False,False,True,False,False,False,True,False,True,False,False,True,False,False,False,True,False,False,False,True,False,Obesity_Type_III
-0.6790834661870204,0.1516105767534865,1.637599239124672,True,False,False,True,False,True,False,False,True,False,False,True,False,False,False,True,False,True,False,False,True,False,False,False,True,False,False,False,True,False,Obesity_Type_III
-0.5217412208658921,0.4964440125231146,2.3185107198089017,True,False,False,True,False,True,False,False,True,False,False,True,False,False,False,True,False,True,False,False,True,False,False,False,True,False,False,False,True,False,Obesity_Type_III
-0.6790834661870204,1.2461005600211736,2.1376044422701046,True,False,False,True,False,True,False,False,True,False,False,True,False,False,False,True,False,True,False,False,False,True,False,False,True,False,False,False,True,False,Obesity_Type_III
-0.8364257115081487,1.1435413695462129,2.44149326689711,True,False,False,True,False,True,False,False,True,False,False,True,False,False,False,True,False,True,False,False,False,True,False,False,True,False,False,False,True,False,Obesity_Type_III
-0.5217412208658921,0.40500156507340224,2.436188314735592,True,False,False,True,False,True,False,False,True,False,False,True,False,False,False,True,False,True,False,False,False,True,False,False,True,False,False,False,True,False,Obesity_Type_III
-0.8364257115081487,0.4329274238783846,1.802326500981584,True,False,False,True,False,True,False,False,True,False,False,True,False,False,False,True,False,True,False,False,True,False,False,False,True,False,False,False,True,False,Obesity_Type_III
-0.993767956829277,0.431458770267527,1.7731947482054253,True,False,False,True,False,True,False,False,True,False,False,True,False,False,False,True,False,True,False,False,False,True,False,False,True,False,False,False,True,False,Obesity_Type_III
-0.36439897554476386,0.5294619185190248,1.8048143788058018,True,False,False,True,False,True,False,False,True,False,False,True,False,False,False,True,False,True,False,False,True,False,False,False,True,False,False,False,True,False,Obesity_Type_III
-0.36439897554476386,0.5085684448871972,1.8090162935093894,True,False,False,True,False,True,False,False,True,False,False,True,False,False,False,True,False,True,False,False,True,False,False,False,True,False,False,False,True,False,Obesity_Type_III
-0.049714484902507336,-0.41096951699956047,1.0116922567030924,True,False,False,True,False,True,False,False,True,False,False,True,False,False,False,True,False,True,False,True,False,False,False,True,False,False,False,False,True,False,Obesity_Type_III
0.10762776041862093,-0.3552678807804857,0.9917674277045981,True,False,False,True,False,True,False,False,True,False,False,True,False,False,False,True,False,True,False,True,False,False,False,True,False,False,False,False,True,False,Obesity_Type_III
0.2649700057397492,-0.3508297596498651,0.9800906135223995,True,False,False,True,False,True,False,False,True,False,False,True,False,False,False,True,False,True,False,True,False,False,False,True,False,False,False,False,True,False,Obesity_Type_III
0.2649700057397492,-0.42843255883960407,0.9743207763082421,True,False,False,True,False,True,False,False,True,False,False,True,False,False,False,True,False,True,False,True,False,False,False,True,False,False,False,False,True,False,Obesity_Type_III
0.2649700057397492,-0.7314897674449256,0.9637498638227764,True,False,False,True,False,True,False,False,True,False,False,True,False,False,False,True,False,True,False,True,False,False,False,True,False,False,False,False,True,False,Obesity_Type_III
0.2649700057397492,-0.7360136493703408,0.9653297397566173,True,False,False,True,False,True,False,False,True,False,False,True,False,False,False,True,False,True,False,True,False,False,False,True,False,False,False,False,True,False,Obesity_Type_III
0.2649700057397492,-0.7267193232344771,0.9659005252652634,True,False,False,True,False,True,False,False,True,False,False,True,False,False,False,True,False,True,False,True,False,False,False,True,False,False,False,False,True,False,Obesity_Type_III
0.2649700057397492,-0.6245138960380459,0.9682626057212569,True,False,False,True,False,True,False,False,True,False,False,True,False,False,False,True,False,True,False,True,False,False,False,True,False,False,False,False,True,False,Obesity_Type_III
0.2649700057397492,-0.6554521027601873,0.9535970920126869,True,False,False,True,False,True,False,False,True,False,False,True,False,False,False,True,False,True,False,True,False,False,False,True,False,False,False,False,True,False,Obesity_Type_III
0.2649700057397492,-0.8060909388168561,0.9460009397580854,True,False,False,True,False,True,False,False,True,False,False,True,False,False,False,True,False,True,False,True,False,False,False,True,False,False,False,False,True,False,Obesity_Type_III
0.2649700057397492,-0.5969739608096382,0.967594588852714,True,False,False,True,False,True,False,False,True,False,False,True,False,False,False,True,False,True,False,True,False,False,False,True,False,False,False,False,True,False,Obesity_Type_III
0.2649700057397492,-0.6194647292445166,0.9661450548793317,True,False,False,True,False,True,False,False,True,False,False,True,False,False,False,True,False,True,False,True,False,False,False,True,False,False,False,False,True,False,Obesity_Type_III
0.2649700057397492,-0.8989913197780753,0.7013458338405729,True,False,False,True,False,True,False,False,True,False,False,True,False,False,False,True,False,True,False,True,False,False,False,False,True,False,False,False,True,False,Obesity_Type_III
0.2649700057397492,-0.8064554221947317,0.698627709406451,True,False,False,True,False,True,False,False,True,False,False,True,False,False,False,True,False,True,False,True,False,False,False,False,True,False,False,False,True,False,Obesity_Type_III
0.2649700057397492,-0.8050510891799718,0.7046464680675077,True,False,False,True,False,True,False,False,True,False,False,True,False,False,False,True,False,True,False,True,False,False,False,False,True,False,False,False,True,False,Obesity_Type_III
0.2649700057397492,-1.0205894066974313,0.7014800711658029,True,False,False,True,False,True,False,False,True,False,False,True,False,False,False,True,False,True,False,True,False,False,False,False,True,False,False,False,True,False,Obesity_Type_III
0.2649700057397492,-0.7806628631602649,0.8212325588711809,True,False,False,True,False,True,False,False,True,False,False,True,False,False,False,True,False,True,False,True,False,False,False,True,False,False,False,False,True,False,Obesity_Type_III
0.2649700057397492,-0.7876309277373243,0.7940679653048696,True,False,False,True,False,True,False,False,True,False,False,True,False,False,False,True,False,True,False,True,False,False,False,True,False,False,False,False,True,False,Obesity_Type_III
0.2649700057397492,-0.7847901014097521,0.7879670220850941,True,False,False,True,False,True,False,False,True,False,False,True,False,False,False,True,False,True,False,True,False,False,False,True,False,False,False,False,True,False,Obesity_Type_III
0.2649700057397492,-0.7915544840991746,0.8218953055403261,True,False,False,True,False,True,False,False,True,False,False,True,False,False,False,True,False,True,False,True,False,False,False,True,False,False,False,False,True,False,Obesity_Type_III
-0.5217412208658921,0.24217397605655538,1.773821749174311,True,False,False,True,False,True,False,False,True,False,False,True,False,False,False,True,False,True,False,False,False,True,False,False,True,False,False,False,True,False,Obesity_Type_III
-0.36439897554476386,0.32916758227630105,1.7742196110389616,True,False,False,True,False,True,False,False,True,False,False,True,False,False,False,True,False,True,False,False,False,True,False,False,True,False,False,False,True,False,Obesity_Type_III
-0.5217412208658921,0.27060367953095726,1.7089854266069018,True,False,False,True,False,True,False,False,True,False,False,True,False,False,False,True,False,True,False,False,False,True,False,False,True,False,False,False,True,False,Obesity_Type_III
-0.5217412208658921,0.09704527106544157,1.711763432726929,True,False,False,True,False,True,False,False,True,False,False,True,False,False,False,True,False,True,False,False,False,True,False,False,True,False,False,False,True,False,Obesity_Type_III
-0.36439897554476386,0.5028439118346592,1.8009143930618927,True,False,False,True,False,True,False,False,True,False,False,True,False,False,False,True,False,True,False,False,True,False,False,False,True,False,False,False,True,False,Obesity_Type_III
-0.2070567302236356,0.5416721116779021,1.7988677607727284,True,False,False,True,False,True,False,False,True,False,False,True,False,False,False,True,False,True,False,False,True,False,False,False,True,False,False,False,True,False,Obesity_Type_III
-0.049714484902507336,0.404926524377956,1.7857796788475537,True,False,False,True,False,True,False,False,True,False,False,True,False,False,False,True,False,True,False,False,True,False,False,False,True,False,False,False,True,False,Obesity_Type_III
-0.049714484902507336,0.39834438337747374,1.7905916000364623,True,False,False,True,False,True,False,False,True,False,False,True,False,False,False,True,False,True,False,False,True,False,False,False,True,False,False,False,True,False,Obesity_Type_III
